Brand,Model_Name,Year,Price_USD,Units_Sold_2024,battery_capacity_kwh,range_km,efficiency_wh_per_km,fast_charging_power_kw_dc,Vehicle_ID,efficiency_km_per_kwh
Acura,ZDX (with GM Ultium),2015.0,111203.94,19726.0,,,,,1.0,
Acura,ZDX (with GM Ultium),2023.0,141046.94,1051.0,,,,,5.0,
Acura,ZDX (with GM Ultium),2016.0,104140.23,18076.0,,,,,149.0,
Acura,ZDX (with GM Ultium),2017.0,135971.68,2050.0,,,,,168.0,
Acura,ZDX (with GM Ultium),2021.0,97878.13,1919.0,,,,,203.0,
Acura,ZDX (with GM Ultium),2023.0,32369.01,5017.0,,,,,236.0,
Acura,ZDX (with GM Ultium),2021.0,106970.73,16476.0,,,,,264.0,
Acura,ZDX (with GM Ultium),2020.0,73894.0,11268.0,,,,,305.0,
Acura,ZDX (with GM Ultium),2021.0,129874.05,15186.0,,,,,417.0,
Acura,ZDX (with GM Ultium),2018.0,121435.76,14388.0,,,,,482.0,
Acura,ZDX (with GM Ultium),2022.0,47321.54,3868.0,,,,,492.0,
Acura,ZDX (with GM Ultium),2023.0,93188.57,15287.0,,,,,683.0,
Acura,ZDX (with GM Ultium),2017.0,34620.21,1992.0,,,,,713.0,
Acura,ZDX (with GM Ultium),2017.0,121861.15,5470.0,,,,,721.0,
Acura,ZDX (with GM Ultium),2023.0,68357.14,12781.0,,,,,782.0,
Acura,ZDX (with GM Ultium),2016.0,146922.53,14522.0,,,,,803.0,
Acura,ZDX (with GM Ultium),2018.0,66646.06,5065.0,,,,,804.0,
Acura,ZDX (with GM Ultium),2019.0,69459.56,7954.0,,,,,838.0,
Acura,ZDX (with GM Ultium),2016.0,69285.43,9386.0,,,,,867.0,
Acura,ZDX (with GM Ultium),2025.0,70931.67,8064.0,,,,,899.0,
Acura,ZDX (with GM Ultium),2025.0,129637.0,8543.0,,,,,1077.0,
Acura,ZDX (with GM Ultium),2020.0,30229.32,18499.0,,,,,1285.0,
Acura,ZDX (with GM Ultium),2021.0,140272.08,15858.0,,,,,1302.0,
Acura,ZDX (with GM Ultium),2022.0,128449.36,3318.0,,,,,1328.0,
Acura,ZDX (with GM Ultium),2020.0,61872.12,16069.0,,,,,1331.0,
Acura,ZDX (with GM Ultium),2019.0,130500.15,5965.0,,,,,1382.0,
Acura,ZDX (with GM Ultium),2023.0,64007.22,19566.0,,,,,1492.0,
Acura,ZDX (with GM Ultium),2015.0,109793.25,18584.0,,,,,1580.0,
Acura,ZDX (with GM Ultium),2022.0,33106.84,8993.0,,,,,1595.0,
Acura,ZDX (with GM Ultium),2019.0,54920.21,4652.0,,,,,1656.0,
Acura,ZDX (with GM Ultium),2016.0,126807.74,5597.0,,,,,1765.0,
Acura,ZDX (with GM Ultium),2023.0,40438.27,14042.0,,,,,1788.0,
Acura,ZDX (with GM Ultium),2018.0,96882.3,12706.0,,,,,1832.0,
Acura,ZDX (with GM Ultium),2022.0,132608.64,2360.0,,,,,1954.0,
Acura,ZDX (with GM Ultium),2015.0,102547.12,13495.0,,,,,2044.0,
Acura,ZDX (with GM Ultium),2021.0,41234.44,11743.0,,,,,2074.0,
Acura,ZDX (with GM Ultium),2025.0,79707.73,11636.0,,,,,2188.0,
Acura,ZDX (with GM Ultium),2024.0,79061.75,17806.0,,,,,2190.0,
Acura,ZDX (with GM Ultium),2018.0,79290.79,4222.0,,,,,2191.0,
Acura,ZDX (with GM Ultium),2019.0,134504.74,4760.0,,,,,2200.0,
Acura,ZDX (with GM Ultium),2025.0,66286.07,5848.0,,,,,2241.0,
Acura,ZDX (with GM Ultium),2020.0,106909.17,13675.0,,,,,2403.0,
Acura,ZDX (with GM Ultium),2020.0,99370.06,1756.0,,,,,2468.0,
Acura,ZDX (with GM Ultium),2015.0,120890.93,5079.0,,,,,2471.0,
Acura,ZDX (with GM Ultium),2023.0,145428.02,876.0,,,,,2541.0,
Acura,ZDX (with GM Ultium),2017.0,40443.39,4917.0,,,,,2640.0,
Acura,ZDX (with GM Ultium),2015.0,137538.74,5980.0,,,,,2677.0,
Acura,ZDX (with GM Ultium),2022.0,117907.54,8896.0,,,,,2699.0,
Acura,ZDX (with GM Ultium),2016.0,69408.39,15883.0,,,,,2743.0,
Acura,ZDX (with GM Ultium),2016.0,42219.42,12244.0,,,,,2746.0,
Acura,ZDX (with GM Ultium),2024.0,132857.5,10586.0,,,,,2772.0,
Acura,ZDX (with GM Ultium),2016.0,109200.84,15217.0,,,,,2787.0,
Acura,ZDX (with GM Ultium),2016.0,84519.99,17535.0,,,,,2929.0,
Acura,ZDX (with GM Ultium),2017.0,137232.76,12536.0,,,,,2932.0,
Acura,ZDX (with GM Ultium),2021.0,88645.67,817.0,,,,,2941.0,
Lamborghini,Revuelto (PHEV),2025.0,127131.65,3349.0,,,,,2.0,
Lamborghini,Revuelto (PHEV),2022.0,56591.57,13942.0,,,,,43.0,
Lamborghini,Revuelto (PHEV),2016.0,136755.04,2529.0,,,,,324.0,
Lamborghini,Revuelto (PHEV),2017.0,34937.15,10388.0,,,,,528.0,
Lamborghini,Revuelto (PHEV),2020.0,63113.63,3943.0,,,,,604.0,
Lamborghini,Revuelto (PHEV),2016.0,45263.09,17712.0,,,,,697.0,
Lamborghini,Revuelto (PHEV),2025.0,76170.42,16325.0,,,,,856.0,
Lamborghini,Revuelto (PHEV),2018.0,59342.54,16026.0,,,,,1096.0,
Lamborghini,Revuelto (PHEV),2025.0,146433.67,6988.0,,,,,1383.0,
Lamborghini,Revuelto (PHEV),2020.0,43372.61,5207.0,,,,,1483.0,
Lamborghini,Revuelto (PHEV),2021.0,114772.81,10360.0,,,,,1539.0,
Lamborghini,Revuelto (PHEV),2025.0,54336.36,10106.0,,,,,1664.0,
Lamborghini,Revuelto (PHEV),2017.0,48495.26,19667.0,,,,,1722.0,
Lamborghini,Revuelto (PHEV),2024.0,44042.07,7109.0,,,,,2025.0,
Lamborghini,Revuelto (PHEV),2025.0,102862.66,7799.0,,,,,2072.0,
Lamborghini,Revuelto (PHEV),2022.0,117820.3,16265.0,,,,,2124.0,
Lamborghini,Revuelto (PHEV),2016.0,101376.52,8024.0,,,,,2361.0,
Lamborghini,Revuelto (PHEV),2016.0,87208.29,8199.0,,,,,2448.0,
Lamborghini,Revuelto (PHEV),2015.0,128039.67,16005.0,,,,,2554.0,
Lamborghini,Revuelto (PHEV),2024.0,141657.62,11161.0,,,,,2673.0,
Lamborghini,Revuelto (PHEV),2020.0,90462.37,1682.0,,,,,2883.0,
Lamborghini,Revuelto (PHEV),2016.0,66083.68,2008.0,,,,,2944.0,
NIO,ET7,2020.0,94347.37,6300.0,,,,,3.0,
NIO,ET7,2022.0,52179.46,3670.0,,,,,1038.0,
NIO,ET7,2015.0,147507.02,3686.0,,,,,1386.0,
NIO,ET7,2019.0,80911.55,13634.0,,,,,1709.0,
NIO,ET7,2025.0,68427.68,17070.0,,,,,1984.0,
NIO,ET7,2022.0,48023.85,3900.0,,,,,2109.0,
NIO,ET7,2025.0,112562.4,5893.0,,,,,2470.0,
Audi,e-tron,2025.0,75615.15,2339.0,,,,,4.0,
Audi,e-tron,2024.0,127177.91,3391.0,,,,,89.0,
Audi,e-tron,2024.0,35308.41,18877.0,,,,,140.0,
Audi,e-tron,2017.0,42432.84,6030.0,,,,,687.0,
Audi,e-tron,2019.0,120802.63,13349.0,,,,,1135.0,
Audi,e-tron,2020.0,31954.04,4504.0,,,,,1513.0,
Audi,e-tron,2022.0,66083.61,16542.0,,,,,2053.0,
Audi,e-tron,2024.0,105411.53,16492.0,,,,,2616.0,
Audi,e-tron,2020.0,95301.3,2767.0,,,,,2624.0,
Audi,e-tron,2018.0,139528.87,16115.0,,,,,3009.0,
XPeng,G9,2016.0,89907.75,8609.0,,,,,6.0,
XPeng,G9,2023.0,118144.07,19238.0,,,,,51.0,
XPeng,G9,2025.0,61131.15,11244.0,,,,,228.0,
XPeng,G9,2019.0,133130.01,2624.0,,,,,450.0,
XPeng,G9,2019.0,136658.45,17209.0,,,,,823.0,
XPeng,G9,2025.0,137671.49,1494.0,,,,,1190.0,
XPeng,G9,2024.0,40683.23,10833.0,,,,,1245.0,
XPeng,G9,2025.0,31493.71,9256.0,,,,,1479.0,
XPeng,G9,2017.0,99693.62,15737.0,,,,,1668.0,
XPeng,G9,2016.0,48664.88,16604.0,,,,,1921.0,
XPeng,G9,2018.0,126567.54,12274.0,,,,,2144.0,
XPeng,G9,2019.0,101180.23,5352.0,,,,,2160.0,
XPeng,G9,2015.0,142851.72,7739.0,,,,,2178.0,
XPeng,G9,2021.0,148249.33,10585.0,,,,,2331.0,
XPeng,G9,2023.0,108506.7,9405.0,,,,,2344.0,
XPeng,G9,2017.0,34895.5,6839.0,,,,,2369.0,
XPeng,G9,2022.0,64249.14,12979.0,,,,,2535.0,
XPeng,G9,2025.0,58028.82,18916.0,,,,,2872.0,
XPeng,G9,2023.0,71208.54,16702.0,,,,,2993.0,
XPeng,G9,2020.0,68768.97,5545.0,,,,,3013.0,
Jeep,Recon (upcoming),2024.0,35653.97,12504.0,,,,,7.0,
Jeep,Recon (upcoming),2015.0,74818.21,18634.0,,,,,398.0,
Jeep,Recon (upcoming),2018.0,64123.9,533.0,,,,,661.0,
Jeep,Recon (upcoming),2024.0,112642.7,3625.0,,,,,1140.0,
Jeep,Recon (upcoming),2020.0,86072.39,16497.0,,,,,1421.0,
Jeep,Recon (upcoming),2022.0,143969.6,7877.0,,,,,1802.0,
Jeep,Recon (upcoming),2025.0,127201.44,8940.0,,,,,1816.0,
Jeep,Recon (upcoming),2019.0,88135.2,10659.0,,,,,2263.0,
Jeep,Recon (upcoming),2022.0,112182.68,13877.0,,,,,2422.0,
Jeep,Recon (upcoming),2016.0,96666.78,3912.0,,,,,2528.0,
Jeep,Recon (upcoming),2022.0,105178.61,15742.0,,,,,2956.0,
Changan,Q05,2019.0,94436.44,8630.0,,,,,8.0,
Changan,Q05,2022.0,72467.13,14116.0,,,,,595.0,
Changan,Q05,2025.0,85885.82,17292.0,,,,,814.0,
Changan,Q05,2022.0,109844.81,11908.0,,,,,876.0,
Changan,Q05,2024.0,66033.9,140.0,,,,,985.0,
Changan,Q05,2019.0,63519.37,7350.0,,,,,1006.0,
Changan,Q05,2024.0,142547.47,1423.0,,,,,1289.0,
Changan,Q05,2025.0,65156.08,19822.0,,,,,1296.0,
Changan,Q05,2024.0,104133.11,17944.0,,,,,1357.0,
Changan,Q05,2017.0,40230.37,5759.0,,,,,1365.0,
Changan,Q05,2015.0,141888.71,13258.0,,,,,1497.0,
Changan,Q05,2022.0,62122.16,6632.0,,,,,1644.0,
Changan,Q05,2025.0,51371.76,11965.0,,,,,1809.0,
Changan,Q05,2025.0,110395.96,10491.0,,,,,2761.0,
Changan,Q05,2018.0,45957.47,15079.0,,,,,2828.0,
Changan,Q05,2018.0,44669.85,8428.0,,,,,2945.0,
Changan,Q05,2017.0,124317.19,2310.0,,,,,2976.0,
Citroen,ë-C4,2023.0,90919.55,18.0,,,,,9.0,
Citroen,ë-C4,2015.0,137483.88,14514.0,,,,,310.0,
Citroen,ë-C4,2024.0,59701.25,17212.0,,,,,674.0,
Citroen,ë-C4,2017.0,90798.53,8246.0,,,,,892.0,
Citroen,ë-C4,2016.0,128124.42,19272.0,,,,,893.0,
Citroen,ë-C4,2024.0,113231.94,10572.0,,,,,1443.0,
Citroen,ë-C4,2025.0,61524.98,10596.0,,,,,1557.0,
Citroen,ë-C4,2021.0,124798.03,6777.0,,,,,1634.0,
Citroen,ë-C4,2022.0,84599.27,17211.0,,,,,1902.0,
Citroen,ë-C4,2024.0,96149.9,1455.0,,,,,2088.0,
Citroen,ë-C4,2018.0,99729.71,5317.0,,,,,2235.0,
Citroen,ë-C4,2016.0,74047.32,10178.0,,,,,2268.0,
Citroen,ë-C4,2018.0,55001.14,2371.0,,,,,2308.0,
Citroen,ë-C4,2016.0,35894.12,837.0,,,,,2574.0,
Citroen,ë-C4,2015.0,91832.9,7377.0,,,,,2740.0,
Citroen,ë-C4,2016.0,97224.11,7860.0,,,,,2931.0,
Citroen,ë-C4,2022.0,132330.01,11926.0,,,,,2995.0,
Rimac,Nevera,2015.0,58904.59,17455.0,,,,,10.0,
Rimac,Nevera,2022.0,100970.37,12082.0,,,,,88.0,
Rimac,Nevera,2015.0,66233.5,3873.0,,,,,132.0,
Rimac,Nevera,2022.0,113394.93,11960.0,,,,,161.0,
Rimac,Nevera,2016.0,125481.35,11067.0,,,,,178.0,
Rimac,Nevera,2021.0,50732.44,1981.0,,,,,186.0,
Rimac,Nevera,2016.0,30565.62,4240.0,,,,,232.0,
Rimac,Nevera,2017.0,94444.31,7158.0,,,,,259.0,
Rimac,Nevera,2022.0,73739.21,14290.0,,,,,269.0,
Rimac,Nevera,2018.0,53959.98,11666.0,,,,,292.0,
Rimac,Nevera,2017.0,66047.19,13648.0,,,,,325.0,
Rimac,Nevera,2016.0,130930.82,15586.0,,,,,429.0,
Rimac,Nevera,2015.0,124922.32,5171.0,,,,,452.0,
Rimac,Nevera,2017.0,141148.45,10339.0,,,,,460.0,
Rimac,Nevera,2021.0,101640.55,10431.0,,,,,501.0,
Rimac,Nevera,2019.0,110472.15,10905.0,,,,,569.0,
Rimac,Nevera,2021.0,105772.93,10564.0,,,,,649.0,
Rimac,Nevera,2020.0,97396.87,19919.0,,,,,659.0,
Rimac,Nevera,2025.0,69184.87,1020.0,,,,,715.0,
Rimac,Nevera,2018.0,72238.15,7528.0,,,,,719.0,
Rimac,Nevera,2020.0,125972.57,5304.0,,,,,827.0,
Rimac,Nevera,2024.0,128038.74,3860.0,,,,,828.0,
Rimac,Nevera,2024.0,72014.07,6028.0,,,,,870.0,
Rimac,Nevera,2020.0,96599.49,7501.0,,,,,900.0,
Rimac,Nevera,2021.0,64756.73,7520.0,,,,,910.0,
Rimac,Nevera,2017.0,38433.6,13869.0,,,,,947.0,
Rimac,Nevera,2017.0,41341.95,13053.0,,,,,1063.0,
Rimac,Nevera,2018.0,106010.14,17196.0,,,,,1088.0,
Rimac,Nevera,2019.0,31417.84,9391.0,,,,,1155.0,
Rimac,Nevera,2020.0,71642.94,9257.0,,,,,1188.0,
Rimac,Nevera,2018.0,51146.18,3684.0,,,,,1223.0,
Rimac,Nevera,2018.0,107484.66,12041.0,,,,,1225.0,
Rimac,Nevera,2022.0,71723.78,4185.0,,,,,1306.0,
Rimac,Nevera,2023.0,124718.24,389.0,,,,,1323.0,
Rimac,Nevera,2017.0,58935.73,15542.0,,,,,1324.0,
Rimac,Nevera,2015.0,78255.83,16569.0,,,,,1333.0,
Rimac,Nevera,2021.0,149744.53,10775.0,,,,,1354.0,
Rimac,Nevera,2019.0,119659.99,18266.0,,,,,1491.0,
Rimac,Nevera,2022.0,89057.16,8231.0,,,,,1525.0,
Rimac,Nevera,2020.0,106054.84,12722.0,,,,,1573.0,
Rimac,Nevera,2017.0,114303.75,19171.0,,,,,1579.0,
Rimac,Nevera,2018.0,107201.97,11700.0,,,,,1754.0,
Rimac,Nevera,2025.0,70157.42,14281.0,,,,,1789.0,
Rimac,Nevera,2015.0,67519.3,11747.0,,,,,1877.0,
Rimac,Nevera,2021.0,47681.03,11248.0,,,,,1922.0,
Rimac,Nevera,2025.0,131999.88,11251.0,,,,,1952.0,
Rimac,Nevera,2021.0,123807.42,12022.0,,,,,2022.0,
Rimac,Nevera,2023.0,48192.54,9843.0,,,,,2026.0,
Rimac,Nevera,2015.0,92238.99,3102.0,,,,,2090.0,
Rimac,Nevera,2025.0,97977.4,12583.0,,,,,2182.0,
Rimac,Nevera,2017.0,41804.87,5597.0,,,,,2238.0,
Rimac,Nevera,2022.0,38964.41,11349.0,,,,,2265.0,
Rimac,Nevera,2022.0,121233.69,11634.0,,,,,2425.0,
Rimac,Nevera,2022.0,85193.64,13556.0,,,,,2466.0,
Rimac,Nevera,2021.0,85022.3,3299.0,,,,,2515.0,
Rimac,Nevera,2021.0,129139.34,6690.0,,,,,2517.0,
Rimac,Nevera,2021.0,64777.34,18661.0,,,,,2550.0,
Rimac,Nevera,2022.0,92019.48,19955.0,,,,,2567.0,
Rimac,Nevera,2022.0,123881.73,13335.0,,,,,2604.0,
Rimac,Nevera,2015.0,75986.03,13061.0,,,,,2637.0,
Rimac,Nevera,2020.0,83671.52,11847.0,,,,,2681.0,
Rimac,Nevera,2015.0,99233.98,1565.0,,,,,2742.0,
Rimac,Nevera,2019.0,149516.21,18003.0,,,,,2777.0,
Rimac,Nevera,2024.0,103044.9,18831.0,,,,,2798.0,
Rimac,Nevera,2025.0,68292.46,17970.0,,,,,2836.0,
Rimac,Nevera,2024.0,73134.79,7243.0,,,,,2980.0,
Rimac,Nevera,2025.0,138556.89,8799.0,,,,,2986.0,
Rimac,Nevera,2019.0,104540.55,5589.0,,,,,3001.0,
Volkswagen,ID.Buzz,2022.0,141469.62,16959.0,,,,,11.0,
Volkswagen,ID.Buzz,2021.0,45684.99,14835.0,,,,,196.0,
Volkswagen,ID.Buzz,2018.0,119519.49,13274.0,,,,,627.0,
Volkswagen,ID.Buzz,2020.0,37088.5,9286.0,,,,,1325.0,
Volkswagen,ID.Buzz,2023.0,30961.71,3875.0,,,,,1488.0,
Volkswagen,ID.Buzz,2019.0,85308.27,6756.0,,,,,1726.0,
Volkswagen,ID.Buzz,2022.0,149616.97,3304.0,,,,,2329.0,
Volkswagen,ID.Buzz,2021.0,102435.89,16475.0,,,,,2441.0,
Volkswagen,ID.Buzz,2017.0,68842.48,18039.0,,,,,2584.0,
Volkswagen,ID.Buzz,2021.0,41867.18,18254.0,,,,,2768.0,
Jaguar,I-PACE,2018.0,30862.9,7798.0,,,,,12.0,
Jaguar,I-PACE,2023.0,52509.9,8750.0,,,,,54.0,
Jaguar,I-PACE,2022.0,87899.95,4473.0,,,,,56.0,
Jaguar,I-PACE,2021.0,52418.07,13910.0,,,,,104.0,
Jaguar,I-PACE,2024.0,61863.65,12458.0,,,,,122.0,
Jaguar,I-PACE,2021.0,64515.64,6621.0,,,,,126.0,
Jaguar,I-PACE,2020.0,147006.07,5468.0,,,,,190.0,
Jaguar,I-PACE,2021.0,32904.82,4778.0,,,,,329.0,
Jaguar,I-PACE,2020.0,78695.24,2014.0,,,,,366.0,
Jaguar,I-PACE,2016.0,113478.44,13991.0,,,,,382.0,
Jaguar,I-PACE,2024.0,127382.52,1493.0,,,,,391.0,
Jaguar,I-PACE,2017.0,135210.64,11184.0,,,,,471.0,
Jaguar,I-PACE,2015.0,37440.27,1828.0,,,,,515.0,
Jaguar,I-PACE,2017.0,132174.01,13862.0,,,,,582.0,
Jaguar,I-PACE,2018.0,143045.52,17517.0,,,,,609.0,
Jaguar,I-PACE,2020.0,110188.23,15817.0,,,,,665.0,
Jaguar,I-PACE,2018.0,137406.28,6576.0,,,,,686.0,
Jaguar,I-PACE,2017.0,40830.33,6896.0,,,,,736.0,
Jaguar,I-PACE,2015.0,41348.71,7998.0,,,,,777.0,
Jaguar,I-PACE,2020.0,78514.16,19370.0,,,,,859.0,
Jaguar,I-PACE,2025.0,139297.37,16074.0,,,,,873.0,
Jaguar,I-PACE,2017.0,37795.1,11178.0,,,,,888.0,
Jaguar,I-PACE,2017.0,74001.08,17808.0,,,,,933.0,
Jaguar,I-PACE,2020.0,81818.7,12272.0,,,,,1017.0,
Jaguar,I-PACE,2018.0,101982.62,7900.0,,,,,1036.0,
Jaguar,I-PACE,2021.0,48888.55,2924.0,,,,,1104.0,
Jaguar,I-PACE,2021.0,116600.48,8148.0,,,,,1105.0,
Jaguar,I-PACE,2023.0,33197.45,16023.0,,,,,1114.0,
Jaguar,I-PACE,2015.0,93374.68,3948.0,,,,,1117.0,
Jaguar,I-PACE,2019.0,140356.22,3323.0,,,,,1213.0,
Jaguar,I-PACE,2017.0,103104.33,14806.0,,,,,1319.0,
Jaguar,I-PACE,2021.0,106946.08,7479.0,,,,,1393.0,
Jaguar,I-PACE,2024.0,115476.02,13213.0,,,,,1460.0,
Jaguar,I-PACE,2015.0,55613.29,4203.0,,,,,1505.0,
Jaguar,I-PACE,2025.0,98048.69,16736.0,,,,,1537.0,
Jaguar,I-PACE,2019.0,72055.42,1721.0,,,,,1555.0,
Jaguar,I-PACE,2024.0,46081.57,14268.0,,,,,1560.0,
Jaguar,I-PACE,2024.0,48146.85,6935.0,,,,,1614.0,
Jaguar,I-PACE,2018.0,114169.65,15928.0,,,,,1703.0,
Jaguar,I-PACE,2019.0,72713.54,14177.0,,,,,1716.0,
Jaguar,I-PACE,2022.0,35978.45,1233.0,,,,,1790.0,
Jaguar,I-PACE,2024.0,63161.33,17866.0,,,,,1827.0,
Jaguar,I-PACE,2018.0,118063.09,11485.0,,,,,1880.0,
Jaguar,I-PACE,2024.0,43422.87,12632.0,,,,,1937.0,
Jaguar,I-PACE,2020.0,80148.36,14564.0,,,,,1968.0,
Jaguar,I-PACE,2023.0,97098.09,12024.0,,,,,2016.0,
Jaguar,I-PACE,2023.0,137906.09,19945.0,,,,,2097.0,
Jaguar,I-PACE,2025.0,65064.75,12599.0,,,,,2161.0,
Jaguar,I-PACE,2019.0,63950.12,11912.0,,,,,2173.0,
Jaguar,I-PACE,2017.0,74206.78,2710.0,,,,,2220.0,
Jaguar,I-PACE,2025.0,117721.16,1168.0,,,,,2330.0,
Jaguar,I-PACE,2017.0,110154.9,6126.0,,,,,2339.0,
Jaguar,I-PACE,2021.0,83504.87,17002.0,,,,,2392.0,
Jaguar,I-PACE,2022.0,42511.91,7263.0,,,,,2646.0,
Jaguar,I-PACE,2023.0,82226.05,19278.0,,,,,2694.0,
Jaguar,I-PACE,2023.0,40995.43,15111.0,,,,,2717.0,
Jaguar,I-PACE,2017.0,94168.34,1782.0,,,,,2733.0,
Jaguar,I-PACE,2024.0,99141.6,15377.0,,,,,2807.0,
Jaguar,I-PACE,2020.0,99625.77,10003.0,,,,,2814.0,
Jaguar,I-PACE,2021.0,142875.36,609.0,,,,,2913.0,
Mini,Mini Cooper SE,2018.0,86756.75,15303.0,,,,,13.0,
Mini,Mini Cooper SE,2024.0,113141.48,14555.0,,,,,94.0,
Mini,Mini Cooper SE,2016.0,108903.83,12180.0,,,,,321.0,
Mini,Mini Cooper SE,2019.0,69918.57,6575.0,,,,,383.0,
Mini,Mini Cooper SE,2017.0,90449.61,8532.0,,,,,459.0,
Mini,Mini Cooper SE,2019.0,125809.96,222.0,,,,,852.0,
Mini,Mini Cooper SE,2023.0,76316.48,13168.0,,,,,878.0,
Mini,Mini Cooper SE,2018.0,107268.27,10045.0,,,,,925.0,
Mini,Mini Cooper SE,2023.0,123395.53,9849.0,,,,,970.0,
Mini,Mini Cooper SE,2018.0,53502.73,4407.0,,,,,1016.0,
Mini,Mini Cooper SE,2023.0,125592.29,2719.0,,,,,1086.0,
Mini,Mini Cooper SE,2025.0,44149.68,18082.0,,,,,1130.0,
Mini,Mini Cooper SE,2018.0,143051.48,3975.0,,,,,1249.0,
Mini,Mini Cooper SE,2022.0,34504.78,1537.0,,,,,1259.0,
Mini,Mini Cooper SE,2021.0,142799.82,19574.0,,,,,1303.0,
Mini,Mini Cooper SE,2021.0,99330.14,7745.0,,,,,1575.0,
Mini,Mini Cooper SE,2024.0,120896.17,16228.0,,,,,1665.0,
Mini,Mini Cooper SE,2017.0,116685.03,14340.0,,,,,2004.0,
Mini,Mini Cooper SE,2018.0,108817.41,16547.0,,,,,2078.0,
Mini,Mini Cooper SE,2016.0,33166.75,9120.0,,,,,2210.0,
Mini,Mini Cooper SE,2017.0,122064.88,7467.0,,,,,2264.0,
Mini,Mini Cooper SE,2016.0,144840.21,17429.0,,,,,2290.0,
Mini,Mini Cooper SE,2019.0,39893.78,11723.0,,,,,2313.0,
Mini,Mini Cooper SE,2022.0,30684.38,6965.0,,,,,2362.0,
Mini,Mini Cooper SE,2024.0,48139.06,11399.0,,,,,2642.0,
Mini,Mini Cooper SE,2021.0,58155.3,16198.0,,,,,2692.0,
Mini,Mini Cooper SE,2019.0,149322.93,4416.0,,,,,2697.0,
Mini,Mini Cooper SE,2015.0,57276.58,10843.0,,,,,2795.0,
Mini,Mini Cooper SE,2022.0,138236.83,2245.0,,,,,2878.0,
BMW,iX3,2025.0,43112.28,2470.0,,,,,14.0,
BMW,iX3,2016.0,79702.05,19435.0,,,,,82.0,
BMW,iX3,2020.0,93572.64,5938.0,,,,,853.0,
BMW,iX3,2020.0,64965.15,10324.0,,,,,1035.0,
BMW,iX3,2019.0,76818.53,4090.0,,,,,1075.0,
BMW,iX3,2022.0,59499.59,602.0,,,,,1477.0,
BMW,iX3,2018.0,61475.08,19577.0,,,,,1489.0,
BMW,iX3,2015.0,83204.07,5684.0,,,,,1660.0,
BMW,iX3,2023.0,60034.24,19544.0,,,,,1987.0,
BMW,iX3,2021.0,36458.03,1817.0,,,,,2565.0,
Faraday Future,FF 91,2015.0,141164.04,5394.0,,,,,15.0,
Faraday Future,FF 91,2025.0,46114.93,11235.0,,,,,20.0,
Faraday Future,FF 91,2019.0,133031.19,7304.0,,,,,24.0,
Faraday Future,FF 91,2022.0,59459.42,12418.0,,,,,41.0,
Faraday Future,FF 91,2019.0,88110.14,13065.0,,,,,115.0,
Faraday Future,FF 91,2018.0,39346.45,13137.0,,,,,192.0,
Faraday Future,FF 91,2016.0,81978.77,6132.0,,,,,201.0,
Faraday Future,FF 91,2023.0,53988.29,9671.0,,,,,254.0,
Faraday Future,FF 91,2016.0,107671.11,16798.0,,,,,277.0,
Faraday Future,FF 91,2021.0,66387.74,216.0,,,,,416.0,
Faraday Future,FF 91,2015.0,44747.34,15571.0,,,,,565.0,
Faraday Future,FF 91,2023.0,94595.15,14935.0,,,,,572.0,
Faraday Future,FF 91,2022.0,47120.42,8162.0,,,,,589.0,
Faraday Future,FF 91,2015.0,48184.54,4615.0,,,,,631.0,
Faraday Future,FF 91,2017.0,84576.94,5871.0,,,,,633.0,
Faraday Future,FF 91,2016.0,119993.24,9499.0,,,,,645.0,
Faraday Future,FF 91,2024.0,53402.83,7565.0,,,,,718.0,
Faraday Future,FF 91,2017.0,33360.56,16935.0,,,,,795.0,
Faraday Future,FF 91,2019.0,89718.13,12741.0,,,,,858.0,
Faraday Future,FF 91,2022.0,80459.18,14325.0,,,,,946.0,
Faraday Future,FF 91,2022.0,128661.08,18897.0,,,,,1000.0,
Faraday Future,FF 91,2015.0,52384.63,3753.0,,,,,1199.0,
Faraday Future,FF 91,2017.0,81773.89,17184.0,,,,,1200.0,
Faraday Future,FF 91,2015.0,64300.5,10348.0,,,,,1275.0,
Faraday Future,FF 91,2023.0,126280.05,13805.0,,,,,1350.0,
Faraday Future,FF 91,2020.0,64041.59,9333.0,,,,,1411.0,
Faraday Future,FF 91,2023.0,95127.79,7683.0,,,,,1420.0,
Faraday Future,FF 91,2018.0,134036.35,15463.0,,,,,1570.0,
Faraday Future,FF 91,2025.0,97602.21,14226.0,,,,,1583.0,
Faraday Future,FF 91,2022.0,139788.17,7238.0,,,,,1593.0,
Faraday Future,FF 91,2017.0,133895.84,10352.0,,,,,1625.0,
Faraday Future,FF 91,2023.0,67004.38,19774.0,,,,,1671.0,
Faraday Future,FF 91,2016.0,134272.47,12461.0,,,,,1685.0,
Faraday Future,FF 91,2016.0,53092.66,1342.0,,,,,1686.0,
Faraday Future,FF 91,2022.0,46950.55,5099.0,,,,,1696.0,
Faraday Future,FF 91,2023.0,67161.43,1547.0,,,,,1699.0,
Faraday Future,FF 91,2023.0,63251.3,16676.0,,,,,1781.0,
Faraday Future,FF 91,2017.0,133031.49,6897.0,,,,,1801.0,
Faraday Future,FF 91,2025.0,111222.71,11666.0,,,,,1810.0,
Faraday Future,FF 91,2025.0,128138.36,5120.0,,,,,1873.0,
Faraday Future,FF 91,2015.0,98848.13,3041.0,,,,,1908.0,
Faraday Future,FF 91,2022.0,38916.71,3032.0,,,,,2017.0,
Faraday Future,FF 91,2025.0,95278.98,17396.0,,,,,2112.0,
Faraday Future,FF 91,2020.0,61113.95,7818.0,,,,,2142.0,
Faraday Future,FF 91,2021.0,81825.75,12913.0,,,,,2147.0,
Faraday Future,FF 91,2020.0,90934.75,14811.0,,,,,2168.0,
Faraday Future,FF 91,2016.0,125319.84,11669.0,,,,,2174.0,
Faraday Future,FF 91,2020.0,82424.16,7665.0,,,,,2243.0,
Faraday Future,FF 91,2022.0,130977.7,6279.0,,,,,2272.0,
Faraday Future,FF 91,2018.0,133841.24,798.0,,,,,2283.0,
Faraday Future,FF 91,2021.0,89440.54,462.0,,,,,2452.0,
Faraday Future,FF 91,2020.0,70149.59,5583.0,,,,,2492.0,
Faraday Future,FF 91,2018.0,104328.15,16038.0,,,,,2500.0,
Faraday Future,FF 91,2022.0,112490.97,6906.0,,,,,2606.0,
Faraday Future,FF 91,2025.0,76057.57,1669.0,,,,,2741.0,
Faraday Future,FF 91,2020.0,139737.66,585.0,,,,,2791.0,
Faraday Future,FF 91,2015.0,71288.36,18834.0,,,,,2843.0,
Faraday Future,FF 91,2018.0,97676.93,19315.0,,,,,2880.0,
Faraday Future,FF 91,2020.0,96259.98,1495.0,,,,,2937.0,
Faraday Future,FF 91,2021.0,138825.89,16892.0,,,,,2951.0,
Tesla,Model Y,2019.0,144878.12,18978.0,,,,,16.0,
Tesla,Model Y,2024.0,45894.79,9912.0,,,,,19.0,
Tesla,Model Y,2025.0,120315.14,5036.0,,,,,533.0,
Tesla,Model Y,2017.0,119484.9,6263.0,,,,,642.0,
Tesla,Model Y,2017.0,140170.03,3275.0,,,,,975.0,
Tesla,Model Y,2018.0,126551.18,11694.0,,,,,1010.0,
Tesla,Model Y,2025.0,53579.61,12362.0,,,,,1698.0,
Tesla,Model Y,2024.0,104611.49,17641.0,,,,,1725.0,
Tesla,Model Y,2024.0,135594.57,1591.0,,,,,1843.0,
Tesla,Model Y,2023.0,125753.56,16733.0,,,,,1999.0,
Tesla,Model Y,2015.0,30447.82,3936.0,,,,,2125.0,
Tesla,Model Y,2017.0,132144.16,6322.0,,,,,2495.0,
Tesla,Model Y,2018.0,145270.93,10664.0,,,,,2847.0,
Tesla,Model Y,2023.0,104697.82,2161.0,,,,,2897.0,
Maserati,Grecale Folgore,2020.0,90939.42,3928.0,95.0,400.0,220.0,110.0,17.0,4.2105263157894735
Maserati,Grecale Folgore,2020.0,143953.41,7142.0,95.0,400.0,220.0,110.0,37.0,4.2105263157894735
Maserati,Grecale Folgore,2025.0,49910.73,9964.0,95.0,400.0,220.0,110.0,50.0,4.2105263157894735
Maserati,Grecale Folgore,2017.0,77639.35,18610.0,95.0,400.0,220.0,110.0,129.0,4.2105263157894735
Maserati,Grecale Folgore,2017.0,106313.02,10076.0,95.0,400.0,220.0,110.0,194.0,4.2105263157894735
Maserati,Grecale Folgore,2025.0,80905.13,2363.0,95.0,400.0,220.0,110.0,262.0,4.2105263157894735
Maserati,Grecale Folgore,2019.0,131950.47,18074.0,95.0,400.0,220.0,110.0,271.0,4.2105263157894735
Maserati,Grecale Folgore,2017.0,49368.5,656.0,95.0,400.0,220.0,110.0,737.0,4.2105263157894735
Maserati,Grecale Folgore,2021.0,113958.46,7151.0,95.0,400.0,220.0,110.0,763.0,4.2105263157894735
Maserati,Grecale Folgore,2020.0,98878.2,17615.0,95.0,400.0,220.0,110.0,857.0,4.2105263157894735
Maserati,Grecale Folgore,2016.0,37917.87,17517.0,95.0,400.0,220.0,110.0,989.0,4.2105263157894735
Maserati,Grecale Folgore,2025.0,55414.22,17047.0,95.0,400.0,220.0,110.0,1018.0,4.2105263157894735
Maserati,Grecale Folgore,2017.0,50438.18,16107.0,95.0,400.0,220.0,110.0,1064.0,4.2105263157894735
Maserati,Grecale Folgore,2016.0,95535.01,7590.0,95.0,400.0,220.0,110.0,1065.0,4.2105263157894735
Maserati,Grecale Folgore,2024.0,56446.88,506.0,95.0,400.0,220.0,110.0,1387.0,4.2105263157894735
Maserati,Grecale Folgore,2025.0,49908.47,9158.0,95.0,400.0,220.0,110.0,1409.0,4.2105263157894735
Maserati,Grecale Folgore,2024.0,59671.94,12263.0,95.0,400.0,220.0,110.0,1410.0,4.2105263157894735
Maserati,Grecale Folgore,2025.0,94355.84,5286.0,95.0,400.0,220.0,110.0,1597.0,4.2105263157894735
Maserati,Grecale Folgore,2023.0,145262.08,10215.0,95.0,400.0,220.0,110.0,1767.0,4.2105263157894735
Maserati,Grecale Folgore,2024.0,94968.16,1686.0,95.0,400.0,220.0,110.0,1835.0,4.2105263157894735
Maserati,Grecale Folgore,2025.0,105178.11,15824.0,95.0,400.0,220.0,110.0,1861.0,4.2105263157894735
Maserati,Grecale Folgore,2019.0,94681.79,2927.0,95.0,400.0,220.0,110.0,2039.0,4.2105263157894735
Maserati,Grecale Folgore,2025.0,120145.63,3323.0,95.0,400.0,220.0,110.0,2093.0,4.2105263157894735
Maserati,Grecale Folgore,2018.0,52383.56,1405.0,95.0,400.0,220.0,110.0,2145.0,4.2105263157894735
Maserati,Grecale Folgore,2019.0,140262.98,8495.0,95.0,400.0,220.0,110.0,2302.0,4.2105263157894735
Maserati,Grecale Folgore,2020.0,102689.87,13292.0,95.0,400.0,220.0,110.0,2310.0,4.2105263157894735
Maserati,Grecale Folgore,2021.0,41964.6,145.0,95.0,400.0,220.0,110.0,2399.0,4.2105263157894735
Maserati,Grecale Folgore,2025.0,148196.18,3374.0,95.0,400.0,220.0,110.0,2436.0,4.2105263157894735
Maserati,Grecale Folgore,2021.0,114912.49,11416.0,95.0,400.0,220.0,110.0,2977.0,4.2105263157894735
Polestar,Polestar 2,2024.0,54511.1,10360.0,,,,,18.0,
Polestar,Polestar 2,2022.0,92361.01,14629.0,,,,,514.0,
Polestar,Polestar 2,2018.0,93855.81,7205.0,,,,,671.0,
Polestar,Polestar 2,2021.0,78665.4,8152.0,,,,,1002.0,
Polestar,Polestar 2,2023.0,57468.99,14047.0,,,,,1066.0,
Polestar,Polestar 2,2017.0,85796.8,18440.0,,,,,1866.0,
Polestar,Polestar 2,2023.0,144220.2,2483.0,,,,,2255.0,
Polestar,Polestar 2,2015.0,43816.67,226.0,,,,,2309.0,
Polestar,Polestar 2,2020.0,118818.03,7818.0,,,,,2390.0,
Polestar,Polestar 2,2020.0,126774.65,12199.0,,,,,2521.0,
Polestar,Polestar 2,2015.0,33992.3,2364.0,,,,,2683.0,
Polestar,Polestar 2,2024.0,145609.07,11975.0,,,,,2689.0,
Polestar,Polestar 2,2021.0,93225.72,9332.0,,,,,2906.0,
Polestar,Polestar 2,2025.0,30619.88,10830.0,,,,,2942.0,
Skoda,Elroq (upcoming),2019.0,80829.09,5294.0,,,,,21.0,
Skoda,Elroq (upcoming),2025.0,109606.5,18166.0,,,,,27.0,
Skoda,Elroq (upcoming),2023.0,94471.02,15171.0,,,,,138.0,
Skoda,Elroq (upcoming),2016.0,30520.52,5806.0,,,,,250.0,
Skoda,Elroq (upcoming),2017.0,82482.66,17140.0,,,,,469.0,
Skoda,Elroq (upcoming),2018.0,114709.68,8939.0,,,,,761.0,
Skoda,Elroq (upcoming),2020.0,112414.37,3139.0,,,,,769.0,
Skoda,Elroq (upcoming),2020.0,143402.93,7283.0,,,,,1078.0,
Skoda,Elroq (upcoming),2025.0,131017.74,14503.0,,,,,1232.0,
Skoda,Elroq (upcoming),2024.0,107761.7,3947.0,,,,,1379.0,
Skoda,Elroq (upcoming),2024.0,82140.3,19968.0,,,,,1650.0,
Skoda,Elroq (upcoming),2019.0,80397.0,7272.0,,,,,1882.0,
Skoda,Elroq (upcoming),2017.0,69149.66,638.0,,,,,1934.0,
Skoda,Elroq (upcoming),2016.0,127004.94,13313.0,,,,,2139.0,
Skoda,Elroq (upcoming),2020.0,49347.77,2304.0,,,,,2253.0,
Skoda,Elroq (upcoming),2020.0,142436.39,15334.0,,,,,2266.0,
Skoda,Elroq (upcoming),2016.0,143327.97,4624.0,,,,,2332.0,
Skoda,Elroq (upcoming),2023.0,108563.42,3375.0,,,,,2465.0,
Skoda,Elroq (upcoming),2022.0,80041.32,18840.0,,,,,2501.0,
Skoda,Elroq (upcoming),2020.0,36188.94,10519.0,,,,,2533.0,
Skoda,Elroq (upcoming),2016.0,127009.04,17478.0,,,,,2734.0,
Skoda,Elroq (upcoming),2022.0,74184.35,13976.0,,,,,2857.0,
Skoda,Elroq (upcoming),2023.0,145742.67,6722.0,,,,,2866.0,
Skoda,Elroq (upcoming),2015.0,78257.61,12371.0,,,,,2879.0,
Skoda,Elroq (upcoming),2018.0,53758.94,17563.0,,,,,3007.0,
Geely,Emgrand EV,2021.0,130151.4,11724.0,,,,,22.0,
Geely,Emgrand EV,2019.0,68841.71,17404.0,,,,,315.0,
Geely,Emgrand EV,2015.0,140836.41,4348.0,,,,,357.0,
Geely,Emgrand EV,2021.0,62826.25,555.0,,,,,905.0,
Geely,Emgrand EV,2024.0,49450.75,3686.0,,,,,1098.0,
Geely,Emgrand EV,2025.0,50697.9,14227.0,,,,,1113.0,
Geely,Emgrand EV,2017.0,148379.48,7418.0,,,,,1159.0,
Geely,Emgrand EV,2025.0,131574.88,14438.0,,,,,1707.0,
Geely,Emgrand EV,2021.0,76722.34,2889.0,,,,,1780.0,
Geely,Emgrand EV,2021.0,76469.1,10149.0,,,,,2458.0,
Geely,Emgrand EV,2023.0,90449.46,1955.0,,,,,2475.0,
Geely,Emgrand EV,2022.0,129957.22,9815.0,,,,,2558.0,
Geely,Emgrand EV,2021.0,97228.32,9749.0,,,,,2562.0,
Geely,Emgrand EV,2018.0,110537.2,14405.0,,,,,2671.0,
Geely,Emgrand EV,2019.0,59260.13,18859.0,,,,,2678.0,
Geely,Emgrand EV,2023.0,51901.3,7863.0,,,,,2812.0,
Skoda,Enyaq,2025.0,119937.31,10885.0,,,,,23.0,
Skoda,Enyaq,2015.0,51359.06,12715.0,,,,,263.0,
Skoda,Enyaq,2021.0,48453.06,19470.0,,,,,464.0,
Skoda,Enyaq,2025.0,81253.74,3988.0,,,,,511.0,
Skoda,Enyaq,2023.0,65225.4,16892.0,,,,,594.0,
Skoda,Enyaq,2017.0,127540.21,15081.0,,,,,775.0,
Skoda,Enyaq,2021.0,39150.23,17669.0,,,,,1040.0,
Skoda,Enyaq,2022.0,78610.16,17715.0,,,,,1067.0,
Skoda,Enyaq,2018.0,103913.83,7276.0,,,,,1229.0,
Skoda,Enyaq,2018.0,106199.97,14223.0,,,,,1287.0,
Skoda,Enyaq,2019.0,34446.65,2979.0,,,,,1349.0,
Skoda,Enyaq,2016.0,127075.6,4225.0,,,,,1495.0,
Skoda,Enyaq,2015.0,143361.17,17628.0,,,,,1764.0,
Skoda,Enyaq,2018.0,75627.07,19577.0,,,,,1838.0,
Skoda,Enyaq,2025.0,73988.88,2233.0,,,,,1850.0,
Skoda,Enyaq,2021.0,72617.56,9557.0,,,,,1930.0,
Skoda,Enyaq,2018.0,107033.26,12287.0,,,,,2205.0,
Skoda,Enyaq,2021.0,117109.05,14955.0,,,,,2287.0,
Skoda,Enyaq,2021.0,90063.94,10102.0,,,,,2816.0,
Skoda,Enyaq,2020.0,36238.3,16096.0,,,,,2888.0,
Skoda,Enyaq,2015.0,34774.36,11781.0,,,,,2988.0,
Skoda,Enyaq,2019.0,65753.59,7583.0,,,,,3016.0,
Mini,Mini Electric,2021.0,91128.68,19024.0,,,,,25.0,
Mini,Mini Electric,2016.0,123543.15,8654.0,,,,,239.0,
Mini,Mini Electric,2017.0,67142.2,115.0,,,,,345.0,
Mini,Mini Electric,2022.0,48512.07,15948.0,,,,,370.0,
Mini,Mini Electric,2018.0,35281.5,17750.0,,,,,545.0,
Mini,Mini Electric,2024.0,47794.06,4172.0,,,,,816.0,
Mini,Mini Electric,2016.0,60080.48,8740.0,,,,,826.0,
Mini,Mini Electric,2022.0,132628.07,14073.0,,,,,987.0,
Mini,Mini Electric,2024.0,89051.29,2188.0,,,,,1059.0,
Mini,Mini Electric,2022.0,95225.42,16236.0,,,,,1587.0,
Mini,Mini Electric,2021.0,100409.26,13007.0,,,,,1653.0,
Mini,Mini Electric,2019.0,54090.98,192.0,,,,,1913.0,
Mini,Mini Electric,2022.0,119683.58,781.0,,,,,1916.0,
Mini,Mini Electric,2021.0,84036.26,4351.0,,,,,2071.0,
Mini,Mini Electric,2022.0,138746.77,7134.0,,,,,2260.0,
Mini,Mini Electric,2024.0,115955.9,14172.0,,,,,2350.0,
Mini,Mini Electric,2017.0,32110.5,3471.0,,,,,2482.0,
Mini,Mini Electric,2016.0,68014.73,5825.0,,,,,2486.0,
Mini,Mini Electric,2022.0,92468.58,19103.0,,,,,2665.0,
Chevrolet,Bolt EV,2024.0,148108.3,17036.0,,,,,26.0,
Chevrolet,Bolt EV,2022.0,142070.41,4393.0,,,,,993.0,
Chevrolet,Bolt EV,2019.0,126304.05,973.0,,,,,1599.0,
Chevrolet,Bolt EV,2015.0,124416.65,9204.0,,,,,1905.0,
Chevrolet,Bolt EV,2022.0,31713.78,16371.0,,,,,2478.0,
Chevrolet,Bolt EV,2021.0,60868.22,11669.0,,,,,2776.0,
Chevrolet,Bolt EV,2024.0,67936.44,14947.0,,,,,2920.0,
Lucid Motors,Lucid Gravity,2025.0,66113.98,10559.0,,,,,28.0,
Lucid Motors,Lucid Gravity,2023.0,130787.02,1071.0,,,,,172.0,
Lucid Motors,Lucid Gravity,2021.0,57255.11,2510.0,,,,,703.0,
Lucid Motors,Lucid Gravity,2025.0,62576.83,8390.0,,,,,798.0,
Lucid Motors,Lucid Gravity,2025.0,59493.13,2134.0,,,,,871.0,
Lucid Motors,Lucid Gravity,2022.0,35264.96,14570.0,,,,,932.0,
Lucid Motors,Lucid Gravity,2017.0,64393.34,13630.0,,,,,1473.0,
Lucid Motors,Lucid Gravity,2022.0,30918.69,18236.0,,,,,1600.0,
Lucid Motors,Lucid Gravity,2019.0,142640.58,7777.0,,,,,1915.0,
Lucid Motors,Lucid Gravity,2023.0,68336.99,18718.0,,,,,1928.0,
Lucid Motors,Lucid Gravity,2024.0,86128.31,12748.0,,,,,1946.0,
Lucid Motors,Lucid Gravity,2020.0,146996.23,12744.0,,,,,2062.0,
Lucid Motors,Lucid Gravity,2017.0,30054.61,16862.0,,,,,2231.0,
Lucid Motors,Lucid Gravity,2025.0,50127.75,5831.0,,,,,2365.0,
Lucid Motors,Lucid Gravity,2022.0,107703.04,16880.0,,,,,2498.0,
Geely,Geometry C,2025.0,64054.37,4828.0,,,,,29.0,
Geely,Geometry C,2018.0,147341.1,3003.0,,,,,71.0,
Geely,Geometry C,2024.0,85061.81,7221.0,,,,,290.0,
Geely,Geometry C,2019.0,135951.88,17660.0,,,,,316.0,
Geely,Geometry C,2018.0,103445.98,3135.0,,,,,394.0,
Geely,Geometry C,2022.0,127319.32,7347.0,,,,,468.0,
Geely,Geometry C,2018.0,101941.64,313.0,,,,,506.0,
Geely,Geometry C,2018.0,123331.11,18411.0,,,,,902.0,
Geely,Geometry C,2020.0,59102.0,6039.0,,,,,1145.0,
Geely,Geometry C,2018.0,33684.61,15556.0,,,,,1153.0,
Geely,Geometry C,2024.0,45221.98,8335.0,,,,,1419.0,
Geely,Geometry C,2022.0,90747.84,14514.0,,,,,1506.0,
Geely,Geometry C,2021.0,139942.8,14060.0,,,,,1662.0,
Geely,Geometry C,2020.0,91770.46,18872.0,,,,,1730.0,
Geely,Geometry C,2023.0,136559.93,13329.0,,,,,1770.0,
Geely,Geometry C,2019.0,91408.33,11070.0,,,,,1837.0,
Geely,Geometry C,2018.0,104276.36,16760.0,,,,,2084.0,
Geely,Geometry C,2020.0,122958.34,17177.0,,,,,2143.0,
Geely,Geometry C,2018.0,68994.09,3031.0,,,,,2227.0,
Geely,Geometry C,2021.0,57512.19,421.0,,,,,2435.0,
Geely,Geometry C,2017.0,130182.07,4611.0,,,,,2714.0,
Geely,Geometry C,2023.0,72506.7,6097.0,,,,,2873.0,
Chevrolet,Bolt EUV,2022.0,105571.85,13931.0,,,,,30.0,
Chevrolet,Bolt EUV,2022.0,54812.89,10619.0,,,,,274.0,
Chevrolet,Bolt EUV,2018.0,36544.56,9998.0,,,,,330.0,
Chevrolet,Bolt EUV,2019.0,81638.74,18374.0,,,,,680.0,
Chevrolet,Bolt EUV,2015.0,111883.34,11681.0,,,,,696.0,
Chevrolet,Bolt EUV,2017.0,115656.38,5060.0,,,,,794.0,
Chevrolet,Bolt EUV,2015.0,45744.07,6355.0,,,,,1206.0,
Chevrolet,Bolt EUV,2023.0,142172.56,15512.0,,,,,1501.0,
Chevrolet,Bolt EUV,2023.0,45901.75,10853.0,,,,,1693.0,
Chevrolet,Bolt EUV,2022.0,132097.15,5299.0,,,,,2983.0,
Porsche,Cayenne Electric (upcoming),2015.0,126169.99,16540.0,,,,,31.0,
Porsche,Cayenne Electric (upcoming),2025.0,88757.04,15879.0,,,,,171.0,
Porsche,Cayenne Electric (upcoming),2015.0,87358.68,1951.0,,,,,206.0,
Porsche,Cayenne Electric (upcoming),2021.0,78071.11,8845.0,,,,,296.0,
Porsche,Cayenne Electric (upcoming),2024.0,62310.05,19014.0,,,,,372.0,
Porsche,Cayenne Electric (upcoming),2023.0,124476.63,19703.0,,,,,507.0,
Porsche,Cayenne Electric (upcoming),2022.0,143482.48,7119.0,,,,,539.0,
Porsche,Cayenne Electric (upcoming),2019.0,72144.08,19862.0,,,,,855.0,
Porsche,Cayenne Electric (upcoming),2022.0,127893.74,8211.0,,,,,981.0,
Porsche,Cayenne Electric (upcoming),2018.0,145106.21,9522.0,,,,,1033.0,
Porsche,Cayenne Electric (upcoming),2025.0,53082.92,14510.0,,,,,1271.0,
Porsche,Cayenne Electric (upcoming),2022.0,80426.79,5900.0,,,,,1431.0,
Porsche,Cayenne Electric (upcoming),2015.0,119981.51,18410.0,,,,,1917.0,
Porsche,Cayenne Electric (upcoming),2016.0,137598.53,8560.0,,,,,2611.0,
Porsche,Cayenne Electric (upcoming),2022.0,32604.25,9422.0,,,,,2641.0,
Porsche,Cayenne Electric (upcoming),2015.0,44414.92,10884.0,,,,,2975.0,
Lamborghini,Lanzador (upcoming EV),2017.0,130783.55,9362.0,,,,,32.0,
Lamborghini,Lanzador (upcoming EV),2020.0,116554.12,9060.0,,,,,44.0,
Lamborghini,Lanzador (upcoming EV),2022.0,58027.49,12651.0,,,,,58.0,
Lamborghini,Lanzador (upcoming EV),2016.0,80379.07,538.0,,,,,99.0,
Lamborghini,Lanzador (upcoming EV),2021.0,31169.07,10345.0,,,,,297.0,
Lamborghini,Lanzador (upcoming EV),2020.0,107983.86,14645.0,,,,,299.0,
Lamborghini,Lanzador (upcoming EV),2017.0,43125.84,5121.0,,,,,435.0,
Lamborghini,Lanzador (upcoming EV),2016.0,32234.74,9981.0,,,,,502.0,
Lamborghini,Lanzador (upcoming EV),2017.0,58908.19,957.0,,,,,568.0,
Lamborghini,Lanzador (upcoming EV),2020.0,93341.33,4289.0,,,,,575.0,
Lamborghini,Lanzador (upcoming EV),2016.0,47559.56,3440.0,,,,,587.0,
Lamborghini,Lanzador (upcoming EV),2023.0,38125.02,4224.0,,,,,606.0,
Lamborghini,Lanzador (upcoming EV),2025.0,143759.71,2640.0,,,,,700.0,
Lamborghini,Lanzador (upcoming EV),2021.0,135627.14,17145.0,,,,,746.0,
Lamborghini,Lanzador (upcoming EV),2020.0,95139.44,18077.0,,,,,877.0,
Lamborghini,Lanzador (upcoming EV),2018.0,111029.12,12719.0,,,,,930.0,
Lamborghini,Lanzador (upcoming EV),2018.0,103955.6,4081.0,,,,,949.0,
Lamborghini,Lanzador (upcoming EV),2021.0,39245.7,12089.0,,,,,957.0,
Lamborghini,Lanzador (upcoming EV),2022.0,80986.36,6431.0,,,,,1019.0,
Lamborghini,Lanzador (upcoming EV),2021.0,31722.61,956.0,,,,,1144.0,
Lamborghini,Lanzador (upcoming EV),2020.0,118433.6,13732.0,,,,,1198.0,
Lamborghini,Lanzador (upcoming EV),2016.0,124356.21,1038.0,,,,,1364.0,
Lamborghini,Lanzador (upcoming EV),2015.0,81408.56,16685.0,,,,,1440.0,
Lamborghini,Lanzador (upcoming EV),2018.0,100146.78,11665.0,,,,,1556.0,
Lamborghini,Lanzador (upcoming EV),2024.0,142713.07,10852.0,,,,,1776.0,
Lamborghini,Lanzador (upcoming EV),2023.0,100811.01,3048.0,,,,,1846.0,
Lamborghini,Lanzador (upcoming EV),2023.0,43083.57,12319.0,,,,,1947.0,
Lamborghini,Lanzador (upcoming EV),2017.0,37452.3,991.0,,,,,1996.0,
Lamborghini,Lanzador (upcoming EV),2016.0,136923.23,6618.0,,,,,2050.0,
Lamborghini,Lanzador (upcoming EV),2016.0,86913.93,9612.0,,,,,2140.0,
Lamborghini,Lanzador (upcoming EV),2023.0,103792.59,14837.0,,,,,2179.0,
Lamborghini,Lanzador (upcoming EV),2019.0,149519.96,18892.0,,,,,2184.0,
Lamborghini,Lanzador (upcoming EV),2017.0,91354.71,17998.0,,,,,2244.0,
Lamborghini,Lanzador (upcoming EV),2018.0,83739.72,8075.0,,,,,2376.0,
Lamborghini,Lanzador (upcoming EV),2025.0,70018.84,3419.0,,,,,2383.0,
Lamborghini,Lanzador (upcoming EV),2015.0,78879.86,2351.0,,,,,2427.0,
Lamborghini,Lanzador (upcoming EV),2025.0,149429.51,7034.0,,,,,2447.0,
Lamborghini,Lanzador (upcoming EV),2018.0,90313.64,4476.0,,,,,2451.0,
Lamborghini,Lanzador (upcoming EV),2020.0,148103.98,19009.0,,,,,2864.0,
Lamborghini,Lanzador (upcoming EV),2016.0,49573.14,8050.0,,,,,2912.0,
Toyota,Lexus RZ,2020.0,113273.98,2040.0,,,,,33.0,
Toyota,Lexus RZ,2020.0,65826.7,11309.0,,,,,57.0,
Toyota,Lexus RZ,2017.0,89866.99,17229.0,,,,,202.0,
Toyota,Lexus RZ,2016.0,52733.96,1634.0,,,,,670.0,
Toyota,Lexus RZ,2018.0,132457.76,15969.0,,,,,897.0,
Toyota,Lexus RZ,2025.0,61527.08,15614.0,,,,,917.0,
Toyota,Lexus RZ,2023.0,104705.7,8158.0,,,,,1139.0,
Toyota,Lexus RZ,2019.0,146872.57,427.0,,,,,1205.0,
Toyota,Lexus RZ,2024.0,115315.97,14262.0,,,,,1244.0,
Toyota,Lexus RZ,2022.0,135172.73,5705.0,,,,,1608.0,
Toyota,Lexus RZ,2021.0,72661.41,13049.0,,,,,1851.0,
Toyota,Lexus RZ,2021.0,92624.27,13245.0,,,,,1891.0,
Toyota,Lexus RZ,2021.0,112639.94,10668.0,,,,,2082.0,
Toyota,Lexus RZ,2021.0,47929.64,18961.0,,,,,2110.0,
Toyota,Lexus RZ,2024.0,111842.89,10998.0,,,,,2138.0,
Toyota,Lexus RZ,2017.0,99103.63,18160.0,,,,,2386.0,
Toyota,Lexus RZ,2022.0,90291.01,8957.0,,,,,2723.0,
Toyota,Lexus RZ,2020.0,50283.87,8401.0,,,,,2832.0,
Toyota,Lexus RZ,2023.0,35151.2,13036.0,,,,,2984.0,
Li Auto,MEGA,2024.0,143129.0,7226.0,,,,,34.0,
Li Auto,MEGA,2023.0,101497.74,18486.0,,,,,134.0,
Li Auto,MEGA,2017.0,99318.14,5301.0,,,,,284.0,
Li Auto,MEGA,2015.0,54142.46,3730.0,,,,,352.0,
Li Auto,MEGA,2025.0,30948.27,17839.0,,,,,486.0,
Li Auto,MEGA,2016.0,148237.05,32.0,,,,,503.0,
Li Auto,MEGA,2024.0,67400.02,4830.0,,,,,518.0,
Li Auto,MEGA,2020.0,34659.23,11422.0,,,,,556.0,
Li Auto,MEGA,2015.0,46870.27,9612.0,,,,,684.0,
Li Auto,MEGA,2019.0,96355.88,14868.0,,,,,706.0,
Li Auto,MEGA,2015.0,40469.15,3965.0,,,,,934.0,
Li Auto,MEGA,2016.0,146253.04,13127.0,,,,,1116.0,
Li Auto,MEGA,2018.0,49543.12,2624.0,,,,,1445.0,
Li Auto,MEGA,2020.0,52921.07,5597.0,,,,,1540.0,
Li Auto,MEGA,2019.0,87602.22,2892.0,,,,,1753.0,
Li Auto,MEGA,2015.0,144633.73,19236.0,,,,,2042.0,
Li Auto,MEGA,2020.0,82328.55,15890.0,,,,,2696.0,
Volvo,EX30,2021.0,130860.68,14044.0,,,,,35.0,
Volvo,EX30,2017.0,43585.32,14462.0,,,,,173.0,
Volvo,EX30,2020.0,113553.37,2117.0,,,,,551.0,
Volvo,EX30,2017.0,112573.85,7229.0,,,,,611.0,
Volvo,EX30,2018.0,72780.18,7483.0,,,,,797.0,
Volvo,EX30,2017.0,49202.16,2743.0,,,,,1274.0,
Volvo,EX30,2025.0,93470.93,19024.0,,,,,1310.0,
Volvo,EX30,2024.0,75165.67,618.0,,,,,1391.0,
Volvo,EX30,2020.0,110195.57,7398.0,,,,,1833.0,
Volvo,EX30,2017.0,89006.23,13525.0,,,,,1890.0,
Volvo,EX30,2018.0,119024.29,18387.0,,,,,2489.0,
Volvo,EX30,2025.0,111062.28,16449.0,,,,,2852.0,
Volvo,EX30,2025.0,137131.24,13949.0,,,,,2886.0,
Volvo,EX30,2015.0,119074.24,13137.0,,,,,2965.0,
Changan,SL03,2015.0,121347.56,635.0,,,,,36.0,
Changan,SL03,2022.0,79671.62,13683.0,,,,,146.0,
Changan,SL03,2016.0,100937.82,8084.0,,,,,760.0,
Changan,SL03,2015.0,143487.81,12769.0,,,,,820.0,
Changan,SL03,2025.0,71128.46,10833.0,,,,,969.0,
Changan,SL03,2020.0,127306.22,17140.0,,,,,1320.0,
Changan,SL03,2020.0,141666.25,18350.0,,,,,1363.0,
Changan,SL03,2017.0,126154.66,5372.0,,,,,1499.0,
Changan,SL03,2022.0,38038.16,4607.0,,,,,1826.0,
Changan,SL03,2018.0,59552.8,1653.0,,,,,1870.0,
Changan,SL03,2023.0,31219.1,7479.0,,,,,2009.0,
Changan,SL03,2017.0,85296.88,19050.0,,,,,2014.0,
Changan,SL03,2024.0,33064.13,7667.0,,,,,2485.0,
Changan,SL03,2024.0,47377.26,9265.0,,,,,2635.0,
Changan,SL03,2022.0,87195.83,6722.0,,,,,2754.0,
Changan,SL03,2022.0,74523.22,13260.0,,,,,2788.0,
Seat,Avenger,2020.0,49651.9,12997.0,,,,,38.0,
Seat,Avenger,2017.0,107219.19,13874.0,,,,,92.0,
Seat,Avenger,2025.0,95959.52,19667.0,,,,,213.0,
Seat,Avenger,2019.0,128861.26,4384.0,,,,,234.0,
Seat,Avenger,2019.0,114087.16,16309.0,,,,,237.0,
Seat,Avenger,2020.0,61601.96,5848.0,,,,,291.0,
Seat,Avenger,2017.0,39388.15,17668.0,,,,,373.0,
Seat,Avenger,2015.0,120691.72,3454.0,,,,,481.0,
Seat,Avenger,2024.0,45028.37,12903.0,,,,,580.0,
Seat,Avenger,2020.0,48418.97,3604.0,,,,,586.0,
Seat,Avenger,2019.0,39005.06,19118.0,,,,,664.0,
Seat,Avenger,2024.0,127315.84,7474.0,,,,,894.0,
Seat,Avenger,2023.0,34888.49,19277.0,,,,,998.0,
Seat,Avenger,2015.0,78664.8,2126.0,,,,,1112.0,
Seat,Avenger,2017.0,117714.81,17911.0,,,,,1126.0,
Seat,Avenger,2025.0,51868.91,1663.0,,,,,1187.0,
Seat,Avenger,2018.0,131767.95,2388.0,,,,,1194.0,
Seat,Avenger,2018.0,50683.26,8493.0,,,,,1276.0,
Seat,Avenger,2020.0,65869.03,4937.0,,,,,1291.0,
Seat,Avenger,2018.0,57764.16,2724.0,,,,,1311.0,
Seat,Avenger,2018.0,34492.15,5704.0,,,,,1312.0,
Seat,Avenger,2023.0,59039.34,2960.0,,,,,1327.0,
Seat,Avenger,2017.0,79052.37,2638.0,,,,,1370.0,
Seat,Avenger,2024.0,98529.83,5446.0,,,,,1417.0,
Seat,Avenger,2020.0,117581.26,13970.0,,,,,1632.0,
Seat,Avenger,2021.0,125859.98,14370.0,,,,,1641.0,
Seat,Avenger,2022.0,143524.45,12465.0,,,,,1676.0,
Seat,Avenger,2024.0,139181.55,11676.0,,,,,1926.0,
Seat,Avenger,2019.0,118374.27,3505.0,,,,,1945.0,
Seat,Avenger,2022.0,110381.86,5491.0,,,,,2002.0,
Seat,Avenger,2024.0,130259.58,1270.0,,,,,2020.0,
Seat,Avenger,2022.0,138229.57,1171.0,,,,,2027.0,
Seat,Avenger,2021.0,43469.52,9324.0,,,,,2047.0,
Seat,Avenger,2021.0,54091.75,19481.0,,,,,2141.0,
Seat,Avenger,2015.0,74444.51,9294.0,,,,,2242.0,
Seat,Avenger,2025.0,33631.18,14780.0,,,,,2280.0,
Seat,Avenger,2024.0,133285.39,12888.0,,,,,2327.0,
Seat,Avenger,2015.0,131251.93,17868.0,,,,,2364.0,
Seat,Avenger,2023.0,84104.19,7216.0,,,,,2366.0,
Seat,Avenger,2021.0,83442.65,7975.0,,,,,2511.0,
Seat,Avenger,2025.0,55406.26,18026.0,,,,,2605.0,
Seat,Avenger,2022.0,84957.78,11061.0,,,,,2803.0,
Seat,Avenger,2016.0,136301.76,622.0,,,,,2825.0,
Seat,Avenger,2023.0,40569.14,19974.0,,,,,2885.0,
Seat,Avenger,2022.0,68325.81,3257.0,,,,,2936.0,
Seat,Avenger,2017.0,76360.66,3096.0,,,,,2989.0,
Lucid Motors,Lucid Air,2024.0,66189.92,12142.0,,,,,39.0,
Lucid Motors,Lucid Air,2015.0,43861.07,6058.0,,,,,214.0,
Lucid Motors,Lucid Air,2017.0,62656.1,6092.0,,,,,308.0,
Lucid Motors,Lucid Air,2025.0,71740.39,18944.0,,,,,426.0,
Lucid Motors,Lucid Air,2017.0,139556.57,11211.0,,,,,562.0,
Lucid Motors,Lucid Air,2023.0,30829.25,17577.0,,,,,596.0,
Lucid Motors,Lucid Air,2019.0,49450.75,3152.0,,,,,695.0,
Lucid Motors,Lucid Air,2023.0,99805.63,16.0,,,,,801.0,
Lucid Motors,Lucid Air,2024.0,49250.15,12781.0,,,,,808.0,
Lucid Motors,Lucid Air,2015.0,142767.23,12196.0,,,,,1100.0,
Lucid Motors,Lucid Air,2022.0,98675.39,13375.0,,,,,1485.0,
Lucid Motors,Lucid Air,2017.0,89357.28,15835.0,,,,,1503.0,
Lucid Motors,Lucid Air,2016.0,37656.94,13156.0,,,,,1673.0,
Lucid Motors,Lucid Air,2017.0,80816.94,9446.0,,,,,1675.0,
Lucid Motors,Lucid Air,2022.0,64169.22,8050.0,,,,,1958.0,
Lucid Motors,Lucid Air,2017.0,139833.04,11168.0,,,,,2098.0,
Lucid Motors,Lucid Air,2023.0,104723.61,6316.0,,,,,2295.0,
Lucid Motors,Lucid Air,2023.0,32378.18,11588.0,,,,,2323.0,
Lucid Motors,Lucid Air,2016.0,34047.93,3415.0,,,,,2652.0,
Lucid Motors,Lucid Air,2022.0,133682.57,17067.0,,,,,2765.0,
MG,MG5 EV,2015.0,73462.56,8850.0,,,,,40.0,
MG,MG5 EV,2025.0,39891.34,6658.0,,,,,187.0,
MG,MG5 EV,2019.0,30498.91,19659.0,,,,,647.0,
MG,MG5 EV,2017.0,140705.69,2687.0,,,,,1101.0,
MG,MG5 EV,2025.0,124806.63,1432.0,,,,,2177.0,
MG,MG5 EV,2020.0,72657.5,14990.0,,,,,2324.0,
MG,MG5 EV,2017.0,57922.19,227.0,,,,,2371.0,
MG,MG5 EV,2019.0,77158.15,11677.0,,,,,2490.0,
MG,MG5 EV,2021.0,87557.67,13631.0,,,,,2890.0,
MG,MG5 EV,2017.0,50946.5,14283.0,,,,,2921.0,
MG,MG5 EV,2024.0,83108.65,6800.0,,,,,2933.0,
Nissan,Ariya,2020.0,135638.4,13317.0,,,,,42.0,
Nissan,Ariya,2022.0,72851.27,10895.0,,,,,101.0,
Nissan,Ariya,2016.0,101247.66,8878.0,,,,,393.0,
Nissan,Ariya,2021.0,139023.52,6730.0,,,,,425.0,
Nissan,Ariya,2017.0,87788.98,14288.0,,,,,655.0,
Nissan,Ariya,2015.0,40139.2,7354.0,,,,,707.0,
Nissan,Ariya,2015.0,70050.31,2874.0,,,,,813.0,
Nissan,Ariya,2025.0,31112.87,19536.0,,,,,821.0,
Nissan,Ariya,2020.0,77561.36,11013.0,,,,,973.0,
Nissan,Ariya,2018.0,119250.86,1381.0,,,,,1043.0,
Nissan,Ariya,2023.0,84463.97,11296.0,,,,,1060.0,
Nissan,Ariya,2017.0,122371.13,19389.0,,,,,1083.0,
Nissan,Ariya,2018.0,100663.6,3601.0,,,,,1246.0,
Nissan,Ariya,2018.0,50599.82,2476.0,,,,,1344.0,
Nissan,Ariya,2018.0,144236.76,4508.0,,,,,1484.0,
Nissan,Ariya,2023.0,125613.57,5051.0,,,,,1517.0,
Nissan,Ariya,2024.0,147910.92,7643.0,,,,,1526.0,
Nissan,Ariya,2017.0,85161.56,4572.0,,,,,1552.0,
Nissan,Ariya,2017.0,48408.3,19294.0,,,,,1565.0,
Nissan,Ariya,2018.0,123001.86,18149.0,,,,,1577.0,
Nissan,Ariya,2016.0,71744.17,6036.0,,,,,1594.0,
Nissan,Ariya,2018.0,57281.34,14569.0,,,,,1603.0,
Nissan,Ariya,2021.0,138287.29,9119.0,,,,,1711.0,
Nissan,Ariya,2019.0,117464.18,5569.0,,,,,1939.0,
Nissan,Ariya,2015.0,93272.08,12414.0,,,,,2116.0,
Nissan,Ariya,2017.0,84828.34,4717.0,,,,,2197.0,
Nissan,Ariya,2016.0,61297.78,6511.0,,,,,2251.0,
Nissan,Ariya,2025.0,63721.43,17288.0,,,,,2370.0,
Nissan,Ariya,2016.0,135462.86,2265.0,,,,,2421.0,
Nissan,Ariya,2025.0,147129.86,14538.0,,,,,2589.0,
Nissan,Ariya,2017.0,72012.08,13048.0,,,,,2657.0,
Nissan,Ariya,2018.0,60557.2,4850.0,,,,,2693.0,
Nissan,Ariya,2017.0,71336.92,2390.0,,,,,2744.0,
Nissan,Ariya,2016.0,130494.3,5403.0,,,,,2805.0,
Nissan,Ariya,2016.0,93690.58,5901.0,,,,,2934.0,
Jeep,Wagoneer S,2016.0,31697.8,16085.0,,,,,45.0,
Jeep,Wagoneer S,2024.0,127623.58,9589.0,,,,,175.0,
Jeep,Wagoneer S,2021.0,43215.94,2409.0,,,,,397.0,
Jeep,Wagoneer S,2025.0,98070.2,1550.0,,,,,409.0,
Jeep,Wagoneer S,2021.0,144222.64,4653.0,,,,,1643.0,
Jeep,Wagoneer S,2021.0,149234.21,14674.0,,,,,1757.0,
Jeep,Wagoneer S,2021.0,138069.61,16667.0,,,,,1779.0,
Jeep,Wagoneer S,2017.0,34681.26,15292.0,,,,,2378.0,
Jeep,Wagoneer S,2016.0,77704.62,16870.0,,,,,2555.0,
Jeep,Wagoneer S,2024.0,144668.51,7018.0,,,,,2660.0,
Jeep,Wagoneer S,2019.0,60513.2,1245.0,,,,,2858.0,
Tesla,Cybertruck,2019.0,60297.41,1756.0,,,,,46.0,
Tesla,Cybertruck,2025.0,138352.19,4481.0,,,,,65.0,
Tesla,Cybertruck,2025.0,48164.9,19319.0,,,,,183.0,
Tesla,Cybertruck,2023.0,62526.25,17713.0,,,,,360.0,
Tesla,Cybertruck,2019.0,138847.01,16404.0,,,,,690.0,
Tesla,Cybertruck,2017.0,68423.78,9815.0,,,,,1128.0,
Tesla,Cybertruck,2015.0,129108.56,1294.0,,,,,1337.0,
Tesla,Cybertruck,2018.0,146360.46,2320.0,,,,,1903.0,
Tesla,Cybertruck,2017.0,32179.01,4003.0,,,,,1940.0,
Tesla,Cybertruck,2018.0,90910.48,9200.0,,,,,1948.0,
Tesla,Cybertruck,2021.0,144096.94,11855.0,,,,,1971.0,
Tesla,Cybertruck,2016.0,89951.3,17166.0,,,,,2211.0,
Tesla,Cybertruck,2021.0,77135.5,9534.0,,,,,2401.0,
Tesla,Cybertruck,2023.0,56800.73,1691.0,,,,,2467.0,
Ford,E-Transit,2016.0,124888.9,10006.0,,,,,47.0,
Ford,E-Transit,2025.0,31338.02,17941.0,,,,,266.0,
Ford,E-Transit,2022.0,73339.61,16838.0,,,,,420.0,
Ford,E-Transit,2025.0,115782.14,11708.0,,,,,617.0,
Ford,E-Transit,2020.0,81035.75,13395.0,,,,,806.0,
Ford,E-Transit,2017.0,117908.21,5907.0,,,,,1347.0,
Ford,E-Transit,2018.0,76109.84,12156.0,,,,,1645.0,
Ford,E-Transit,2025.0,104132.83,11943.0,,,,,1980.0,
Ford,E-Transit,2019.0,112539.96,6893.0,,,,,2352.0,
Ford,E-Transit,2015.0,112943.08,8842.0,,,,,2423.0,
Ford,E-Transit,2016.0,86029.81,3895.0,,,,,2600.0,
Ford,E-Transit,2019.0,88678.05,8540.0,,,,,2620.0,
Ford,E-Transit,2023.0,137346.69,1796.0,,,,,2650.0,
Ford,E-Transit,2018.0,135571.3,4659.0,,,,,2855.0,
Ford,E-Transit,2025.0,87319.8,13.0,,,,,2939.0,
GMC,Hummer EV Pickup,2024.0,61757.54,14762.0,,,,,48.0,
GMC,Hummer EV Pickup,2018.0,82076.58,10629.0,,,,,61.0,
GMC,Hummer EV Pickup,2022.0,104423.06,4460.0,,,,,160.0,
GMC,Hummer EV Pickup,2022.0,79572.87,14993.0,,,,,231.0,
GMC,Hummer EV Pickup,2016.0,118511.19,11692.0,,,,,303.0,
GMC,Hummer EV Pickup,2023.0,149310.85,16460.0,,,,,600.0,
GMC,Hummer EV Pickup,2015.0,68743.08,17614.0,,,,,663.0,
GMC,Hummer EV Pickup,2021.0,144179.35,543.0,,,,,668.0,
GMC,Hummer EV Pickup,2023.0,148192.07,4564.0,,,,,699.0,
GMC,Hummer EV Pickup,2024.0,64066.52,4046.0,,,,,784.0,
GMC,Hummer EV Pickup,2015.0,121751.15,8145.0,,,,,834.0,
GMC,Hummer EV Pickup,2017.0,46955.07,15498.0,,,,,1050.0,
GMC,Hummer EV Pickup,2015.0,94337.82,4903.0,,,,,1106.0,
GMC,Hummer EV Pickup,2024.0,59567.58,2027.0,,,,,1141.0,
GMC,Hummer EV Pickup,2018.0,56957.92,18258.0,,,,,1348.0,
GMC,Hummer EV Pickup,2018.0,58595.82,13870.0,,,,,1502.0,
GMC,Hummer EV Pickup,2022.0,37776.24,12799.0,,,,,1535.0,
GMC,Hummer EV Pickup,2022.0,107535.32,12339.0,,,,,1615.0,
GMC,Hummer EV Pickup,2025.0,53597.06,15276.0,,,,,1919.0,
GMC,Hummer EV Pickup,2015.0,86364.33,14475.0,,,,,2075.0,
GMC,Hummer EV Pickup,2016.0,102846.2,8057.0,,,,,2159.0,
GMC,Hummer EV Pickup,2019.0,82911.25,18675.0,,,,,2388.0,
GMC,Hummer EV Pickup,2021.0,127576.95,7419.0,,,,,2518.0,
GMC,Hummer EV Pickup,2018.0,54261.4,17750.0,,,,,2586.0,
GMC,Hummer EV Pickup,2015.0,48149.84,17248.0,,,,,2599.0,
GMC,Hummer EV Pickup,2022.0,86383.47,14075.0,,,,,2618.0,
GMC,Hummer EV Pickup,2015.0,144721.89,18099.0,,,,,2628.0,
GMC,Hummer EV Pickup,2016.0,62570.85,14741.0,,,,,2946.0,
GMC,Hummer EV Pickup,2021.0,60224.23,13512.0,,,,,3012.0,
Cadillac,Celestiq,2019.0,84483.76,13930.0,,,,,49.0,
Cadillac,Celestiq,2020.0,56909.38,14061.0,,,,,79.0,
Cadillac,Celestiq,2015.0,136748.91,662.0,,,,,220.0,
Cadillac,Celestiq,2025.0,56185.09,12262.0,,,,,226.0,
Cadillac,Celestiq,2025.0,49654.37,6646.0,,,,,339.0,
Cadillac,Celestiq,2017.0,67066.97,16220.0,,,,,573.0,
Cadillac,Celestiq,2022.0,63098.76,13320.0,,,,,590.0,
Cadillac,Celestiq,2017.0,74046.11,3710.0,,,,,593.0,
Cadillac,Celestiq,2017.0,46701.16,9743.0,,,,,682.0,
Cadillac,Celestiq,2025.0,121881.78,12049.0,,,,,702.0,
Cadillac,Celestiq,2024.0,118491.62,4977.0,,,,,974.0,
Cadillac,Celestiq,2021.0,39006.81,1570.0,,,,,1056.0,
Cadillac,Celestiq,2019.0,125163.78,6986.0,,,,,1180.0,
Cadillac,Celestiq,2021.0,102444.53,9473.0,,,,,1500.0,
Cadillac,Celestiq,2023.0,32847.56,10909.0,,,,,1601.0,
Cadillac,Celestiq,2022.0,145400.46,2109.0,,,,,1929.0,
Cadillac,Celestiq,2016.0,73090.41,17486.0,,,,,2103.0,
Cadillac,Celestiq,2021.0,53009.4,16970.0,,,,,2232.0,
Cadillac,Celestiq,2015.0,144849.17,18397.0,,,,,2357.0,
Cadillac,Celestiq,2016.0,87467.04,7283.0,,,,,2582.0,
Cadillac,Celestiq,2021.0,98874.99,9404.0,,,,,2709.0,
Cadillac,Celestiq,2025.0,33873.54,4873.0,,,,,2808.0,
Cadillac,Celestiq,2015.0,102581.77,2380.0,,,,,2815.0,
Citroen,Ami,2019.0,108181.14,15401.0,,,,,52.0,
Citroen,Ami,2021.0,131933.09,2569.0,,,,,154.0,
Citroen,Ami,2021.0,75020.68,14899.0,,,,,177.0,
Citroen,Ami,2015.0,97352.47,12699.0,,,,,255.0,
Citroen,Ami,2021.0,55671.38,6.0,,,,,322.0,
Citroen,Ami,2024.0,47761.49,13058.0,,,,,327.0,
Citroen,Ami,2020.0,36773.91,9991.0,,,,,437.0,
Citroen,Ami,2017.0,140603.98,6549.0,,,,,467.0,
Citroen,Ami,2015.0,99258.89,299.0,,,,,576.0,
Citroen,Ami,2023.0,40865.07,4359.0,,,,,845.0,
Citroen,Ami,2017.0,88967.06,7283.0,,,,,1231.0,
Citroen,Ami,2020.0,127586.24,15094.0,,,,,1290.0,
Citroen,Ami,2024.0,139300.64,16984.0,,,,,1318.0,
Citroen,Ami,2025.0,119305.3,15060.0,,,,,1472.0,
Citroen,Ami,2017.0,126717.71,14069.0,,,,,1529.0,
Citroen,Ami,2020.0,63693.82,19667.0,,,,,1791.0,
Citroen,Ami,2019.0,73450.53,18805.0,,,,,1828.0,
Citroen,Ami,2016.0,149543.43,145.0,,,,,2432.0,
Citroen,Ami,2025.0,51643.26,10122.0,,,,,2460.0,
Citroen,Ami,2018.0,74003.39,5925.0,,,,,2499.0,
Citroen,Ami,2020.0,65764.67,17273.0,,,,,2580.0,
Citroen,Ami,2021.0,30435.06,841.0,,,,,2837.0,
Citroen,Ami,2024.0,147304.53,3673.0,,,,,2853.0,
Citroen,Ami,2021.0,51889.81,5670.0,,,,,2894.0,
Citroen,Ami,2021.0,131634.85,13694.0,,,,,2901.0,
Citroen,Ami,2021.0,77079.42,13437.0,,,,,2916.0,
Li Auto,L9,2020.0,89456.28,8270.0,,,,,53.0,
Li Auto,L9,2017.0,32756.41,5529.0,,,,,454.0,
Li Auto,L9,2024.0,108832.92,12851.0,,,,,732.0,
Li Auto,L9,2024.0,81516.99,18377.0,,,,,1132.0,
Li Auto,L9,2018.0,77109.85,10947.0,,,,,1197.0,
Li Auto,L9,2023.0,57706.59,11311.0,,,,,2037.0,
Li Auto,L9,2018.0,114883.67,12968.0,,,,,2649.0,
Li Auto,L9,2016.0,141422.21,7336.0,,,,,2792.0,
Li Auto,L9,2020.0,66578.37,5217.0,,,,,2826.0,
Volkswagen,ID.5,2022.0,103064.6,3717.0,,,,,55.0,
Volkswagen,ID.5,2022.0,135211.96,17122.0,,,,,282.0,
Volkswagen,ID.5,2019.0,66580.39,4542.0,,,,,402.0,
Volkswagen,ID.5,2017.0,117644.65,881.0,,,,,770.0,
Volkswagen,ID.5,2021.0,122632.69,2604.0,,,,,1889.0,
Volkswagen,ID.5,2021.0,60764.04,16823.0,,,,,2271.0,
Volkswagen,ID.5,2018.0,45377.85,11110.0,,,,,2546.0,
Volkswagen,ID.5,2022.0,113601.64,3498.0,,,,,2686.0,
Volkswagen,ID.5,2023.0,73210.77,5498.0,,,,,2992.0,
VinFast,VF 7,2022.0,134902.84,5058.0,,,,,59.0,
VinFast,VF 7,2015.0,95163.68,10876.0,,,,,103.0,
VinFast,VF 7,2025.0,139200.49,12007.0,,,,,404.0,
VinFast,VF 7,2017.0,88402.2,2809.0,,,,,879.0,
VinFast,VF 7,2019.0,33833.8,17727.0,,,,,1196.0,
VinFast,VF 7,2017.0,41961.45,3251.0,,,,,1341.0,
VinFast,VF 7,2024.0,65345.19,17609.0,,,,,1412.0,
VinFast,VF 7,2021.0,31513.83,11043.0,,,,,1887.0,
VinFast,VF 7,2017.0,54730.21,19922.0,,,,,2433.0,
VinFast,VF 7,2022.0,49569.86,18537.0,,,,,2790.0,
VinFast,VF 7,2020.0,125220.18,12990.0,,,,,2876.0,
VinFast,VF 7,2019.0,101588.05,15896.0,,,,,2905.0,
VinFast,VF 7,2019.0,31855.91,10204.0,,,,,2969.0,
Great Wall Motors,ORA Lightning Cat,2020.0,132280.96,17728.0,,,,,60.0,
Great Wall Motors,ORA Lightning Cat,2023.0,113714.75,17152.0,,,,,304.0,
Great Wall Motors,ORA Lightning Cat,2017.0,44898.17,14439.0,,,,,542.0,
Great Wall Motors,ORA Lightning Cat,2019.0,63021.76,18488.0,,,,,689.0,
Great Wall Motors,ORA Lightning Cat,2023.0,144174.89,7605.0,,,,,741.0,
Great Wall Motors,ORA Lightning Cat,2019.0,76263.58,19837.0,,,,,752.0,
Great Wall Motors,ORA Lightning Cat,2019.0,110211.83,4672.0,,,,,825.0,
Great Wall Motors,ORA Lightning Cat,2020.0,141659.65,1205.0,,,,,978.0,
Great Wall Motors,ORA Lightning Cat,2021.0,59884.94,3149.0,,,,,1358.0,
Great Wall Motors,ORA Lightning Cat,2018.0,62888.34,3371.0,,,,,1416.0,
Great Wall Motors,ORA Lightning Cat,2023.0,35854.51,2232.0,,,,,1637.0,
Great Wall Motors,ORA Lightning Cat,2021.0,113298.94,18138.0,,,,,1792.0,
Great Wall Motors,ORA Lightning Cat,2017.0,146280.66,7235.0,,,,,1862.0,
Great Wall Motors,ORA Lightning Cat,2016.0,100219.21,4875.0,,,,,1959.0,
Great Wall Motors,ORA Lightning Cat,2020.0,130013.9,769.0,,,,,2132.0,
Great Wall Motors,ORA Lightning Cat,2021.0,139716.3,3108.0,,,,,2152.0,
Great Wall Motors,ORA Lightning Cat,2015.0,109034.7,16533.0,,,,,2247.0,
Great Wall Motors,ORA Lightning Cat,2025.0,98851.29,1272.0,,,,,2261.0,
Great Wall Motors,ORA Lightning Cat,2016.0,103973.21,4454.0,,,,,2663.0,
Great Wall Motors,ORA Lightning Cat,2015.0,85541.46,7691.0,,,,,2824.0,
Mazda,Mazda EV (upcoming models),2020.0,125102.34,16307.0,,,,,62.0,
Mazda,Mazda EV (upcoming models),2018.0,53281.94,17283.0,,,,,95.0,
Mazda,Mazda EV (upcoming models),2024.0,128654.68,9665.0,,,,,265.0,
Mazda,Mazda EV (upcoming models),2024.0,142652.38,4097.0,,,,,301.0,
Mazda,Mazda EV (upcoming models),2017.0,31766.98,10821.0,,,,,309.0,
Mazda,Mazda EV (upcoming models),2018.0,88159.46,704.0,,,,,333.0,
Mazda,Mazda EV (upcoming models),2021.0,80695.46,16405.0,,,,,342.0,
Mazda,Mazda EV (upcoming models),2024.0,125610.93,7817.0,,,,,364.0,
Mazda,Mazda EV (upcoming models),2021.0,125970.61,15823.0,,,,,478.0,
Mazda,Mazda EV (upcoming models),2016.0,114536.92,11189.0,,,,,940.0,
Mazda,Mazda EV (upcoming models),2023.0,45213.47,12930.0,,,,,1020.0,
Mazda,Mazda EV (upcoming models),2020.0,45079.31,12501.0,,,,,1253.0,
Mazda,Mazda EV (upcoming models),2022.0,139471.94,1023.0,,,,,1301.0,
Mazda,Mazda EV (upcoming models),2021.0,85509.12,16385.0,,,,,1392.0,
Mazda,Mazda EV (upcoming models),2022.0,71386.67,1701.0,,,,,1630.0,
Mazda,Mazda EV (upcoming models),2022.0,106337.96,397.0,,,,,1906.0,
Mazda,Mazda EV (upcoming models),2016.0,57293.95,12256.0,,,,,1909.0,
Mazda,Mazda EV (upcoming models),2022.0,33050.17,2719.0,,,,,2015.0,
Mazda,Mazda EV (upcoming models),2023.0,139577.44,1919.0,,,,,2363.0,
Mazda,Mazda EV (upcoming models),2024.0,131342.84,19122.0,,,,,2619.0,
Mazda,Mazda EV (upcoming models),2025.0,50188.59,6789.0,,,,,2631.0,
Mazda,Mazda EV (upcoming models),2018.0,98312.6,12446.0,,,,,2955.0,
Ford,F-150 Lightning,2022.0,85830.39,13903.0,,,,,63.0,
Ford,F-150 Lightning,2020.0,108552.96,15100.0,,,,,147.0,
Ford,F-150 Lightning,2016.0,143030.79,14315.0,,,,,207.0,
Ford,F-150 Lightning,2019.0,37069.65,4668.0,,,,,500.0,
Ford,F-150 Lightning,2022.0,116706.89,5687.0,,,,,625.0,
Ford,F-150 Lightning,2015.0,87243.36,8834.0,,,,,1251.0,
Ford,F-150 Lightning,2024.0,123454.22,12832.0,,,,,1254.0,
Ford,F-150 Lightning,2016.0,105164.29,8449.0,,,,,1623.0,
Ford,F-150 Lightning,2025.0,80309.56,11144.0,,,,,1962.0,
Ford,F-150 Lightning,2025.0,143792.52,18823.0,,,,,1989.0,
Ford,F-150 Lightning,2023.0,100425.79,17297.0,,,,,2164.0,
Ford,F-150 Lightning,2022.0,115933.09,12430.0,,,,,2706.0,
Ford,F-150 Lightning,2019.0,86087.78,7842.0,,,,,2785.0,
Honda,Honda Prologue,2019.0,75763.72,12969.0,,,,,64.0,
Honda,Honda Prologue,2016.0,100119.15,14400.0,,,,,447.0,
Honda,Honda Prologue,2015.0,35367.97,7765.0,,,,,714.0,
Honda,Honda Prologue,2025.0,135533.32,5253.0,,,,,874.0,
Honda,Honda Prologue,2020.0,39460.66,17987.0,,,,,997.0,
Honda,Honda Prologue,2020.0,43052.84,17186.0,,,,,1045.0,
Honda,Honda Prologue,2023.0,136012.96,12248.0,,,,,1127.0,
Honda,Honda Prologue,2023.0,57342.18,14598.0,,,,,1183.0,
Honda,Honda Prologue,2019.0,69081.64,17510.0,,,,,1305.0,
Honda,Honda Prologue,2016.0,61841.79,10481.0,,,,,1496.0,
Honda,Honda Prologue,2024.0,136679.23,4629.0,,,,,1672.0,
Honda,Honda Prologue,2023.0,129313.66,5455.0,,,,,1762.0,
Honda,Honda Prologue,2020.0,61012.45,2966.0,,,,,1986.0,
Honda,Honda Prologue,2017.0,103414.52,12487.0,,,,,2063.0,
Honda,Honda Prologue,2017.0,91212.19,10675.0,,,,,2189.0,
Kia,Soul EV,2019.0,40816.01,17394.0,,,,,66.0,
Kia,Soul EV,2018.0,143700.4,15031.0,,,,,320.0,
Kia,Soul EV,2015.0,142718.63,9912.0,,,,,458.0,
Kia,Soul EV,2017.0,129580.29,14055.0,,,,,599.0,
Kia,Soul EV,2022.0,127026.66,13764.0,,,,,693.0,
Kia,Soul EV,2016.0,105699.84,19318.0,,,,,723.0,
Kia,Soul EV,2018.0,116194.68,1221.0,,,,,840.0,
Kia,Soul EV,2017.0,36478.01,10326.0,,,,,1186.0,
Kia,Soul EV,2020.0,41290.46,1617.0,,,,,1418.0,
Kia,Soul EV,2018.0,133236.0,1593.0,,,,,1949.0,
Kia,Soul EV,2022.0,147005.03,9623.0,,,,,1978.0,
Toyota,bZ4X,2019.0,70645.83,13022.0,,,,,67.0,
Toyota,bZ4X,2016.0,44131.32,6559.0,,,,,108.0,
Toyota,bZ4X,2016.0,56382.43,18112.0,,,,,399.0,
Toyota,bZ4X,2024.0,57806.78,5770.0,,,,,612.0,
Toyota,bZ4X,2016.0,119118.24,19847.0,,,,,739.0,
Toyota,bZ4X,2017.0,79110.18,2821.0,,,,,759.0,
Toyota,bZ4X,2021.0,86160.5,6840.0,,,,,833.0,
Toyota,bZ4X,2016.0,40385.01,13068.0,,,,,1166.0,
Toyota,bZ4X,2024.0,51243.14,1749.0,,,,,1172.0,
Toyota,bZ4X,2018.0,76176.72,19120.0,,,,,1220.0,
Toyota,bZ4X,2024.0,107189.59,4725.0,,,,,1339.0,
Toyota,bZ4X,2019.0,143696.91,11674.0,,,,,1372.0,
Toyota,bZ4X,2016.0,102408.71,14003.0,,,,,1436.0,
Toyota,bZ4X,2018.0,145717.44,13998.0,,,,,1649.0,
Toyota,bZ4X,2020.0,121094.19,270.0,,,,,1737.0,
Toyota,bZ4X,2015.0,106230.35,18604.0,,,,,1812.0,
Toyota,bZ4X,2016.0,31370.15,1514.0,,,,,1820.0,
Toyota,bZ4X,2021.0,38305.08,15525.0,,,,,1901.0,
Toyota,bZ4X,2022.0,94976.85,16991.0,,,,,1969.0,
Toyota,bZ4X,2018.0,94488.74,4190.0,,,,,2068.0,
Toyota,bZ4X,2022.0,30156.95,3386.0,,,,,2146.0,
Toyota,bZ4X,2023.0,136217.28,17081.0,,,,,2409.0,
Toyota,bZ4X,2018.0,92841.1,17745.0,,,,,2455.0,
Toyota,bZ4X,2020.0,40015.25,9923.0,,,,,2721.0,
Toyota,bZ4X,2024.0,36825.73,19419.0,,,,,2833.0,
BYD,Han EV,2021.0,119881.39,15449.0,,,,,68.0,
BYD,Han EV,2020.0,88352.51,17253.0,,,,,93.0,
BYD,Han EV,2024.0,92520.67,14384.0,,,,,286.0,
BYD,Han EV,2019.0,55377.56,7040.0,,,,,716.0,
BYD,Han EV,2020.0,106614.44,8011.0,,,,,962.0,
BYD,Han EV,2015.0,63649.31,3064.0,,,,,1013.0,
BYD,Han EV,2024.0,108832.47,14437.0,,,,,1177.0,
BYD,Han EV,2015.0,45458.56,14804.0,,,,,1935.0,
BYD,Han EV,2024.0,127018.54,1003.0,,,,,2262.0,
BYD,Han EV,2025.0,106154.57,11714.0,,,,,2286.0,
BYD,Han EV,2023.0,138449.17,1206.0,,,,,2610.0,
BYD,Han EV,2016.0,126117.03,3944.0,,,,,2745.0,
GMC,Hummer EV SUV,2024.0,66262.82,3805.0,,,,,69.0,
GMC,Hummer EV SUV,2017.0,90877.8,10854.0,,,,,121.0,
GMC,Hummer EV SUV,2023.0,73601.1,11904.0,,,,,247.0,
GMC,Hummer EV SUV,2023.0,57926.6,6793.0,,,,,351.0,
GMC,Hummer EV SUV,2025.0,60106.67,1490.0,,,,,504.0,
GMC,Hummer EV SUV,2016.0,39990.49,8827.0,,,,,585.0,
GMC,Hummer EV SUV,2016.0,102540.77,9881.0,,,,,618.0,
GMC,Hummer EV SUV,2016.0,68621.09,793.0,,,,,1023.0,
GMC,Hummer EV SUV,2015.0,37285.41,17343.0,,,,,1029.0,
GMC,Hummer EV SUV,2022.0,53299.14,2441.0,,,,,1080.0,
GMC,Hummer EV SUV,2017.0,94792.27,15902.0,,,,,1168.0,
GMC,Hummer EV SUV,2016.0,148858.28,12248.0,,,,,1191.0,
GMC,Hummer EV SUV,2023.0,68771.58,443.0,,,,,1219.0,
GMC,Hummer EV SUV,2018.0,138452.85,10372.0,,,,,1273.0,
GMC,Hummer EV SUV,2018.0,128422.25,16566.0,,,,,1389.0,
GMC,Hummer EV SUV,2021.0,78518.37,14231.0,,,,,1572.0,
GMC,Hummer EV SUV,2018.0,44522.87,5624.0,,,,,1727.0,
GMC,Hummer EV SUV,2023.0,55372.67,11648.0,,,,,1985.0,
GMC,Hummer EV SUV,2018.0,71444.4,19811.0,,,,,2031.0,
GMC,Hummer EV SUV,2018.0,124918.98,7465.0,,,,,2224.0,
GMC,Hummer EV SUV,2019.0,132122.22,4169.0,,,,,2278.0,
GMC,Hummer EV SUV,2025.0,96675.45,19912.0,,,,,2380.0,
GMC,Hummer EV SUV,2016.0,85850.93,18723.0,,,,,2846.0,
GMC,Hummer EV SUV,2025.0,122712.57,13260.0,,,,,2891.0,
GMC,Hummer EV SUV,2020.0,59538.11,2854.0,,,,,2996.0,
Polestar,Polestar 3,2021.0,117191.9,12141.0,,,,,70.0,
Polestar,Polestar 3,2025.0,105038.76,8808.0,,,,,307.0,
Polestar,Polestar 3,2022.0,82242.44,18815.0,,,,,365.0,
Polestar,Polestar 3,2019.0,109110.92,3635.0,,,,,651.0,
Polestar,Polestar 3,2025.0,92606.82,4276.0,,,,,1031.0,
Polestar,Polestar 3,2022.0,75286.42,1480.0,,,,,1131.0,
Polestar,Polestar 3,2021.0,55618.92,3416.0,,,,,1221.0,
Polestar,Polestar 3,2016.0,112952.63,11394.0,,,,,1252.0,
Polestar,Polestar 3,2016.0,39888.14,6079.0,,,,,1591.0,
Polestar,Polestar 3,2017.0,38593.48,13568.0,,,,,1621.0,
Polestar,Polestar 3,2021.0,69963.68,12864.0,,,,,1957.0,
Polestar,Polestar 3,2019.0,57186.77,12674.0,,,,,2185.0,
Polestar,Polestar 3,2017.0,122853.66,3543.0,,,,,2527.0,
Polestar,Polestar 3,2024.0,92097.37,636.0,,,,,2850.0,
Polestar,Polestar 3,2023.0,84609.2,5238.0,,,,,2884.0,
Polestar,Polestar 3,2022.0,138743.2,17189.0,,,,,2892.0,
Rivian,EDV (Electric Delivery Van),2025.0,45110.87,7634.0,,,,,72.0,
Rivian,EDV (Electric Delivery Van),2018.0,41163.2,3131.0,,,,,195.0,
Rivian,EDV (Electric Delivery Van),2021.0,145748.43,8620.0,,,,,285.0,
Rivian,EDV (Electric Delivery Van),2018.0,112638.51,11595.0,,,,,350.0,
Rivian,EDV (Electric Delivery Van),2015.0,69442.78,9452.0,,,,,550.0,
Rivian,EDV (Electric Delivery Van),2016.0,65965.11,4210.0,,,,,584.0,
Rivian,EDV (Electric Delivery Van),2022.0,115064.18,2539.0,,,,,744.0,
Rivian,EDV (Electric Delivery Van),2020.0,69621.26,13641.0,,,,,747.0,
Rivian,EDV (Electric Delivery Van),2023.0,45045.64,989.0,,,,,1396.0,
Rivian,EDV (Electric Delivery Van),2020.0,67583.03,1231.0,,,,,1507.0,
Rivian,EDV (Electric Delivery Van),2024.0,78136.27,7424.0,,,,,1842.0,
Rivian,EDV (Electric Delivery Van),2021.0,84763.44,5071.0,,,,,1911.0,
Rivian,EDV (Electric Delivery Van),2025.0,47464.06,8460.0,,,,,1950.0,
Rivian,EDV (Electric Delivery Van),2018.0,66892.66,6190.0,,,,,2057.0,
Rivian,EDV (Electric Delivery Van),2025.0,140034.46,13590.0,,,,,2076.0,
Rivian,EDV (Electric Delivery Van),2024.0,82459.49,19114.0,,,,,2183.0,
Rivian,EDV (Electric Delivery Van),2016.0,88927.87,9682.0,,,,,2192.0,
Rivian,EDV (Electric Delivery Van),2020.0,138136.99,19871.0,,,,,2381.0,
Rivian,EDV (Electric Delivery Van),2020.0,74574.02,4215.0,,,,,2428.0,
Rivian,EDV (Electric Delivery Van),2025.0,74719.02,12357.0,,,,,2870.0,
Opel,Corsa-e,2024.0,125821.66,10609.0,,,,,73.0,
Opel,Corsa-e,2021.0,66494.95,2584.0,,,,,112.0,
Opel,Corsa-e,2015.0,135677.69,18813.0,,,,,128.0,
Opel,Corsa-e,2016.0,121709.31,9002.0,,,,,293.0,
Opel,Corsa-e,2025.0,92926.0,12873.0,,,,,326.0,
Opel,Corsa-e,2016.0,103483.44,4393.0,,,,,338.0,
Opel,Corsa-e,2018.0,40228.06,13818.0,,,,,483.0,
Opel,Corsa-e,2019.0,129338.62,863.0,,,,,623.0,
Opel,Corsa-e,2022.0,76612.94,9426.0,,,,,1001.0,
Opel,Corsa-e,2017.0,86264.93,8561.0,,,,,1026.0,
Opel,Corsa-e,2015.0,109678.54,11794.0,,,,,1181.0,
Opel,Corsa-e,2023.0,77504.75,15060.0,,,,,1207.0,
Opel,Corsa-e,2020.0,86452.32,18263.0,,,,,1474.0,
Opel,Corsa-e,2016.0,75893.97,1081.0,,,,,1613.0,
Opel,Corsa-e,2019.0,99063.36,4828.0,,,,,1629.0,
Opel,Corsa-e,2017.0,126781.5,4830.0,,,,,1747.0,
Opel,Corsa-e,2019.0,41188.36,3393.0,,,,,1899.0,
Opel,Corsa-e,2017.0,112578.73,7580.0,,,,,2199.0,
Opel,Corsa-e,2015.0,138549.47,297.0,,,,,2474.0,
Opel,Corsa-e,2018.0,48678.54,3396.0,,,,,2752.0,
Opel,Corsa-e,2020.0,31796.38,608.0,,,,,2867.0,
Opel,Corsa-e,2020.0,79398.55,1091.0,,,,,3004.0,
Porsche,Panamera EV,2015.0,87149.52,1420.0,,,,,74.0,
Porsche,Panamera EV,2024.0,66645.6,12573.0,,,,,170.0,
Porsche,Panamera EV,2021.0,80781.1,3944.0,,,,,294.0,
Porsche,Panamera EV,2016.0,74391.28,12325.0,,,,,392.0,
Porsche,Panamera EV,2024.0,133847.8,5920.0,,,,,588.0,
Porsche,Panamera EV,2015.0,141231.33,1741.0,,,,,669.0,
Porsche,Panamera EV,2019.0,73633.58,12637.0,,,,,762.0,
Porsche,Panamera EV,2025.0,96296.48,5555.0,,,,,1424.0,
Porsche,Panamera EV,2021.0,35862.69,6212.0,,,,,1464.0,
Porsche,Panamera EV,2020.0,141043.15,18765.0,,,,,1558.0,
Porsche,Panamera EV,2021.0,61614.23,8449.0,,,,,2724.0,
VinFast,VFe34 (discontinued),2019.0,131675.83,19932.0,,,,,75.0,
VinFast,VFe34 (discontinued),2025.0,135716.96,17054.0,,,,,487.0,
VinFast,VFe34 (discontinued),2020.0,102786.47,13238.0,,,,,952.0,
VinFast,VFe34 (discontinued),2023.0,112679.6,7089.0,,,,,1014.0,
VinFast,VFe34 (discontinued),2020.0,134640.79,19230.0,,,,,1102.0,
VinFast,VFe34 (discontinued),2023.0,100838.06,13463.0,,,,,1122.0,
VinFast,VFe34 (discontinued),2016.0,125984.09,19996.0,,,,,1602.0,
VinFast,VFe34 (discontinued),2018.0,105543.49,3724.0,,,,,1863.0,
VinFast,VFe34 (discontinued),2017.0,139381.12,18601.0,,,,,1923.0,
VinFast,VFe34 (discontinued),2022.0,134178.73,5472.0,,,,,1981.0,
VinFast,VFe34 (discontinued),2017.0,90413.44,7061.0,,,,,2126.0,
VinFast,VFe34 (discontinued),2021.0,98423.08,666.0,,,,,2553.0,
VinFast,VFe34 (discontinued),2019.0,121763.76,10397.0,,,,,2927.0,
VinFast,VFe34 (discontinued),2024.0,61370.97,5064.0,,,,,2973.0,
Audi,e-tron GT,2019.0,101687.02,18066.0,,,,,76.0,
Audi,e-tron GT,2025.0,111487.45,10301.0,,,,,107.0,
Audi,e-tron GT,2021.0,135718.68,17383.0,,,,,182.0,
Audi,e-tron GT,2022.0,136510.43,12915.0,,,,,340.0,
Audi,e-tron GT,2021.0,124951.17,12732.0,,,,,547.0,
Audi,e-tron GT,2015.0,50841.1,6472.0,,,,,552.0,
Audi,e-tron GT,2019.0,47089.01,19609.0,,,,,835.0,
Audi,e-tron GT,2020.0,99475.02,7465.0,,,,,849.0,
Audi,e-tron GT,2024.0,69708.08,2659.0,,,,,889.0,
Audi,e-tron GT,2021.0,121453.05,9925.0,,,,,967.0,
Audi,e-tron GT,2022.0,142053.35,12020.0,,,,,1042.0,
Audi,e-tron GT,2018.0,104888.14,5247.0,,,,,1091.0,
Audi,e-tron GT,2021.0,148210.8,11112.0,,,,,1241.0,
Audi,e-tron GT,2018.0,46074.06,19384.0,,,,,1338.0,
Audi,e-tron GT,2018.0,137099.25,3800.0,,,,,2023.0,
Audi,e-tron GT,2021.0,140022.0,3057.0,,,,,2096.0,
Audi,e-tron GT,2021.0,113761.62,9845.0,,,,,2464.0,
Audi,e-tron GT,2021.0,39484.19,3931.0,,,,,2534.0,
Audi,e-tron GT,2015.0,103250.88,14206.0,,,,,2940.0,
Rivian,R1S,2022.0,117553.5,2199.0,,,,,77.0,
Rivian,R1S,2016.0,149917.52,6877.0,,,,,174.0,
Rivian,R1S,2019.0,104948.67,17401.0,,,,,440.0,
Rivian,R1S,2022.0,44251.93,5023.0,,,,,493.0,
Rivian,R1S,2023.0,116305.09,12908.0,,,,,691.0,
Rivian,R1S,2020.0,75533.29,716.0,,,,,953.0,
Rivian,R1S,2023.0,101490.77,12648.0,,,,,1157.0,
Rivian,R1S,2020.0,85125.42,4897.0,,,,,1195.0,
Rivian,R1S,2021.0,61058.15,18499.0,,,,,1351.0,
Rivian,R1S,2020.0,140714.88,4508.0,,,,,1380.0,
Rivian,R1S,2024.0,92630.48,4672.0,,,,,1456.0,
Rivian,R1S,2020.0,68672.3,12263.0,,,,,1498.0,
Rivian,R1S,2019.0,104935.85,3604.0,,,,,1639.0,
Rivian,R1S,2018.0,122613.44,6163.0,,,,,1684.0,
Rivian,R1S,2016.0,97214.34,15060.0,,,,,1782.0,
Rivian,R1S,2022.0,54729.3,14052.0,,,,,1818.0,
Rivian,R1S,2023.0,94361.13,10422.0,,,,,1972.0,
Rivian,R1S,2015.0,84441.41,16906.0,,,,,1994.0,
Rivian,R1S,2017.0,109012.19,10672.0,,,,,2051.0,
Rivian,R1S,2015.0,142970.97,17731.0,,,,,2100.0,
Rivian,R1S,2019.0,124504.43,6131.0,,,,,2292.0,
Rivian,R1S,2019.0,75038.73,19450.0,,,,,2896.0,
Rivian,R1S,2016.0,99914.52,783.0,,,,,2908.0,
Rivian,R1S,2018.0,105479.5,13906.0,,,,,2961.0,
Rivian,R1S,2023.0,76853.14,8825.0,,,,,2979.0,
Hyundai,Kona Electric,2021.0,100375.81,1685.0,,,,,78.0,
Hyundai,Kona Electric,2025.0,79990.41,15825.0,,,,,114.0,
Hyundai,Kona Electric,2016.0,112981.63,1174.0,,,,,348.0,
Hyundai,Kona Electric,2025.0,55143.07,3174.0,,,,,560.0,
Hyundai,Kona Electric,2016.0,40150.21,4470.0,,,,,591.0,
Hyundai,Kona Electric,2015.0,114909.11,11734.0,,,,,650.0,
Hyundai,Kona Electric,2015.0,39529.43,6096.0,,,,,890.0,
Hyundai,Kona Electric,2020.0,86277.82,12197.0,,,,,1979.0,
Hyundai,Kona Electric,2015.0,115452.34,18555.0,,,,,2049.0,
Hyundai,Kona Electric,2023.0,100266.71,11815.0,,,,,2056.0,
Hyundai,Kona Electric,2015.0,48843.62,15190.0,,,,,2270.0,
Opel,Grandland Electric,2024.0,62792.45,13132.0,,,,,80.0,
Opel,Grandland Electric,2015.0,42493.23,2907.0,,,,,209.0,
Opel,Grandland Electric,2017.0,134693.18,19006.0,,,,,421.0,
Opel,Grandland Electric,2017.0,109964.47,7616.0,,,,,548.0,
Opel,Grandland Electric,2021.0,74958.17,6965.0,,,,,561.0,
Opel,Grandland Electric,2020.0,51480.67,10170.0,,,,,754.0,
Opel,Grandland Electric,2021.0,97420.37,9549.0,,,,,810.0,
Opel,Grandland Electric,2015.0,120692.83,15548.0,,,,,984.0,
Opel,Grandland Electric,2019.0,134169.32,7530.0,,,,,1070.0,
Opel,Grandland Electric,2021.0,107505.8,19271.0,,,,,1407.0,
Opel,Grandland Electric,2023.0,107155.2,2208.0,,,,,1515.0,
Opel,Grandland Electric,2020.0,138881.54,10827.0,,,,,1829.0,
Opel,Grandland Electric,2016.0,49752.59,17361.0,,,,,2506.0,
Opel,Grandland Electric,2016.0,145561.53,13402.0,,,,,2513.0,
Opel,Grandland Electric,2017.0,47246.35,11493.0,,,,,2572.0,
Opel,Grandland Electric,2022.0,100558.76,12609.0,,,,,2588.0,
Opel,Grandland Electric,2022.0,116001.34,234.0,,,,,2592.0,
Opel,Grandland Electric,2016.0,40719.9,1475.0,,,,,2601.0,
Opel,Grandland Electric,2022.0,129135.71,11705.0,,,,,2991.0,
Ford,Mustang Mach-E,2016.0,48889.11,5158.0,,,,,81.0,
Ford,Mustang Mach-E,2019.0,134899.07,3575.0,,,,,636.0,
Ford,Mustang Mach-E,2019.0,108995.26,7904.0,,,,,1008.0,
Ford,Mustang Mach-E,2020.0,82877.95,13212.0,,,,,1058.0,
Ford,Mustang Mach-E,2016.0,118822.63,10469.0,,,,,1566.0,
Ford,Mustang Mach-E,2021.0,146603.88,1929.0,,,,,1772.0,
Ford,Mustang Mach-E,2017.0,149271.84,19737.0,,,,,2024.0,
Ford,Mustang Mach-E,2016.0,81094.29,18631.0,,,,,2217.0,
Ford,Mustang Mach-E,2022.0,102572.9,12375.0,,,,,2303.0,
Lotus,Evija,2019.0,66170.32,14111.0,,,,,83.0,
Lotus,Evija,2023.0,125253.36,395.0,,,,,185.0,
Lotus,Evija,2015.0,80415.6,11006.0,,,,,408.0,
Lotus,Evija,2025.0,68327.9,6509.0,,,,,453.0,
Lotus,Evija,2023.0,120876.03,17011.0,,,,,725.0,
Lotus,Evija,2021.0,114809.51,17706.0,,,,,848.0,
Lotus,Evija,2015.0,47218.38,12698.0,,,,,872.0,
Lotus,Evija,2016.0,35282.23,16972.0,,,,,1022.0,
Lotus,Evija,2025.0,76946.32,10629.0,,,,,1079.0,
Lotus,Evija,2015.0,44535.19,2065.0,,,,,1161.0,
Lotus,Evija,2022.0,122736.31,19285.0,,,,,1201.0,
Lotus,Evija,2021.0,123620.65,4744.0,,,,,1397.0,
Lotus,Evija,2019.0,134180.69,2771.0,,,,,1746.0,
Lotus,Evija,2021.0,94599.71,239.0,,,,,1811.0,
Lotus,Evija,2023.0,103614.33,16433.0,,,,,2001.0,
Lotus,Evija,2018.0,101973.44,4632.0,,,,,2034.0,
Lotus,Evija,2020.0,117415.69,18168.0,,,,,2454.0,
Lotus,Evija,2018.0,111405.69,3832.0,,,,,2496.0,
Lotus,Evija,2020.0,140321.99,8425.0,,,,,2651.0,
Lotus,Evija,2019.0,105337.0,5875.0,,,,,2710.0,
Lotus,Evija,2016.0,129649.85,12299.0,,,,,3005.0,
Volkswagen,ID.6,2023.0,133411.72,14066.0,,,,,84.0,
Volkswagen,ID.6,2018.0,82646.27,15902.0,,,,,314.0,
Volkswagen,ID.6,2017.0,45565.95,6745.0,,,,,704.0,
Volkswagen,ID.6,2017.0,83071.42,12273.0,,,,,1688.0,
Volkswagen,ID.6,2021.0,34418.3,8045.0,,,,,1756.0,
Volkswagen,ID.6,2022.0,91179.74,114.0,,,,,2061.0,
XPeng,P5,2019.0,143713.72,13121.0,,,,,85.0,
XPeng,P5,2021.0,39922.33,17306.0,,,,,152.0,
XPeng,P5,2024.0,95951.12,19869.0,,,,,288.0,
XPeng,P5,2021.0,56273.78,6756.0,,,,,735.0,
XPeng,P5,2024.0,138713.37,18765.0,,,,,1218.0,
XPeng,P5,2020.0,103396.27,16620.0,,,,,1292.0,
XPeng,P5,2016.0,41161.13,19121.0,,,,,1758.0,
XPeng,P5,2023.0,115441.78,2221.0,,,,,1759.0,
XPeng,P5,2022.0,90480.45,14893.0,,,,,2305.0,
XPeng,P5,2022.0,148873.52,6979.0,,,,,2514.0,
XPeng,P5,2023.0,95333.16,16521.0,,,,,2757.0,
XPeng,P5,2018.0,30014.46,13594.0,,,,,2849.0,
Hyundai,Ioniq 7 (upcoming),2019.0,105986.96,4839.0,,,,,86.0,
Hyundai,Ioniq 7 (upcoming),2022.0,44244.82,2978.0,,,,,246.0,
Hyundai,Ioniq 7 (upcoming),2018.0,37559.12,11117.0,,,,,388.0,
Hyundai,Ioniq 7 (upcoming),2023.0,63500.51,19391.0,,,,,400.0,
Hyundai,Ioniq 7 (upcoming),2020.0,89442.92,11820.0,,,,,982.0,
Hyundai,Ioniq 7 (upcoming),2015.0,109252.82,12103.0,,,,,1125.0,
Hyundai,Ioniq 7 (upcoming),2018.0,72201.03,16675.0,,,,,1475.0,
Hyundai,Ioniq 7 (upcoming),2022.0,56480.84,902.0,,,,,1581.0,
Hyundai,Ioniq 7 (upcoming),2019.0,112720.77,19486.0,,,,,2273.0,
Hyundai,Ioniq 7 (upcoming),2019.0,127678.89,19616.0,,,,,2633.0,
Hyundai,Ioniq 7 (upcoming),2020.0,123914.34,2811.0,,,,,2813.0,
Hyundai,Ioniq 7 (upcoming),2025.0,118326.64,650.0,,,,,3000.0,
Kia,Niro EV,2019.0,122741.77,10590.0,64.8,385.0,140.0,70.0,87.0,5.941358024691358
Kia,Niro EV,2020.0,88738.08,15003.0,64.8,385.0,140.0,70.0,169.0,5.941358024691358
Kia,Niro EV,2023.0,34769.4,6656.0,64.8,385.0,140.0,70.0,727.0,5.941358024691358
Kia,Niro EV,2019.0,100478.05,15512.0,64.8,385.0,140.0,70.0,750.0,5.941358024691358
Kia,Niro EV,2018.0,61940.89,19365.0,64.8,385.0,140.0,70.0,1123.0,5.941358024691358
Kia,Niro EV,2017.0,59972.8,3702.0,64.8,385.0,140.0,70.0,1270.0,5.941358024691358
Kia,Niro EV,2024.0,89190.75,1564.0,64.8,385.0,140.0,70.0,1406.0,5.941358024691358
Kia,Niro EV,2015.0,116770.4,3017.0,64.8,385.0,140.0,70.0,1561.0,5.941358024691358
Kia,Niro EV,2021.0,111527.69,14785.0,64.8,385.0,140.0,70.0,1697.0,5.941358024691358
Kia,Niro EV,2015.0,86155.45,7089.0,64.8,385.0,140.0,70.0,1927.0,5.941358024691358
Kia,Niro EV,2020.0,94152.18,9257.0,64.8,385.0,140.0,70.0,1956.0,5.941358024691358
Kia,Niro EV,2023.0,61333.09,7177.0,64.8,385.0,140.0,70.0,2608.0,5.941358024691358
Kia,Niro EV,2022.0,134031.68,16000.0,64.8,385.0,140.0,70.0,2609.0,5.941358024691358
Kia,Niro EV,2021.0,149154.47,7698.0,64.8,385.0,140.0,70.0,2763.0,5.941358024691358
Kia,Niro EV,2022.0,93696.17,2793.0,64.8,385.0,140.0,70.0,2953.0,5.941358024691358
Dacia,Jogger Hybrid,2023.0,92888.23,19591.0,,,,,90.0,
Dacia,Jogger Hybrid,2020.0,89282.63,2825.0,,,,,110.0,
Dacia,Jogger Hybrid,2025.0,131450.31,18318.0,,,,,229.0,
Dacia,Jogger Hybrid,2021.0,87542.19,11208.0,,,,,423.0,
Dacia,Jogger Hybrid,2020.0,92360.0,3210.0,,,,,490.0,
Dacia,Jogger Hybrid,2024.0,44853.79,17096.0,,,,,497.0,
Dacia,Jogger Hybrid,2019.0,48242.03,15386.0,,,,,881.0,
Dacia,Jogger Hybrid,2018.0,45955.45,450.0,,,,,1003.0,
Dacia,Jogger Hybrid,2025.0,76442.98,19951.0,,,,,1154.0,
Dacia,Jogger Hybrid,2023.0,52378.44,11542.0,,,,,1228.0,
Dacia,Jogger Hybrid,2017.0,81176.29,17536.0,,,,,1646.0,
Dacia,Jogger Hybrid,2018.0,52312.3,17531.0,,,,,1760.0,
Dacia,Jogger Hybrid,2021.0,147338.79,17417.0,,,,,1853.0,
Dacia,Jogger Hybrid,2019.0,134938.34,14163.0,,,,,1875.0,
Dacia,Jogger Hybrid,2018.0,58958.87,8118.0,,,,,2012.0,
Dacia,Jogger Hybrid,2020.0,63877.57,7755.0,,,,,2021.0,
Dacia,Jogger Hybrid,2018.0,119062.74,8989.0,,,,,2032.0,
Dacia,Jogger Hybrid,2020.0,70988.53,10122.0,,,,,2108.0,
Dacia,Jogger Hybrid,2018.0,148723.04,19140.0,,,,,2186.0,
Dacia,Jogger Hybrid,2015.0,93398.47,2255.0,,,,,2201.0,
Dacia,Jogger Hybrid,2022.0,89948.12,11481.0,,,,,2207.0,
Dacia,Jogger Hybrid,2017.0,133211.58,11158.0,,,,,2229.0,
Dacia,Jogger Hybrid,2017.0,60562.0,17681.0,,,,,2337.0,
Dacia,Jogger Hybrid,2015.0,147907.91,7806.0,,,,,2462.0,
Dacia,Jogger Hybrid,2020.0,100957.07,13593.0,,,,,2531.0,
Dacia,Jogger Hybrid,2016.0,34947.7,3140.0,,,,,2622.0,
Dacia,Jogger Hybrid,2024.0,61938.57,162.0,,,,,2691.0,
Dacia,Jogger Hybrid,2022.0,56065.48,6947.0,,,,,2948.0,
VinFast,VF 8,2016.0,116848.04,10165.0,,,,,91.0,
VinFast,VF 8,2023.0,35436.4,4580.0,,,,,120.0,
VinFast,VF 8,2023.0,123710.99,17911.0,,,,,256.0,
VinFast,VF 8,2018.0,144914.84,11831.0,,,,,414.0,
VinFast,VF 8,2017.0,95920.71,13822.0,,,,,621.0,
VinFast,VF 8,2019.0,48027.33,510.0,,,,,679.0,
VinFast,VF 8,2021.0,41961.51,18382.0,,,,,740.0,
VinFast,VF 8,2021.0,147010.55,10060.0,,,,,830.0,
VinFast,VF 8,2020.0,107500.99,17154.0,,,,,903.0,
VinFast,VF 8,2015.0,120006.24,14627.0,,,,,1543.0,
VinFast,VF 8,2025.0,68659.02,4581.0,,,,,1611.0,
VinFast,VF 8,2020.0,93841.4,19775.0,,,,,1681.0,
VinFast,VF 8,2019.0,102838.46,16471.0,,,,,1778.0,
VinFast,VF 8,2024.0,30144.88,12303.0,,,,,1918.0,
VinFast,VF 8,2016.0,123717.2,19920.0,,,,,1983.0,
VinFast,VF 8,2015.0,52658.33,18691.0,,,,,2045.0,
VinFast,VF 8,2016.0,45722.66,16895.0,,,,,2089.0,
VinFast,VF 8,2018.0,98961.34,12955.0,,,,,2664.0,
VinFast,VF 8,2021.0,31626.18,8254.0,,,,,2684.0,
Mercedes-Benz,EQB,2024.0,96544.89,16821.0,,,,,96.0,
Mercedes-Benz,EQB,2022.0,89468.11,4306.0,,,,,598.0,
Mercedes-Benz,EQB,2021.0,91975.96,9948.0,,,,,805.0,
Mercedes-Benz,EQB,2018.0,144748.88,18304.0,,,,,1931.0,
Mercedes-Benz,EQB,2024.0,42283.44,12761.0,,,,,2289.0,
Mercedes-Benz,EQB,2015.0,133646.9,9164.0,,,,,2299.0,
Zeekr,Zeekr 001,2018.0,77574.48,3246.0,,,,,97.0,
Zeekr,Zeekr 001,2018.0,108479.13,12090.0,,,,,546.0,
Zeekr,Zeekr 001,2023.0,105274.21,15876.0,,,,,730.0,
Zeekr,Zeekr 001,2023.0,111668.92,18444.0,,,,,831.0,
Zeekr,Zeekr 001,2023.0,47775.86,16658.0,,,,,1115.0,
Zeekr,Zeekr 001,2018.0,32326.34,694.0,,,,,1849.0,
Zeekr,Zeekr 001,2020.0,110839.03,10684.0,,,,,2013.0,
Zeekr,Zeekr 001,2024.0,79780.04,8091.0,,,,,2081.0,
Zeekr,Zeekr 001,2017.0,53365.59,1354.0,,,,,2094.0,
Zeekr,Zeekr 001,2015.0,78547.36,4619.0,,,,,2099.0,
Zeekr,Zeekr 001,2022.0,108085.62,19729.0,,,,,2245.0,
Zeekr,Zeekr 001,2015.0,124461.54,2599.0,,,,,2312.0,
Zeekr,Zeekr 001,2025.0,31509.22,11470.0,,,,,2424.0,
Zeekr,Zeekr 001,2024.0,129609.13,14555.0,,,,,2576.0,
Zeekr,Zeekr 001,2021.0,110005.01,14709.0,,,,,2597.0,
Zeekr,Zeekr 001,2025.0,50697.52,15792.0,,,,,2702.0,
Zeekr,Zeekr 001,2016.0,114250.52,4157.0,,,,,2952.0,
Genesis,GV80 Electric,2017.0,46655.12,7066.0,,,,,98.0,
Genesis,GV80 Electric,2019.0,106871.37,1860.0,,,,,227.0,
Genesis,GV80 Electric,2016.0,119538.07,17381.0,,,,,378.0,
Genesis,GV80 Electric,2024.0,44256.31,2936.0,,,,,578.0,
Genesis,GV80 Electric,2021.0,135220.69,2855.0,,,,,1438.0,
Genesis,GV80 Electric,2016.0,90848.0,12688.0,,,,,1442.0,
Genesis,GV80 Electric,2017.0,55298.47,16334.0,,,,,1674.0,
Genesis,GV80 Electric,2017.0,102936.67,3079.0,,,,,2133.0,
Genesis,GV80 Electric,2019.0,47508.83,4923.0,,,,,2225.0,
Genesis,GV80 Electric,2015.0,51956.69,16750.0,,,,,2279.0,
Genesis,GV80 Electric,2023.0,55826.21,7243.0,,,,,2338.0,
Genesis,GV80 Electric,2018.0,55490.12,14362.0,,,,,2351.0,
Genesis,GV80 Electric,2025.0,120829.71,18894.0,,,,,2653.0,
Genesis,GV80 Electric,2022.0,74478.92,5147.0,,,,,2823.0,
Genesis,GV80 Electric,2023.0,42757.43,14806.0,,,,,2914.0,
Genesis,GV80 Electric,2019.0,35807.6,8344.0,,,,,2918.0,
Genesis,GV80 Electric,2018.0,63814.09,6301.0,,,,,2972.0,
MG,MG4 Electric,2017.0,79988.11,16633.0,,,,,100.0,
MG,MG4 Electric,2025.0,97387.72,5243.0,,,,,1678.0,
MG,MG4 Electric,2018.0,147982.91,6562.0,,,,,1755.0,
MG,MG4 Electric,2020.0,117535.17,16599.0,,,,,1814.0,
MG,MG4 Electric,2019.0,59036.69,314.0,,,,,2019.0,
MG,MG4 Electric,2025.0,33754.03,10169.0,,,,,2267.0,
MG,MG4 Electric,2020.0,68352.92,7144.0,,,,,2342.0,
MG,MG4 Electric,2019.0,137367.83,9143.0,,,,,2690.0,
MG,MG4 Electric,2018.0,113294.97,3955.0,,,,,2822.0,
MG,MG4 Electric,2024.0,97494.53,13245.0,,,,,2935.0,
MG,MG4 Electric,2020.0,46160.23,10541.0,,,,,2971.0,
MG,MG4 Electric,2016.0,148993.26,5786.0,,,,,3022.0,
Chevrolet,Volt (PHEV),2023.0,87423.74,6605.0,,,,,102.0,
Chevrolet,Volt (PHEV),2023.0,108912.2,13094.0,,,,,164.0,
Chevrolet,Volt (PHEV),2024.0,148127.33,18142.0,,,,,323.0,
Chevrolet,Volt (PHEV),2021.0,144087.21,6622.0,,,,,356.0,
Chevrolet,Volt (PHEV),2021.0,32074.49,17739.0,,,,,1300.0,
Chevrolet,Volt (PHEV),2021.0,96057.48,9823.0,,,,,1432.0,
Chevrolet,Volt (PHEV),2024.0,114467.86,9188.0,,,,,1691.0,
Chevrolet,Volt (PHEV),2025.0,139406.73,506.0,,,,,1824.0,
Chevrolet,Volt (PHEV),2023.0,139549.21,18128.0,,,,,2505.0,
Chevrolet,Volt (PHEV),2020.0,87306.92,10084.0,,,,,2602.0,
Chevrolet,Volt (PHEV),2024.0,135418.32,960.0,,,,,2848.0,
Zeekr,Zeekr X,2023.0,66779.5,11552.0,,,,,105.0,
Zeekr,Zeekr X,2017.0,53531.92,18874.0,,,,,328.0,
Zeekr,Zeekr X,2016.0,113446.86,11642.0,,,,,371.0,
Zeekr,Zeekr X,2020.0,65989.08,17942.0,,,,,441.0,
Zeekr,Zeekr X,2024.0,54168.12,15424.0,,,,,553.0,
Zeekr,Zeekr X,2023.0,143995.72,510.0,,,,,863.0,
Zeekr,Zeekr X,2018.0,36659.25,16620.0,,,,,1480.0,
Zeekr,Zeekr X,2025.0,119345.97,12683.0,,,,,2326.0,
Zeekr,Zeekr X,2018.0,45983.11,13618.0,,,,,2384.0,
Zeekr,Zeekr X,2017.0,86401.31,11284.0,,,,,2540.0,
Zeekr,Zeekr X,2022.0,35431.1,11287.0,,,,,2874.0,
Zeekr,Zeekr 009,2025.0,126131.52,1140.0,,,,,106.0,
Zeekr,Zeekr 009,2015.0,101271.08,18650.0,,,,,624.0,
Zeekr,Zeekr 009,2024.0,136391.43,1762.0,,,,,767.0,
Zeekr,Zeekr 009,2015.0,121572.63,12396.0,,,,,1053.0,
Zeekr,Zeekr 009,2015.0,126194.58,3792.0,,,,,1087.0,
Zeekr,Zeekr 009,2022.0,66327.08,15105.0,,,,,1170.0,
Zeekr,Zeekr 009,2021.0,79140.51,7169.0,,,,,1786.0,
Zeekr,Zeekr 009,2018.0,36429.04,6685.0,,,,,2077.0,
Zeekr,Zeekr 009,2025.0,104422.93,18156.0,,,,,2156.0,
Zeekr,Zeekr 009,2020.0,37442.77,15979.0,,,,,2320.0,
Zeekr,Zeekr 009,2022.0,72912.54,2603.0,,,,,2716.0,
Zeekr,Zeekr 009,2024.0,36541.85,15900.0,,,,,2804.0,
Zeekr,Zeekr 009,2020.0,126025.02,9919.0,,,,,2924.0,
Volkswagen,ID.2all,2016.0,127261.59,5161.0,,,,,109.0,
Volkswagen,ID.2all,2021.0,132263.32,1523.0,,,,,249.0,
Volkswagen,ID.2all,2021.0,91938.64,16952.0,,,,,484.0,
Volkswagen,ID.2all,2015.0,134369.9,4583.0,,,,,745.0,
Volkswagen,ID.2all,2020.0,31674.02,15475.0,,,,,896.0,
Volkswagen,ID.2all,2024.0,106420.01,100.0,,,,,1039.0,
Volkswagen,ID.2all,2023.0,88149.47,12075.0,,,,,1589.0,
Volkswagen,ID.2all,2023.0,92651.21,13535.0,,,,,2106.0,
Volkswagen,ID.2all,2015.0,139205.71,11760.0,,,,,2162.0,
Volkswagen,ID.2all,2015.0,116502.32,10842.0,,,,,2863.0,
Volkswagen,ID.2all,2015.0,142589.43,19203.0,,,,,3017.0,
Subaru,Solterra,2022.0,68043.32,19260.0,,,,,111.0,
Subaru,Solterra,2021.0,106645.36,19848.0,,,,,133.0,
Subaru,Solterra,2016.0,49722.49,7597.0,,,,,167.0,
Subaru,Solterra,2016.0,144361.94,8806.0,,,,,189.0,
Subaru,Solterra,2020.0,56494.56,17984.0,,,,,267.0,
Subaru,Solterra,2023.0,37204.37,11828.0,,,,,298.0,
Subaru,Solterra,2020.0,86307.89,19583.0,,,,,374.0,
Subaru,Solterra,2015.0,65010.39,9104.0,,,,,375.0,
Subaru,Solterra,2019.0,90852.94,6594.0,,,,,519.0,
Subaru,Solterra,2018.0,147252.22,6214.0,,,,,524.0,
Subaru,Solterra,2025.0,90297.0,19819.0,,,,,537.0,
Subaru,Solterra,2018.0,66514.8,5955.0,,,,,602.0,
Subaru,Solterra,2020.0,76876.96,3309.0,,,,,630.0,
Subaru,Solterra,2017.0,84625.96,5594.0,,,,,673.0,
Subaru,Solterra,2020.0,54048.78,8019.0,,,,,768.0,
Subaru,Solterra,2019.0,123720.42,17423.0,,,,,774.0,
Subaru,Solterra,2018.0,94432.04,2732.0,,,,,800.0,
Subaru,Solterra,2019.0,149808.37,17398.0,,,,,995.0,
Subaru,Solterra,2025.0,76244.01,15516.0,,,,,1236.0,
Subaru,Solterra,2018.0,104436.5,15550.0,,,,,1240.0,
Subaru,Solterra,2019.0,56738.67,5163.0,,,,,1256.0,
Subaru,Solterra,2023.0,32497.15,11447.0,,,,,1272.0,
Subaru,Solterra,2024.0,43415.17,2095.0,,,,,1281.0,
Subaru,Solterra,2015.0,57073.06,11446.0,,,,,1288.0,
Subaru,Solterra,2016.0,100763.28,5098.0,,,,,1378.0,
Subaru,Solterra,2025.0,90622.66,17767.0,,,,,1437.0,
Subaru,Solterra,2016.0,149266.07,65.0,,,,,1448.0,
Subaru,Solterra,2018.0,117745.81,11717.0,,,,,1559.0,
Subaru,Solterra,2015.0,141099.55,1296.0,,,,,1585.0,
Subaru,Solterra,2015.0,116417.55,10332.0,,,,,1609.0,
Subaru,Solterra,2019.0,77451.35,7743.0,,,,,1706.0,
Subaru,Solterra,2017.0,134555.19,13476.0,,,,,1745.0,
Subaru,Solterra,2023.0,61220.49,7960.0,,,,,1819.0,
Subaru,Solterra,2020.0,44805.94,18991.0,,,,,1825.0,
Subaru,Solterra,2022.0,125483.6,7441.0,,,,,2120.0,
Subaru,Solterra,2015.0,39534.92,3063.0,,,,,2175.0,
Subaru,Solterra,2015.0,73442.04,3936.0,,,,,2213.0,
Subaru,Solterra,2023.0,76270.21,18897.0,,,,,2237.0,
Subaru,Solterra,2018.0,58888.54,863.0,,,,,2254.0,
Subaru,Solterra,2016.0,65307.45,7681.0,,,,,2258.0,
Subaru,Solterra,2019.0,93848.73,14990.0,,,,,2282.0,
Subaru,Solterra,2019.0,42690.33,5873.0,,,,,2336.0,
Subaru,Solterra,2019.0,96868.41,18123.0,,,,,2382.0,
Subaru,Solterra,2015.0,119339.11,5705.0,,,,,2434.0,
Subaru,Solterra,2024.0,68380.78,17565.0,,,,,2444.0,
Subaru,Solterra,2015.0,144721.18,4883.0,,,,,2532.0,
Subaru,Solterra,2022.0,59455.97,13604.0,,,,,2835.0,
Subaru,Solterra,2019.0,129006.91,8411.0,,,,,2917.0,
Subaru,Solterra,2015.0,145578.7,11927.0,,,,,2922.0,
Subaru,Solterra,2015.0,70271.91,17242.0,,,,,2963.0,
Subaru,Solterra,2023.0,84736.45,5782.0,,,,,2968.0,
Lucid Motors,Lucid DreamDrive,2023.0,50236.31,1349.0,,,,,113.0,
Lucid Motors,Lucid DreamDrive,2023.0,145115.74,1038.0,,,,,151.0,
Lucid Motors,Lucid DreamDrive,2017.0,73252.25,7672.0,,,,,180.0,
Lucid Motors,Lucid DreamDrive,2023.0,110882.93,11571.0,,,,,287.0,
Lucid Motors,Lucid DreamDrive,2025.0,106908.47,1024.0,,,,,317.0,
Lucid Motors,Lucid DreamDrive,2019.0,107068.83,16785.0,,,,,812.0,
Lucid Motors,Lucid DreamDrive,2020.0,148028.51,6292.0,,,,,884.0,
Lucid Motors,Lucid DreamDrive,2022.0,106007.59,15652.0,,,,,937.0,
Lucid Motors,Lucid DreamDrive,2019.0,56467.88,16701.0,,,,,1007.0,
Lucid Motors,Lucid DreamDrive,2019.0,71254.79,4413.0,,,,,1212.0,
Lucid Motors,Lucid DreamDrive,2017.0,79310.66,13117.0,,,,,1224.0,
Lucid Motors,Lucid DreamDrive,2019.0,44215.66,16274.0,,,,,1376.0,
Lucid Motors,Lucid DreamDrive,2021.0,83924.64,1893.0,,,,,1398.0,
Lucid Motors,Lucid DreamDrive,2016.0,125664.43,9844.0,,,,,1848.0,
Lucid Motors,Lucid DreamDrive,2016.0,74038.95,4997.0,,,,,1896.0,
Lucid Motors,Lucid DreamDrive,2025.0,40420.46,5922.0,,,,,2411.0,
Lucid Motors,Lucid DreamDrive,2015.0,135951.34,5561.0,,,,,2755.0,
Lucid Motors,Lucid DreamDrive,2024.0,93513.69,12376.0,,,,,2834.0,
Lucid Motors,Lucid DreamDrive,2015.0,137771.94,13514.0,,,,,2881.0,
Citroen,ë-Spacetourer,2023.0,83951.52,8135.0,,,,,116.0,
Citroen,ë-Spacetourer,2018.0,96249.52,16803.0,,,,,145.0,
Citroen,ë-Spacetourer,2015.0,89216.02,19664.0,,,,,346.0,
Citroen,ë-Spacetourer,2023.0,62995.5,10499.0,,,,,498.0,
Citroen,ë-Spacetourer,2016.0,101387.02,3251.0,,,,,644.0,
Citroen,ë-Spacetourer,2017.0,40159.09,10856.0,,,,,685.0,
Citroen,ë-Spacetourer,2024.0,91704.03,16484.0,,,,,802.0,
Citroen,ë-Spacetourer,2018.0,131147.18,4511.0,,,,,909.0,
Citroen,ë-Spacetourer,2019.0,52920.79,2196.0,,,,,926.0,
Citroen,ë-Spacetourer,2024.0,72072.6,16087.0,,,,,1334.0,
Citroen,ë-Spacetourer,2019.0,137260.04,3508.0,,,,,1367.0,
Citroen,ë-Spacetourer,2022.0,35107.21,17722.0,,,,,1481.0,
Citroen,ë-Spacetourer,2023.0,37686.41,2272.0,,,,,1933.0,
Citroen,ë-Spacetourer,2018.0,135274.2,11605.0,,,,,2041.0,
Citroen,ë-Spacetourer,2024.0,115391.86,15938.0,,,,,2048.0,
Citroen,ë-Spacetourer,2018.0,63868.89,4708.0,,,,,2114.0,
Citroen,ë-Spacetourer,2024.0,116002.81,5138.0,,,,,2163.0,
Citroen,ë-Spacetourer,2023.0,35036.66,9193.0,,,,,2629.0,
Citroen,ë-Spacetourer,2021.0,73917.98,5041.0,,,,,3010.0,
Canoo,Pickup,2024.0,91766.98,7049.0,,,,,117.0,
Canoo,Pickup,2020.0,61058.48,4220.0,,,,,200.0,
Canoo,Pickup,2019.0,57354.89,2925.0,,,,,221.0,
Canoo,Pickup,2019.0,102009.93,942.0,,,,,456.0,
Canoo,Pickup,2020.0,141945.82,12799.0,,,,,619.0,
Canoo,Pickup,2018.0,67419.05,12634.0,,,,,667.0,
Canoo,Pickup,2021.0,31251.56,7306.0,,,,,866.0,
Canoo,Pickup,2020.0,136125.65,6761.0,,,,,914.0,
Canoo,Pickup,2023.0,94892.04,9582.0,,,,,921.0,
Canoo,Pickup,2018.0,116940.71,16722.0,,,,,1163.0,
Canoo,Pickup,2019.0,72302.61,3584.0,,,,,1269.0,
Canoo,Pickup,2024.0,93221.51,7187.0,,,,,1283.0,
Canoo,Pickup,2024.0,54749.62,7779.0,,,,,1447.0,
Canoo,Pickup,2016.0,76680.48,18058.0,,,,,1504.0,
Canoo,Pickup,2021.0,60871.19,17487.0,,,,,1512.0,
Canoo,Pickup,2015.0,35469.82,13474.0,,,,,1522.0,
Canoo,Pickup,2023.0,85510.76,6691.0,,,,,1640.0,
Canoo,Pickup,2016.0,122483.37,698.0,,,,,1874.0,
Canoo,Pickup,2020.0,114494.92,17416.0,,,,,1943.0,
Canoo,Pickup,2015.0,117460.47,10833.0,,,,,2274.0,
Canoo,Pickup,2016.0,120790.84,17102.0,,,,,2293.0,
Canoo,Pickup,2017.0,125712.83,17897.0,,,,,2418.0,
Canoo,Pickup,2023.0,124052.49,8080.0,,,,,2548.0,
Canoo,Pickup,2025.0,111104.82,4062.0,,,,,2614.0,
Fisker,Ocean,2015.0,30981.29,11991.0,,,,,118.0,
Fisker,Ocean,2015.0,123761.92,14715.0,,,,,495.0,
Fisker,Ocean,2018.0,66690.04,19419.0,,,,,749.0,
Fisker,Ocean,2020.0,49594.67,14406.0,,,,,817.0,
Fisker,Ocean,2022.0,89655.95,1885.0,,,,,850.0,
Fisker,Ocean,2016.0,128789.9,3045.0,,,,,1103.0,
Fisker,Ocean,2016.0,40855.9,19698.0,,,,,1413.0,
Fisker,Ocean,2015.0,80839.11,13446.0,,,,,1429.0,
Fisker,Ocean,2021.0,123466.14,17917.0,,,,,1459.0,
Fisker,Ocean,2020.0,131326.08,9361.0,,,,,1527.0,
Fisker,Ocean,2025.0,33180.33,13329.0,,,,,1619.0,
Fisker,Ocean,2020.0,45848.28,16339.0,,,,,1872.0,
Fisker,Ocean,2024.0,130671.1,15106.0,,,,,1992.0,
Fisker,Ocean,2017.0,86121.91,7389.0,,,,,2129.0,
Fisker,Ocean,2022.0,114173.39,6199.0,,,,,2206.0,
Fisker,Ocean,2024.0,62600.87,13687.0,,,,,2223.0,
Fisker,Ocean,2017.0,98668.26,501.0,,,,,2484.0,
Fisker,Ocean,2022.0,108304.18,12227.0,,,,,2557.0,
Fisker,Ocean,2024.0,74293.26,18274.0,,,,,2612.0,
Fisker,Ocean,2019.0,53694.85,11799.0,,,,,2615.0,
Fisker,Ocean,2025.0,69588.13,16294.0,,,,,2687.0,
Fisker,Ocean,2024.0,117494.54,13576.0,,,,,2887.0,
Fisker,Ocean,2018.0,45084.58,2853.0,,,,,2959.0,
XPeng,P7,2024.0,90510.66,12907.0,,,,,119.0,
XPeng,P7,2017.0,82012.23,1600.0,,,,,779.0,
XPeng,P7,2025.0,71435.9,968.0,,,,,783.0,
XPeng,P7,2022.0,50869.75,19739.0,,,,,1051.0,
XPeng,P7,2025.0,100851.59,12848.0,,,,,1129.0,
XPeng,P7,2015.0,76102.93,14733.0,,,,,1518.0,
XPeng,P7,2018.0,146690.38,6159.0,,,,,2030.0,
XPeng,P7,2015.0,66666.32,14379.0,,,,,2137.0,
XPeng,P7,2020.0,117443.56,2185.0,,,,,2643.0,
XPeng,P7,2021.0,60725.82,19215.0,,,,,2703.0,
Canoo,MPDV,2018.0,82924.63,2040.0,,,,,123.0,
Canoo,MPDV,2017.0,96763.7,19253.0,,,,,218.0,
Canoo,MPDV,2015.0,44482.56,8765.0,,,,,480.0,
Canoo,MPDV,2021.0,43995.32,15712.0,,,,,579.0,
Canoo,MPDV,2023.0,54895.65,14654.0,,,,,581.0,
Canoo,MPDV,2023.0,81526.42,4007.0,,,,,658.0,
Canoo,MPDV,2019.0,64559.11,15622.0,,,,,672.0,
Canoo,MPDV,2024.0,103122.42,9895.0,,,,,778.0,
Canoo,MPDV,2021.0,143513.97,11750.0,,,,,841.0,
Canoo,MPDV,2022.0,60384.04,5383.0,,,,,922.0,
Canoo,MPDV,2025.0,52846.46,5527.0,,,,,1062.0,
Canoo,MPDV,2019.0,97403.74,18594.0,,,,,1167.0,
Canoo,MPDV,2017.0,101237.81,2838.0,,,,,1178.0,
Canoo,MPDV,2016.0,74653.58,17807.0,,,,,1278.0,
Canoo,MPDV,2015.0,140194.9,1377.0,,,,,1458.0,
Canoo,MPDV,2025.0,53963.06,18138.0,,,,,1482.0,
Canoo,MPDV,2022.0,141375.16,12155.0,,,,,1487.0,
Canoo,MPDV,2023.0,129205.31,2104.0,,,,,1514.0,
Canoo,MPDV,2019.0,105056.91,12552.0,,,,,1627.0,
Canoo,MPDV,2016.0,138225.25,1024.0,,,,,1687.0,
Canoo,MPDV,2023.0,40854.18,9757.0,,,,,1692.0,
Canoo,MPDV,2018.0,66665.25,6154.0,,,,,1734.0,
Canoo,MPDV,2018.0,65684.76,2730.0,,,,,1823.0,
Canoo,MPDV,2023.0,89012.86,8970.0,,,,,2405.0,
Canoo,MPDV,2016.0,46097.17,6678.0,,,,,2431.0,
Canoo,MPDV,2015.0,137707.73,4044.0,,,,,2621.0,
Canoo,MPDV,2017.0,128943.61,12239.0,,,,,2774.0,
Canoo,MPDV,2015.0,55327.67,9353.0,,,,,2987.0,
Volkswagen,ID.7,2018.0,67650.31,8662.0,,,,,124.0,
Volkswagen,ID.7,2019.0,139215.78,7739.0,,,,,376.0,
Volkswagen,ID.7,2023.0,113631.44,19947.0,,,,,722.0,
Volkswagen,ID.7,2025.0,138533.93,7352.0,,,,,1366.0,
Volkswagen,ID.7,2024.0,146020.29,1700.0,,,,,1841.0,
Volkswagen,ID.7,2025.0,77869.15,18224.0,,,,,1976.0,
Volkswagen,ID.7,2017.0,98099.62,4293.0,,,,,2443.0,
Volkswagen,ID.7,2019.0,109264.82,3128.0,,,,,2542.0,
Volkswagen,ID.7,2021.0,32066.13,4840.0,,,,,2590.0,
Volkswagen,ID.7,2022.0,43456.03,7691.0,,,,,2632.0,
Volkswagen,ID.7,2019.0,32253.88,14360.0,,,,,2727.0,
Volkswagen,ID.7,2019.0,30726.36,12636.0,,,,,2994.0,
Great Wall Motors,ORA Good Cat,2018.0,114588.11,8960.0,,,,,125.0,
Great Wall Motors,ORA Good Cat,2020.0,120042.62,19103.0,,,,,331.0,
Great Wall Motors,ORA Good Cat,2017.0,130905.23,17250.0,,,,,413.0,
Great Wall Motors,ORA Good Cat,2022.0,30944.91,9528.0,,,,,475.0,
Great Wall Motors,ORA Good Cat,2025.0,127024.03,13858.0,,,,,638.0,
Great Wall Motors,ORA Good Cat,2021.0,96774.02,3978.0,,,,,662.0,
Great Wall Motors,ORA Good Cat,2019.0,108040.44,6428.0,,,,,701.0,
Great Wall Motors,ORA Good Cat,2024.0,98891.32,10059.0,,,,,1294.0,
Great Wall Motors,ORA Good Cat,2020.0,51696.0,14404.0,,,,,1304.0,
Great Wall Motors,ORA Good Cat,2022.0,47363.97,13019.0,,,,,1346.0,
Great Wall Motors,ORA Good Cat,2021.0,114739.99,16059.0,,,,,1400.0,
Great Wall Motors,ORA Good Cat,2015.0,115802.95,3960.0,,,,,1647.0,
Great Wall Motors,ORA Good Cat,2015.0,116072.57,18370.0,,,,,1704.0,
Great Wall Motors,ORA Good Cat,2020.0,115003.58,11019.0,,,,,1800.0,
Great Wall Motors,ORA Good Cat,2015.0,115673.64,13149.0,,,,,2512.0,
Great Wall Motors,ORA Good Cat,2019.0,116483.56,6500.0,,,,,2556.0,
Great Wall Motors,ORA Good Cat,2021.0,39124.22,18747.0,,,,,2579.0,
Great Wall Motors,ORA Good Cat,2023.0,122176.3,391.0,,,,,2668.0,
Great Wall Motors,ORA Good Cat,2025.0,78123.74,19868.0,,,,,2711.0,
Toyota,Lexus UX 300e,2019.0,110380.08,3294.0,,,,,127.0,
Toyota,Lexus UX 300e,2025.0,88347.23,14810.0,,,,,406.0,
Toyota,Lexus UX 300e,2023.0,42307.93,13996.0,,,,,616.0,
Toyota,Lexus UX 300e,2023.0,126838.62,8613.0,,,,,829.0,
Toyota,Lexus UX 300e,2018.0,34725.4,14448.0,,,,,882.0,
Toyota,Lexus UX 300e,2015.0,114061.79,15010.0,,,,,885.0,
Toyota,Lexus UX 300e,2017.0,51906.72,9639.0,,,,,1076.0,
Toyota,Lexus UX 300e,2015.0,73706.65,1114.0,,,,,1184.0,
Toyota,Lexus UX 300e,2022.0,31450.55,15784.0,,,,,1435.0,
Toyota,Lexus UX 300e,2019.0,39161.99,7432.0,,,,,1542.0,
Toyota,Lexus UX 300e,2019.0,39521.93,10805.0,,,,,1787.0,
Toyota,Lexus UX 300e,2017.0,126350.58,10644.0,,,,,2043.0,
Toyota,Lexus UX 300e,2022.0,97244.12,19481.0,,,,,2052.0,
Toyota,Lexus UX 300e,2018.0,41524.59,750.0,,,,,2079.0,
Toyota,Lexus UX 300e,2022.0,33018.07,16263.0,,,,,2121.0,
Toyota,Lexus UX 300e,2023.0,96119.61,16355.0,,,,,2215.0,
Toyota,Lexus UX 300e,2023.0,79586.51,3885.0,,,,,2537.0,
Toyota,Lexus UX 300e,2024.0,133274.31,11302.0,,,,,2577.0,
Toyota,Lexus UX 300e,2022.0,140094.56,17624.0,,,,,2583.0,
Toyota,Lexus UX 300e,2018.0,121086.77,11888.0,,,,,2655.0,
Toyota,Lexus UX 300e,2025.0,47229.96,17252.0,,,,,2712.0,
Toyota,Lexus UX 300e,2016.0,90771.06,9652.0,,,,,2713.0,
Kia,EV6,2019.0,46103.99,8430.0,,,,,130.0,
Kia,EV6,2019.0,62994.17,1875.0,,,,,755.0,
Kia,EV6,2023.0,85669.67,10946.0,,,,,786.0,
Kia,EV6,2024.0,34892.74,7175.0,,,,,846.0,
Kia,EV6,2018.0,69013.39,4781.0,,,,,1004.0,
Kia,EV6,2020.0,136331.87,10397.0,,,,,1082.0,
Kia,EV6,2019.0,148229.97,19691.0,,,,,1729.0,
Kia,EV6,2022.0,86094.97,1828.0,,,,,1731.0,
Kia,EV6,2024.0,118260.66,9672.0,,,,,1768.0,
Kia,EV6,2024.0,123525.29,17170.0,,,,,2073.0,
Kia,EV6,2025.0,115591.46,18529.0,,,,,2507.0,
Kia,EV6,2019.0,108822.94,12815.0,,,,,2568.0,
Kia,EV6,2016.0,79602.02,6319.0,,,,,2737.0,
Kia,EV6,2016.0,41978.04,5551.0,,,,,2970.0,
Porsche,Taycan,2020.0,132737.58,4607.0,82.3,495.0,164.0,195.0,131.0,6.014580801944107
Porsche,Taycan,2020.0,120331.36,11307.0,82.3,495.0,164.0,195.0,377.0,6.014580801944107
Porsche,Taycan,2021.0,71090.83,17861.0,82.3,495.0,164.0,195.0,637.0,6.014580801944107
Porsche,Taycan,2024.0,37617.73,18828.0,82.3,495.0,164.0,195.0,1073.0,6.014580801944107
Porsche,Taycan,2016.0,46873.35,12306.0,82.3,495.0,164.0,195.0,1107.0,6.014580801944107
Porsche,Taycan,2020.0,100599.16,12777.0,82.3,495.0,164.0,195.0,1165.0,6.014580801944107
Porsche,Taycan,2016.0,106811.1,8073.0,82.3,495.0,164.0,195.0,1307.0,6.014580801944107
Porsche,Taycan,2017.0,62078.29,16416.0,82.3,495.0,164.0,195.0,1433.0,6.014580801944107
Porsche,Taycan,2020.0,103045.6,2169.0,82.3,495.0,164.0,195.0,1523.0,6.014580801944107
Porsche,Taycan,2023.0,106223.17,19968.0,82.3,495.0,164.0,195.0,1967.0,6.014580801944107
Porsche,Taycan,2025.0,63585.73,5669.0,82.3,495.0,164.0,195.0,2438.0,6.014580801944107
Porsche,Taycan,2019.0,98898.46,12510.0,82.3,495.0,164.0,195.0,3014.0,6.014580801944107
BMW,iX1,2023.0,92440.98,14858.0,,,,,135.0,
BMW,iX1,2021.0,54400.41,1688.0,,,,,143.0,
BMW,iX1,2015.0,74957.36,6296.0,,,,,544.0,
BMW,iX1,2019.0,74918.65,18801.0,,,,,694.0,
BMW,iX1,2025.0,32823.64,1167.0,,,,,776.0,
BMW,iX1,2016.0,38813.06,4017.0,,,,,979.0,
BMW,iX1,2018.0,121528.34,5751.0,,,,,1044.0,
BMW,iX1,2021.0,33674.5,17750.0,,,,,2033.0,
BMW,iX1,2022.0,88736.73,7902.0,,,,,2054.0,
BMW,iX1,2015.0,57780.54,968.0,,,,,2493.0,
BMW,iX1,2015.0,67652.57,3410.0,,,,,2503.0,
BMW,iX1,2019.0,82632.21,6040.0,,,,,2617.0,
MG,MG ES5,2022.0,77513.85,2089.0,,,,,136.0,
MG,MG ES5,2017.0,93771.59,39.0,,,,,280.0,
MG,MG ES5,2018.0,76573.9,17218.0,,,,,526.0,
MG,MG ES5,2017.0,119971.74,7781.0,,,,,1074.0,
MG,MG ES5,2019.0,120192.95,224.0,,,,,1519.0,
MG,MG ES5,2024.0,133478.74,6299.0,,,,,1830.0,
MG,MG ES5,2017.0,75133.9,18134.0,,,,,1912.0,
MG,MG ES5,2018.0,86604.38,13984.0,,,,,1932.0,
MG,MG ES5,2021.0,141611.08,5614.0,,,,,2000.0,
MG,MG ES5,2021.0,121464.84,997.0,,,,,2166.0,
MG,MG ES5,2025.0,99140.81,2298.0,,,,,2504.0,
MG,MG ES5,2017.0,47157.55,14591.0,,,,,2728.0,
MG,MG ES5,2017.0,73248.28,16076.0,,,,,2770.0,
BMW,i3,2022.0,147399.99,12309.0,,,,,137.0,
BMW,i3,2017.0,67524.85,4534.0,,,,,240.0,
BMW,i3,2022.0,120754.38,19969.0,,,,,1286.0,
BMW,i3,2018.0,141663.41,12828.0,,,,,1636.0,
BMW,i3,2017.0,61916.38,14370.0,,,,,2306.0,
BMW,i3,2020.0,69357.36,6243.0,,,,,2722.0,
BMW,i3,2024.0,91216.23,11129.0,,,,,2925.0,
BMW,i3,2021.0,110981.46,504.0,,,,,2990.0,
Renault,Kangoo E-Tech,2023.0,63077.97,7886.0,,,,,139.0,
Renault,Kangoo E-Tech,2016.0,68766.41,13564.0,,,,,620.0,
Renault,Kangoo E-Tech,2019.0,132858.82,5836.0,,,,,731.0,
Renault,Kangoo E-Tech,2015.0,144221.53,5288.0,,,,,788.0,
Renault,Kangoo E-Tech,2020.0,87621.07,3514.0,,,,,915.0,
Renault,Kangoo E-Tech,2015.0,47756.64,17767.0,,,,,971.0,
Renault,Kangoo E-Tech,2018.0,134813.3,9522.0,,,,,1032.0,
Renault,Kangoo E-Tech,2017.0,94398.55,2905.0,,,,,1204.0,
Renault,Kangoo E-Tech,2019.0,103578.72,19080.0,,,,,1545.0,
Renault,Kangoo E-Tech,2021.0,118844.33,9046.0,,,,,1554.0,
Renault,Kangoo E-Tech,2025.0,44938.27,12217.0,,,,,1807.0,
Renault,Kangoo E-Tech,2019.0,36780.73,3106.0,,,,,2055.0,
Renault,Kangoo E-Tech,2020.0,112745.51,15730.0,,,,,2219.0,
Renault,Kangoo E-Tech,2022.0,82608.38,18826.0,,,,,2516.0,
Renault,Kangoo E-Tech,2018.0,44333.01,8258.0,,,,,2764.0,
Renault,Kangoo E-Tech,2020.0,97653.6,5362.0,,,,,2778.0,
Renault,Kangoo E-Tech,2019.0,108072.44,8376.0,,,,,2923.0,
Renault,Kangoo E-Tech,2021.0,141614.73,8982.0,,,,,2960.0,
Ferrari,Ferrari EV (2025+),2025.0,92550.13,13998.0,,,,,141.0,
Ferrari,Ferrari EV (2025+),2024.0,83884.77,14266.0,,,,,217.0,
Ferrari,Ferrari EV (2025+),2019.0,99927.24,17985.0,,,,,368.0,
Ferrari,Ferrari EV (2025+),2024.0,98494.54,9315.0,,,,,463.0,
Ferrari,Ferrari EV (2025+),2024.0,54504.55,9982.0,,,,,534.0,
Ferrari,Ferrari EV (2025+),2016.0,124209.83,2920.0,,,,,570.0,
Ferrari,Ferrari EV (2025+),2018.0,132071.41,11447.0,,,,,622.0,
Ferrari,Ferrari EV (2025+),2020.0,88396.29,9130.0,,,,,726.0,
Ferrari,Ferrari EV (2025+),2015.0,141233.85,11806.0,,,,,907.0,
Ferrari,Ferrari EV (2025+),2023.0,74204.62,19991.0,,,,,1034.0,
Ferrari,Ferrari EV (2025+),2021.0,121720.1,3429.0,,,,,1158.0,
Ferrari,Ferrari EV (2025+),2022.0,92011.68,19787.0,,,,,1202.0,
Ferrari,Ferrari EV (2025+),2016.0,105305.58,11333.0,,,,,1227.0,
Ferrari,Ferrari EV (2025+),2023.0,130879.21,3004.0,,,,,1242.0,
Ferrari,Ferrari EV (2025+),2020.0,35945.44,17334.0,,,,,1247.0,
Ferrari,Ferrari EV (2025+),2024.0,84106.85,18394.0,,,,,1250.0,
Ferrari,Ferrari EV (2025+),2016.0,144593.4,16202.0,,,,,1356.0,
Ferrari,Ferrari EV (2025+),2017.0,145893.06,17494.0,,,,,1446.0,
Ferrari,Ferrari EV (2025+),2015.0,35860.67,12362.0,,,,,1605.0,
Ferrari,Ferrari EV (2025+),2015.0,90820.92,17768.0,,,,,1893.0,
Ferrari,Ferrari EV (2025+),2024.0,45403.1,6715.0,,,,,2257.0,
Ferrari,Ferrari EV (2025+),2021.0,38193.98,18605.0,,,,,2294.0,
Ferrari,Ferrari EV (2025+),2025.0,31831.8,12545.0,,,,,2446.0,
Ferrari,Ferrari EV (2025+),2020.0,50945.32,3505.0,,,,,2707.0,
Mahindra,XUV400,2020.0,78991.1,4730.0,,,,,142.0,
Mahindra,XUV400,2025.0,124689.21,13706.0,,,,,163.0,
Mahindra,XUV400,2022.0,125309.95,7074.0,,,,,319.0,
Mahindra,XUV400,2025.0,114006.62,14288.0,,,,,385.0,
Mahindra,XUV400,2017.0,104787.91,9619.0,,,,,433.0,
Mahindra,XUV400,2023.0,47834.5,3801.0,,,,,461.0,
Mahindra,XUV400,2021.0,114311.01,19962.0,,,,,592.0,
Mahindra,XUV400,2024.0,130489.44,3230.0,,,,,839.0,
Mahindra,XUV400,2020.0,129484.4,8704.0,,,,,911.0,
Mahindra,XUV400,2022.0,115873.02,10579.0,,,,,929.0,
Mahindra,XUV400,2015.0,65845.61,8977.0,,,,,1143.0,
Mahindra,XUV400,2024.0,56346.88,9124.0,,,,,1174.0,
Mahindra,XUV400,2022.0,35942.1,1577.0,,,,,1189.0,
Mahindra,XUV400,2016.0,34805.09,18500.0,,,,,1622.0,
Mahindra,XUV400,2025.0,70899.27,993.0,,,,,1624.0,
Mahindra,XUV400,2020.0,69636.76,13724.0,,,,,1677.0,
Mahindra,XUV400,2021.0,33515.82,9526.0,,,,,1679.0,
Mahindra,XUV400,2025.0,59190.48,11547.0,,,,,1717.0,
Mahindra,XUV400,2015.0,86377.95,5577.0,,,,,2006.0,
Mahindra,XUV400,2023.0,58862.47,10197.0,,,,,2036.0,
Mahindra,XUV400,2018.0,147570.67,19648.0,,,,,2397.0,
Mahindra,XUV400,2022.0,115198.36,8904.0,,,,,2508.0,
Mahindra,XUV400,2024.0,145109.64,12442.0,,,,,2607.0,
Mahindra,XUV400,2017.0,96031.48,8018.0,,,,,2626.0,
Mahindra,XUV400,2016.0,118226.92,11525.0,,,,,2736.0,
Mahindra,XUV400,2022.0,134239.53,10402.0,,,,,2842.0,
Mahindra,XUV400,2021.0,138967.96,17890.0,,,,,2860.0,
Mahindra,XUV400,2021.0,110221.3,9854.0,,,,,3021.0,
NIO,ET5,2016.0,134336.86,3844.0,,,,,144.0,
NIO,ET5,2017.0,39890.22,3224.0,,,,,529.0,
NIO,ET5,2022.0,83617.49,16603.0,,,,,818.0,
NIO,ET5,2024.0,68567.13,13472.0,,,,,1057.0,
NIO,ET5,2018.0,142836.38,2870.0,,,,,1904.0,
NIO,ET5,2025.0,117348.77,15190.0,,,,,2070.0,
NIO,ET5,2022.0,33965.83,13888.0,,,,,2276.0,
NIO,ET5,2016.0,149376.71,14863.0,,,,,2802.0,
Renault,Scenic E-Tech,2017.0,95056.42,13513.0,,,,,148.0,
Renault,Scenic E-Tech,2016.0,138029.33,2900.0,,,,,496.0,
Renault,Scenic E-Tech,2021.0,45279.16,19627.0,,,,,939.0,
Renault,Scenic E-Tech,2023.0,71713.58,10376.0,,,,,2060.0,
Renault,Scenic E-Tech,2016.0,131455.05,15150.0,,,,,2198.0,
Renault,Scenic E-Tech,2024.0,127979.96,19142.0,,,,,2420.0,
Renault,Scenic E-Tech,2016.0,114203.73,6076.0,,,,,2472.0,
Renault,Scenic E-Tech,2019.0,100642.84,19548.0,,,,,2510.0,
Tesla,Model S,2023.0,127578.87,4879.0,,,,,150.0,
Tesla,Model S,2025.0,102782.62,447.0,,,,,603.0,
Tesla,Model S,2020.0,48072.35,15567.0,,,,,880.0,
Tesla,Model S,2016.0,114345.21,979.0,,,,,918.0,
Tesla,Model S,2020.0,33596.56,8956.0,,,,,1360.0,
Tesla,Model S,2016.0,143897.8,6669.0,,,,,1633.0,
Tesla,Model S,2024.0,143944.79,12363.0,,,,,1739.0,
Tesla,Model S,2015.0,142052.3,19752.0,,,,,2135.0,
Tesla,Model S,2023.0,142567.83,8041.0,,,,,2226.0,
Tesla,Model S,2024.0,147056.35,10836.0,,,,,2343.0,
Tesla,Model S,2017.0,132124.5,19665.0,,,,,2488.0,
Tesla,Model S,2020.0,90924.66,898.0,,,,,2672.0,
Tesla,Model S,2023.0,35255.94,178.0,,,,,2851.0,
Volvo,C40 Recharge,2024.0,63644.76,19235.0,,,,,153.0,
Volvo,C40 Recharge,2024.0,109821.67,15113.0,,,,,363.0,
Volvo,C40 Recharge,2022.0,148111.62,18080.0,,,,,509.0,
Volvo,C40 Recharge,2021.0,120782.54,16575.0,,,,,1041.0,
Volvo,C40 Recharge,2022.0,59835.04,718.0,,,,,1136.0,
Volvo,C40 Recharge,2023.0,145488.68,17420.0,,,,,1215.0,
Volvo,C40 Recharge,2019.0,114768.7,15299.0,,,,,1216.0,
Volvo,C40 Recharge,2018.0,86345.09,16313.0,,,,,1230.0,
Volvo,C40 Recharge,2023.0,94326.0,19513.0,,,,,1598.0,
Volvo,C40 Recharge,2022.0,76308.34,5396.0,,,,,1626.0,
Volvo,C40 Recharge,2025.0,121207.6,15181.0,,,,,1775.0,
Volvo,C40 Recharge,2019.0,132440.6,7288.0,,,,,1869.0,
Volvo,C40 Recharge,2015.0,136716.24,14260.0,,,,,2059.0,
Volvo,C40 Recharge,2022.0,113151.16,14607.0,,,,,2067.0,
Volvo,C40 Recharge,2016.0,118944.19,16186.0,,,,,2358.0,
Volvo,C40 Recharge,2019.0,120229.77,5420.0,,,,,2821.0,
Peugeot,e-3008,2015.0,122280.68,16076.0,,,,,155.0,
Peugeot,e-3008,2015.0,53105.48,8966.0,,,,,359.0,
Peugeot,e-3008,2020.0,72349.86,9616.0,,,,,657.0,
Peugeot,e-3008,2020.0,142354.99,6687.0,,,,,822.0,
Peugeot,e-3008,2023.0,80398.8,81.0,,,,,1530.0,
Peugeot,e-3008,2022.0,90190.21,3852.0,,,,,1805.0,
Peugeot,e-3008,2023.0,87139.51,16355.0,,,,,2122.0,
Peugeot,e-3008,2024.0,42317.28,9314.0,,,,,2234.0,
Peugeot,e-3008,2022.0,73268.27,7130.0,,,,,2285.0,
Peugeot,e-3008,2017.0,106491.31,8702.0,,,,,2347.0,
Peugeot,e-3008,2019.0,109072.77,17471.0,,,,,2598.0,
Peugeot,e-3008,2022.0,62914.74,7878.0,,,,,2654.0,
Peugeot,e-3008,2023.0,107703.99,1097.0,,,,,2818.0,
Fisker,Pear (upcoming),2021.0,104233.91,5055.0,,,,,156.0,
Fisker,Pear (upcoming),2022.0,51043.12,14447.0,,,,,410.0,
Fisker,Pear (upcoming),2021.0,67713.63,1330.0,,,,,428.0,
Fisker,Pear (upcoming),2019.0,83660.75,11389.0,,,,,733.0,
Fisker,Pear (upcoming),2018.0,148917.08,5637.0,,,,,842.0,
Fisker,Pear (upcoming),2018.0,101731.26,11845.0,,,,,943.0,
Fisker,Pear (upcoming),2025.0,82968.67,17670.0,,,,,1072.0,
Fisker,Pear (upcoming),2015.0,79025.84,1752.0,,,,,1149.0,
Fisker,Pear (upcoming),2025.0,66632.86,16461.0,,,,,1308.0,
Fisker,Pear (upcoming),2024.0,63169.47,17914.0,,,,,1373.0,
Fisker,Pear (upcoming),2023.0,130220.14,3832.0,,,,,1476.0,
Fisker,Pear (upcoming),2016.0,69901.87,16741.0,,,,,1571.0,
Fisker,Pear (upcoming),2021.0,117356.56,5921.0,,,,,1742.0,
Fisker,Pear (upcoming),2023.0,60437.9,7597.0,,,,,1831.0,
Fisker,Pear (upcoming),2020.0,87853.32,3547.0,,,,,1886.0,
Fisker,Pear (upcoming),2015.0,50922.82,10800.0,,,,,1942.0,
Fisker,Pear (upcoming),2015.0,117218.51,7305.0,,,,,2007.0,
Fisker,Pear (upcoming),2016.0,99166.6,15827.0,,,,,2092.0,
Fisker,Pear (upcoming),2023.0,135563.39,13900.0,,,,,2325.0,
Fisker,Pear (upcoming),2023.0,119827.74,16864.0,,,,,2345.0,
Fisker,Pear (upcoming),2024.0,45655.41,10056.0,,,,,2348.0,
Fisker,Pear (upcoming),2016.0,61344.68,6604.0,,,,,2661.0,
Fisker,Pear (upcoming),2023.0,148492.54,19531.0,,,,,2669.0,
Fisker,Pear (upcoming),2023.0,83638.99,18673.0,,,,,2810.0,
NIO,ES8,2020.0,121361.58,13370.0,,,,,157.0,
NIO,ES8,2021.0,59780.04,9884.0,,,,,184.0,
NIO,ES8,2023.0,38845.13,5574.0,,,,,211.0,
NIO,ES8,2017.0,130449.45,11265.0,,,,,215.0,
NIO,ES8,2018.0,143897.16,1952.0,,,,,1005.0,
NIO,ES8,2025.0,78622.0,12109.0,,,,,1027.0,
NIO,ES8,2025.0,111316.59,19167.0,,,,,1266.0,
NIO,ES8,2020.0,71419.42,7220.0,,,,,1766.0,
NIO,ES8,2025.0,96638.7,7692.0,,,,,2701.0,
Nissan,Leaf,2020.0,31480.87,18741.0,,,,,158.0,
Nissan,Leaf,2017.0,109909.62,9083.0,,,,,418.0,
Nissan,Leaf,2024.0,106551.16,17113.0,,,,,442.0,
Nissan,Leaf,2024.0,40712.88,17265.0,,,,,677.0,
Nissan,Leaf,2019.0,134576.8,10231.0,,,,,698.0,
Nissan,Leaf,2016.0,73347.55,11868.0,,,,,811.0,
Nissan,Leaf,2015.0,98173.31,12216.0,,,,,916.0,
Nissan,Leaf,2022.0,54563.09,9680.0,,,,,963.0,
Nissan,Leaf,2020.0,52850.64,19820.0,,,,,1024.0,
Nissan,Leaf,2020.0,118317.99,19118.0,,,,,1108.0,
Nissan,Leaf,2023.0,128634.2,18251.0,,,,,1222.0,
Nissan,Leaf,2020.0,31195.3,4025.0,,,,,1261.0,
Nissan,Leaf,2019.0,30065.37,17722.0,,,,,1298.0,
Nissan,Leaf,2022.0,68918.11,17304.0,,,,,1394.0,
Nissan,Leaf,2017.0,127506.17,14680.0,,,,,1533.0,
Nissan,Leaf,2021.0,44698.33,13004.0,,,,,1578.0,
Nissan,Leaf,2018.0,96660.07,1838.0,,,,,1631.0,
Nissan,Leaf,2021.0,111190.09,3087.0,,,,,1683.0,
Nissan,Leaf,2020.0,100337.9,16711.0,,,,,1888.0,
Nissan,Leaf,2015.0,101161.07,7215.0,,,,,1944.0,
Nissan,Leaf,2025.0,70459.04,15146.0,,,,,1965.0,
Nissan,Leaf,2017.0,87422.04,11801.0,,,,,1995.0,
Nissan,Leaf,2020.0,122048.3,4244.0,,,,,2065.0,
Nissan,Leaf,2022.0,90730.65,11927.0,,,,,2236.0,
Nissan,Leaf,2016.0,112098.42,16340.0,,,,,2412.0,
Nissan,Leaf,2020.0,141949.03,9617.0,,,,,2477.0,
Nissan,Leaf,2021.0,74816.1,3232.0,,,,,2497.0,
Nissan,Leaf,2024.0,62261.33,14140.0,,,,,2526.0,
Nissan,Leaf,2021.0,80804.96,11972.0,,,,,2623.0,
Nissan,Leaf,2017.0,37299.38,4873.0,,,,,2735.0,
Nissan,Leaf,2016.0,148584.62,12442.0,,,,,2829.0,
Nissan,Leaf,2019.0,81672.75,9686.0,,,,,2859.0,
Nissan,Leaf,2018.0,120042.82,19107.0,,,,,2947.0,
Nissan,Leaf,2019.0,145949.76,19985.0,,,,,2957.0,
Mercedes-Benz,EQS SUV,2017.0,50064.89,16246.0,,,,,159.0,
Mercedes-Benz,EQS SUV,2022.0,63684.02,18713.0,,,,,710.0,
Mercedes-Benz,EQS SUV,2022.0,72960.54,18873.0,,,,,765.0,
Mercedes-Benz,EQS SUV,2024.0,134552.1,779.0,,,,,1680.0,
Mercedes-Benz,EQS SUV,2017.0,51338.07,14229.0,,,,,1858.0,
Mercedes-Benz,EQS SUV,2016.0,42848.21,8064.0,,,,,2865.0,
Mercedes-Benz,EQS SUV,2015.0,108616.56,1489.0,,,,,3008.0,
Ferrari,SF90 Stradale (PHEV),2024.0,85394.67,13406.0,,,,,162.0,
Ferrari,SF90 Stradale (PHEV),2024.0,105141.54,22.0,,,,,179.0,
Ferrari,SF90 Stradale (PHEV),2018.0,91593.75,7332.0,,,,,225.0,
Ferrari,SF90 Stradale (PHEV),2025.0,117198.24,1788.0,,,,,244.0,
Ferrari,SF90 Stradale (PHEV),2015.0,97632.56,5589.0,,,,,278.0,
Ferrari,SF90 Stradale (PHEV),2021.0,77318.42,13324.0,,,,,401.0,
Ferrari,SF90 Stradale (PHEV),2022.0,127374.86,2468.0,,,,,439.0,
Ferrari,SF90 Stradale (PHEV),2020.0,134130.98,13954.0,,,,,643.0,
Ferrari,SF90 Stradale (PHEV),2022.0,148537.84,3636.0,,,,,883.0,
Ferrari,SF90 Stradale (PHEV),2018.0,149514.73,7029.0,,,,,1012.0,
Ferrari,SF90 Stradale (PHEV),2016.0,98474.19,19353.0,,,,,1069.0,
Ferrari,SF90 Stradale (PHEV),2020.0,31083.9,8785.0,,,,,1293.0,
Ferrari,SF90 Stradale (PHEV),2022.0,66093.06,12879.0,,,,,1352.0,
Ferrari,SF90 Stradale (PHEV),2021.0,78580.56,8597.0,,,,,1509.0,
Ferrari,SF90 Stradale (PHEV),2022.0,131344.36,7919.0,,,,,1682.0,
Ferrari,SF90 Stradale (PHEV),2016.0,58184.56,10183.0,,,,,1690.0,
Ferrari,SF90 Stradale (PHEV),2016.0,118666.3,11711.0,,,,,1795.0,
Ferrari,SF90 Stradale (PHEV),2021.0,58468.6,13797.0,,,,,1821.0,
Ferrari,SF90 Stradale (PHEV),2025.0,133759.83,10645.0,,,,,1867.0,
Ferrari,SF90 Stradale (PHEV),2025.0,117890.29,5040.0,,,,,1961.0,
Ferrari,SF90 Stradale (PHEV),2017.0,100589.96,16401.0,,,,,2153.0,
Ferrari,SF90 Stradale (PHEV),2025.0,140094.0,19704.0,,,,,2167.0,
Ferrari,SF90 Stradale (PHEV),2019.0,59772.92,11112.0,,,,,2301.0,
Ferrari,SF90 Stradale (PHEV),2018.0,127754.12,19848.0,,,,,2354.0,
Ferrari,SF90 Stradale (PHEV),2025.0,114883.73,12720.0,,,,,2479.0,
Ferrari,SF90 Stradale (PHEV),2022.0,82147.06,4437.0,,,,,2569.0,
Ferrari,SF90 Stradale (PHEV),2025.0,45585.63,2461.0,,,,,2648.0,
Ferrari,SF90 Stradale (PHEV),2016.0,126229.16,6983.0,,,,,2718.0,
Ferrari,SF90 Stradale (PHEV),2015.0,37887.02,4811.0,,,,,2775.0,
Ferrari,SF90 Stradale (PHEV),2024.0,94286.77,5445.0,,,,,2893.0,
Ferrari,SF90 Stradale (PHEV),2022.0,137261.53,5351.0,,,,,2904.0,
Ferrari,SF90 Stradale (PHEV),2015.0,75982.18,9724.0,,,,,2943.0,
Ferrari,SF90 Stradale (PHEV),2022.0,96611.68,10493.0,,,,,2974.0,
Ferrari,SF90 Stradale (PHEV),2018.0,43988.9,13366.0,,,,,3018.0,
VinFast,VF 9,2016.0,76936.1,3425.0,,,,,165.0,
VinFast,VF 9,2016.0,97522.05,15911.0,,,,,219.0,
VinFast,VF 9,2025.0,56978.97,19264.0,,,,,781.0,
VinFast,VF 9,2019.0,129330.46,16762.0,,,,,791.0,
VinFast,VF 9,2019.0,67119.6,14976.0,,,,,1164.0,
VinFast,VF 9,2017.0,92930.09,13084.0,,,,,1280.0,
VinFast,VF 9,2019.0,43459.86,7666.0,,,,,1316.0,
VinFast,VF 9,2016.0,121790.2,3227.0,,,,,1390.0,
VinFast,VF 9,2019.0,87465.18,321.0,,,,,1844.0,
VinFast,VF 9,2022.0,66685.99,19778.0,,,,,1859.0,
VinFast,VF 9,2022.0,146527.92,13098.0,,,,,2008.0,
VinFast,VF 9,2015.0,54265.4,7720.0,,,,,2334.0,
VinFast,VF 9,2022.0,72849.66,3631.0,,,,,2413.0,
VinFast,VF 9,2020.0,80737.05,5286.0,,,,,2509.0,
VinFast,VF 9,2018.0,134367.39,2118.0,,,,,2551.0,
Li Auto,L7,2016.0,84639.92,10450.0,,,,,166.0,
Li Auto,L7,2020.0,49780.69,15135.0,,,,,540.0,
Li Auto,L7,2018.0,110043.09,2124.0,,,,,1047.0,
Li Auto,L7,2018.0,129673.7,8255.0,,,,,1054.0,
Li Auto,L7,2020.0,83973.56,11052.0,,,,,1085.0,
Li Auto,L7,2022.0,56380.9,13548.0,,,,,1750.0,
Li Auto,L7,2017.0,138831.96,968.0,,,,,2298.0,
Li Auto,L7,2020.0,147813.28,13057.0,,,,,2522.0,
Li Auto,L7,2025.0,68693.52,3633.0,,,,,2730.0,
Li Auto,L7,2019.0,135029.6,5138.0,,,,,2982.0,
Ferrari,Roma PHEV,2023.0,124282.93,10554.0,,,,,176.0,
Ferrari,Roma PHEV,2017.0,128099.9,13189.0,,,,,613.0,
Ferrari,Roma PHEV,2022.0,115950.11,4483.0,,,,,728.0,
Ferrari,Roma PHEV,2018.0,110572.76,6787.0,,,,,780.0,
Ferrari,Roma PHEV,2016.0,96570.0,3650.0,,,,,868.0,
Ferrari,Roma PHEV,2020.0,40735.31,5522.0,,,,,954.0,
Ferrari,Roma PHEV,2023.0,46901.91,11292.0,,,,,1179.0,
Ferrari,Roma PHEV,2017.0,145650.49,1926.0,,,,,1192.0,
Ferrari,Roma PHEV,2022.0,144948.33,18023.0,,,,,1405.0,
Ferrari,Roma PHEV,2022.0,65210.63,18606.0,,,,,1434.0,
Ferrari,Roma PHEV,2022.0,30807.31,6362.0,,,,,1470.0,
Ferrari,Roma PHEV,2021.0,141342.13,16468.0,,,,,1532.0,
Ferrari,Roma PHEV,2024.0,102112.77,17138.0,,,,,1738.0,
Ferrari,Roma PHEV,2017.0,126947.65,11717.0,,,,,1840.0,
Ferrari,Roma PHEV,2021.0,86431.68,9738.0,,,,,1951.0,
Ferrari,Roma PHEV,2022.0,30584.51,14398.0,,,,,2038.0,
Ferrari,Roma PHEV,2021.0,108306.36,4216.0,,,,,2209.0,
Ferrari,Roma PHEV,2017.0,139947.23,18088.0,,,,,2587.0,
Ferrari,Roma PHEV,2015.0,61020.68,16878.0,,,,,2753.0,
Ferrari,Roma PHEV,2019.0,41545.76,18143.0,,,,,2861.0,
Genesis,GV60,2016.0,92333.31,4331.0,,,,,181.0,
Genesis,GV60,2019.0,88462.85,2287.0,,,,,268.0,
Genesis,GV60,2022.0,45664.53,2095.0,,,,,390.0,
Genesis,GV60,2023.0,43626.92,10500.0,,,,,405.0,
Genesis,GV60,2022.0,101421.01,8397.0,,,,,517.0,
Genesis,GV60,2019.0,84207.11,5072.0,,,,,931.0,
Genesis,GV60,2015.0,37885.51,9867.0,,,,,1226.0,
Genesis,GV60,2019.0,112181.29,13892.0,,,,,1700.0,
Genesis,GV60,2016.0,128582.41,6759.0,,,,,2107.0,
Genesis,GV60,2021.0,143405.71,18154.0,,,,,2520.0,
Genesis,GV60,2021.0,116893.2,15458.0,,,,,2536.0,
Genesis,GV60,2016.0,132068.6,9084.0,,,,,2845.0,
Maserati,GranTurismo Folgore,2021.0,82498.33,19950.0,83.0,420.0,182.0,217.0,188.0,5.0602409638554215
Maserati,GranTurismo Folgore,2025.0,100752.09,11923.0,83.0,420.0,182.0,217.0,272.0,5.0602409638554215
Maserati,GranTurismo Folgore,2016.0,51194.2,11772.0,83.0,420.0,182.0,217.0,387.0,5.0602409638554215
Maserati,GranTurismo Folgore,2020.0,121569.88,9177.0,83.0,420.0,182.0,217.0,525.0,5.0602409638554215
Maserati,GranTurismo Folgore,2024.0,106343.66,17913.0,83.0,420.0,182.0,217.0,688.0,5.0602409638554215
Maserati,GranTurismo Folgore,2019.0,134539.09,4497.0,83.0,420.0,182.0,217.0,941.0,5.0602409638554215
Maserati,GranTurismo Folgore,2018.0,116729.11,16284.0,83.0,420.0,182.0,217.0,944.0,5.0602409638554215
Maserati,GranTurismo Folgore,2024.0,65776.47,2752.0,83.0,420.0,182.0,217.0,1071.0,5.0602409638554215
Maserati,GranTurismo Folgore,2015.0,100657.19,18934.0,83.0,420.0,182.0,217.0,1148.0,5.0602409638554215
Maserati,GranTurismo Folgore,2022.0,90114.46,10051.0,83.0,420.0,182.0,217.0,1193.0,5.0602409638554215
Maserati,GranTurismo Folgore,2022.0,116123.92,13552.0,83.0,420.0,182.0,217.0,1264.0,5.0602409638554215
Maserati,GranTurismo Folgore,2021.0,61457.27,31.0,83.0,420.0,182.0,217.0,1279.0,5.0602409638554215
Maserati,GranTurismo Folgore,2018.0,112112.55,6969.0,83.0,420.0,182.0,217.0,1313.0,5.0602409638554215
Maserati,GranTurismo Folgore,2015.0,76772.95,16253.0,83.0,420.0,182.0,217.0,1340.0,5.0602409638554215
Maserati,GranTurismo Folgore,2025.0,68355.55,3753.0,83.0,420.0,182.0,217.0,1658.0,5.0602409638554215
Maserati,GranTurismo Folgore,2017.0,53109.55,1750.0,83.0,420.0,182.0,217.0,1714.0,5.0602409638554215
Maserati,GranTurismo Folgore,2018.0,54949.1,19762.0,83.0,420.0,182.0,217.0,1724.0,5.0602409638554215
Maserati,GranTurismo Folgore,2025.0,72257.27,17812.0,83.0,420.0,182.0,217.0,1998.0,5.0602409638554215
Maserati,GranTurismo Folgore,2021.0,137425.14,3342.0,83.0,420.0,182.0,217.0,2066.0,5.0602409638554215
Maserati,GranTurismo Folgore,2018.0,70806.21,10134.0,83.0,420.0,182.0,217.0,2128.0,5.0602409638554215
Maserati,GranTurismo Folgore,2017.0,100782.57,2964.0,83.0,420.0,182.0,217.0,2328.0,5.0602409638554215
Maserati,GranTurismo Folgore,2016.0,59718.93,5491.0,83.0,420.0,182.0,217.0,2408.0,5.0602409638554215
Maserati,GranTurismo Folgore,2023.0,136840.62,12585.0,83.0,420.0,182.0,217.0,2419.0,5.0602409638554215
Maserati,GranTurismo Folgore,2019.0,125800.4,12358.0,83.0,420.0,182.0,217.0,2760.0,5.0602409638554215
Maserati,GranTurismo Folgore,2022.0,62866.65,15044.0,83.0,420.0,182.0,217.0,2801.0,5.0602409638554215
Maserati,GranTurismo Folgore,2018.0,100542.09,6039.0,83.0,420.0,182.0,217.0,2830.0,5.0602409638554215
Maserati,GranTurismo Folgore,2024.0,32260.06,9771.0,83.0,420.0,182.0,217.0,2877.0,5.0602409638554215
Maserati,GranTurismo Folgore,2019.0,100560.66,8832.0,83.0,420.0,182.0,217.0,2909.0,5.0602409638554215
Mercedes-Benz,EQA,2016.0,91058.99,1158.0,,,,,191.0,
Mercedes-Benz,EQA,2017.0,60064.68,11982.0,,,,,753.0,
Mercedes-Benz,EQA,2021.0,120467.0,305.0,,,,,1260.0,
Mercedes-Benz,EQA,2016.0,37359.71,3084.0,,,,,1728.0,
Mercedes-Benz,EQA,2016.0,136420.35,15399.0,,,,,2644.0,
Changan,Deepal S07,2019.0,64991.41,6403.0,,,,,193.0,
Changan,Deepal S07,2024.0,90380.3,8196.0,,,,,289.0,
Changan,Deepal S07,2017.0,65466.82,3680.0,,,,,412.0,
Changan,Deepal S07,2021.0,86311.02,16103.0,,,,,555.0,
Changan,Deepal S07,2025.0,103689.78,9230.0,,,,,1248.0,
Changan,Deepal S07,2018.0,120907.08,16511.0,,,,,1335.0,
Changan,Deepal S07,2025.0,112210.48,17226.0,,,,,1428.0,
Changan,Deepal S07,2015.0,48378.38,13141.0,,,,,1973.0,
Changan,Deepal S07,2021.0,41487.15,9617.0,,,,,2104.0,
Changan,Deepal S07,2024.0,133565.05,12163.0,,,,,2150.0,
Changan,Deepal S07,2022.0,76283.66,19657.0,,,,,2212.0,
Changan,Deepal S07,2019.0,112432.69,15316.0,,,,,2321.0,
Changan,Deepal S07,2025.0,103056.52,19687.0,,,,,2398.0,
Changan,Deepal S07,2023.0,73353.79,12986.0,,,,,2685.0,
Changan,Deepal S07,2015.0,140663.03,13566.0,,,,,2756.0,
Changan,Deepal S07,2023.0,53155.57,12790.0,,,,,2903.0,
Volvo,XC40 Recharge,2018.0,49725.0,10102.0,,,,,197.0,
Volvo,XC40 Recharge,2016.0,76137.06,16106.0,,,,,951.0,
Volvo,XC40 Recharge,2018.0,145036.49,10033.0,,,,,986.0,
Volvo,XC40 Recharge,2017.0,73767.41,7572.0,,,,,1388.0,
Volvo,XC40 Recharge,2024.0,104793.72,9675.0,,,,,1490.0,
Volvo,XC40 Recharge,2018.0,144642.82,9283.0,,,,,1568.0,
Volvo,XC40 Recharge,2021.0,61281.24,13495.0,,,,,1596.0,
Volvo,XC40 Recharge,2020.0,131528.08,9459.0,,,,,1708.0,
Volvo,XC40 Recharge,2022.0,73223.17,13245.0,,,,,1910.0,
Volvo,XC40 Recharge,2021.0,65941.09,16123.0,,,,,1997.0,
Volvo,XC40 Recharge,2018.0,108377.23,17017.0,,,,,2113.0,
Volvo,XC40 Recharge,2015.0,71945.83,19257.0,,,,,2300.0,
Volvo,XC40 Recharge,2021.0,30936.19,15240.0,,,,,2638.0,
Volvo,XC40 Recharge,2015.0,109057.37,6388.0,,,,,2844.0,
Honda,e:Ny1,2016.0,132788.79,9792.0,61.9,335.0,150.0,60.0,198.0,5.411954765751212
Honda,e:Ny1,2024.0,86265.79,8396.0,61.9,335.0,150.0,60.0,457.0,5.411954765751212
Honda,e:Ny1,2016.0,100418.49,11759.0,61.9,335.0,150.0,60.0,764.0,5.411954765751212
Honda,e:Ny1,2020.0,120837.67,9020.0,61.9,335.0,150.0,60.0,793.0,5.411954765751212
Honda,e:Ny1,2025.0,147294.21,18610.0,61.9,335.0,150.0,60.0,1009.0,5.411954765751212
Honda,e:Ny1,2017.0,73418.71,2015.0,61.9,335.0,150.0,60.0,1110.0,5.411954765751212
Honda,e:Ny1,2021.0,31773.86,13283.0,61.9,335.0,150.0,60.0,1562.0,5.411954765751212
Honda,e:Ny1,2022.0,64615.92,10534.0,61.9,335.0,150.0,60.0,2123.0,5.411954765751212
Honda,e:Ny1,2023.0,37521.74,2104.0,61.9,335.0,150.0,60.0,2256.0,5.411954765751212
Honda,e:Ny1,2022.0,118293.1,2819.0,61.9,335.0,150.0,60.0,2304.0,5.411954765751212
Honda,e:Ny1,2021.0,104154.12,2167.0,61.9,335.0,150.0,60.0,2374.0,5.411954765751212
Honda,e:Ny1,2020.0,38832.34,14449.0,61.9,335.0,150.0,60.0,2639.0,5.411954765751212
Honda,e:Ny1,2024.0,68541.17,8328.0,61.9,335.0,150.0,60.0,2645.0,5.411954765751212
Honda,e:Ny1,2020.0,148253.34,2774.0,61.9,335.0,150.0,60.0,2926.0,5.411954765751212
Honda,e:Ny1,2024.0,35081.17,108.0,61.9,335.0,150.0,60.0,3011.0,5.411954765751212
Canoo,Lifestyle Vehicle,2015.0,42228.88,4283.0,,,,,199.0,
Canoo,Lifestyle Vehicle,2023.0,40535.4,7876.0,,,,,335.0,
Canoo,Lifestyle Vehicle,2015.0,140508.89,17224.0,,,,,422.0,
Canoo,Lifestyle Vehicle,2023.0,125502.71,18874.0,,,,,720.0,
Canoo,Lifestyle Vehicle,2022.0,134992.42,5019.0,,,,,756.0,
Canoo,Lifestyle Vehicle,2016.0,80863.45,6947.0,,,,,1109.0,
Canoo,Lifestyle Vehicle,2025.0,40221.01,17242.0,,,,,1469.0,
Canoo,Lifestyle Vehicle,2025.0,121251.01,4808.0,,,,,1538.0,
Canoo,Lifestyle Vehicle,2021.0,139662.71,19332.0,,,,,1718.0,
Canoo,Lifestyle Vehicle,2021.0,53956.08,1154.0,,,,,1732.0,
Canoo,Lifestyle Vehicle,2016.0,109921.01,272.0,,,,,1988.0,
Canoo,Lifestyle Vehicle,2016.0,136482.5,2510.0,,,,,2028.0,
Canoo,Lifestyle Vehicle,2015.0,87952.65,8597.0,,,,,2149.0,
Canoo,Lifestyle Vehicle,2015.0,137621.99,19508.0,,,,,2194.0,
Canoo,Lifestyle Vehicle,2024.0,48757.21,13040.0,,,,,2341.0,
Canoo,Lifestyle Vehicle,2024.0,134948.72,13943.0,,,,,2400.0,
Lotus,Emeya,2024.0,61983.24,11626.0,98.9,520.0,198.0,240.0,204.0,5.257836198179979
Lotus,Emeya,2023.0,71520.87,12496.0,98.9,520.0,198.0,240.0,260.0,5.257836198179979
Lotus,Emeya,2020.0,42089.74,11242.0,98.9,520.0,198.0,240.0,295.0,5.257836198179979
Lotus,Emeya,2022.0,140206.98,18737.0,98.9,520.0,198.0,240.0,512.0,5.257836198179979
Lotus,Emeya,2024.0,64549.41,13600.0,98.9,520.0,198.0,240.0,538.0,5.257836198179979
Lotus,Emeya,2022.0,111823.2,11666.0,98.9,520.0,198.0,240.0,564.0,5.257836198179979
Lotus,Emeya,2018.0,71486.31,5531.0,98.9,520.0,198.0,240.0,1150.0,5.257836198179979
Lotus,Emeya,2022.0,105765.49,17948.0,98.9,520.0,198.0,240.0,1162.0,5.257836198179979
Lotus,Emeya,2024.0,133940.56,12159.0,98.9,520.0,198.0,240.0,1375.0,5.257836198179979
Lotus,Emeya,2021.0,78785.54,8008.0,98.9,520.0,198.0,240.0,1563.0,5.257836198179979
Lotus,Emeya,2015.0,123533.34,15313.0,98.9,520.0,198.0,240.0,1977.0,5.257836198179979
Lotus,Emeya,2021.0,120135.5,6847.0,98.9,520.0,198.0,240.0,2029.0,5.257836198179979
Lotus,Emeya,2018.0,31737.92,18514.0,98.9,520.0,198.0,240.0,2333.0,5.257836198179979
Lotus,Emeya,2024.0,103429.51,4655.0,98.9,520.0,198.0,240.0,2539.0,5.257836198179979
Lotus,Emeya,2019.0,134651.02,8648.0,98.9,520.0,198.0,240.0,2581.0,5.257836198179979
Lotus,Emeya,2023.0,87471.51,7843.0,98.9,520.0,198.0,240.0,2910.0,5.257836198179979
Porsche,Macan EV,2024.0,33384.79,17764.0,,,,,205.0,
Porsche,Macan EV,2018.0,73245.01,1001.0,,,,,223.0,
Porsche,Macan EV,2021.0,137594.1,5373.0,,,,,343.0,
Porsche,Macan EV,2017.0,89247.01,5197.0,,,,,479.0,
Porsche,Macan EV,2015.0,130380.14,10103.0,,,,,543.0,
Porsche,Macan EV,2024.0,34603.97,13346.0,,,,,601.0,
Porsche,Macan EV,2018.0,61891.6,4343.0,,,,,799.0,
Porsche,Macan EV,2023.0,50615.35,4422.0,,,,,958.0,
Porsche,Macan EV,2023.0,40675.13,4464.0,,,,,1175.0,
Porsche,Macan EV,2016.0,121610.2,14499.0,,,,,1384.0,
Porsche,Macan EV,2022.0,123044.13,2143.0,,,,,1733.0,
Porsche,Macan EV,2016.0,93832.09,19358.0,,,,,1761.0,
Porsche,Macan EV,2021.0,69391.06,7299.0,,,,,1864.0,
Porsche,Macan EV,2019.0,79262.08,14174.0,,,,,1876.0,
Porsche,Macan EV,2024.0,88309.7,4605.0,,,,,1894.0,
Porsche,Macan EV,2024.0,102274.52,13868.0,,,,,2010.0,
Porsche,Macan EV,2025.0,136421.16,14520.0,,,,,2252.0,
Porsche,Macan EV,2022.0,148433.17,127.0,,,,,2578.0,
Mahindra,Born Electric (upcoming range),2017.0,100674.02,18770.0,,,,,208.0,
Mahindra,Born Electric (upcoming range),2018.0,56918.56,1224.0,,,,,235.0,
Mahindra,Born Electric (upcoming range),2024.0,39250.59,7547.0,,,,,276.0,
Mahindra,Born Electric (upcoming range),2023.0,33791.82,1076.0,,,,,434.0,
Mahindra,Born Electric (upcoming range),2024.0,40516.22,6856.0,,,,,473.0,
Mahindra,Born Electric (upcoming range),2022.0,37284.56,15510.0,,,,,476.0,
Mahindra,Born Electric (upcoming range),2022.0,86308.85,15350.0,,,,,477.0,
Mahindra,Born Electric (upcoming range),2022.0,145131.47,8911.0,,,,,919.0,
Mahindra,Born Electric (upcoming range),2020.0,122374.49,12450.0,,,,,928.0,
Mahindra,Born Electric (upcoming range),2017.0,33369.41,1778.0,,,,,1099.0,
Mahindra,Born Electric (upcoming range),2024.0,93491.16,8822.0,,,,,1309.0,
Mahindra,Born Electric (upcoming range),2019.0,125448.57,14604.0,,,,,1744.0,
Mahindra,Born Electric (upcoming range),2020.0,76474.95,9962.0,,,,,1748.0,
Mahindra,Born Electric (upcoming range),2019.0,114964.73,15811.0,,,,,2169.0,
Mahindra,Born Electric (upcoming range),2015.0,59278.65,8865.0,,,,,2450.0,
Mahindra,Born Electric (upcoming range),2019.0,100401.48,13013.0,,,,,2523.0,
Mahindra,Born Electric (upcoming range),2018.0,42037.78,13466.0,,,,,2674.0,
Mahindra,Born Electric (upcoming range),2020.0,118562.03,9142.0,,,,,2726.0,
Mahindra,Born Electric (upcoming range),2024.0,138823.63,6137.0,,,,,2796.0,
Mahindra,Born Electric (upcoming range),2019.0,142072.84,15235.0,,,,,3019.0,
Mini,Mini Aceman,2020.0,72057.74,13566.0,,,,,210.0,
Mini,Mini Aceman,2024.0,45389.57,8989.0,,,,,510.0,
Mini,Mini Aceman,2017.0,102257.92,13030.0,,,,,558.0,
Mini,Mini Aceman,2021.0,119137.61,7023.0,,,,,913.0,
Mini,Mini Aceman,2023.0,108741.8,8263.0,,,,,980.0,
Mini,Mini Aceman,2018.0,145242.07,7119.0,,,,,1094.0,
Mini,Mini Aceman,2022.0,112918.06,8641.0,,,,,1265.0,
Mini,Mini Aceman,2023.0,44192.11,19720.0,,,,,1297.0,
Mini,Mini Aceman,2019.0,37041.92,14509.0,,,,,1444.0,
Mini,Mini Aceman,2020.0,89504.17,13731.0,,,,,1471.0,
Mini,Mini Aceman,2019.0,38472.16,17846.0,,,,,1534.0,
Mini,Mini Aceman,2016.0,56394.24,13034.0,,,,,1607.0,
Mini,Mini Aceman,2017.0,63619.15,3086.0,,,,,1713.0,
Mini,Mini Aceman,2021.0,121096.7,4890.0,,,,,1784.0,
Mini,Mini Aceman,2020.0,40728.58,11452.0,,,,,1885.0,
Mini,Mini Aceman,2020.0,146606.13,5063.0,,,,,2158.0,
Mini,Mini Aceman,2016.0,142423.23,8578.0,,,,,2165.0,
Mini,Mini Aceman,2016.0,143859.7,13634.0,,,,,2377.0,
Mini,Mini Aceman,2019.0,105953.02,14687.0,,,,,2439.0,
Mini,Mini Aceman,2019.0,118599.68,17768.0,,,,,2457.0,
Mini,Mini Aceman,2024.0,99147.39,1788.0,,,,,2549.0,
Mini,Mini Aceman,2025.0,59326.88,1004.0,,,,,2647.0,
Mini,Mini Aceman,2016.0,138200.86,15319.0,,,,,2729.0,
Mini,Mini Aceman,2023.0,130117.93,13867.0,,,,,2769.0,
Mercedes-Benz,EQS,2023.0,81758.8,6225.0,,,,,212.0,
Mercedes-Benz,EQS,2025.0,53879.85,1882.0,,,,,535.0,
Mercedes-Benz,EQS,2015.0,43489.27,23.0,,,,,824.0,
Mercedes-Benz,EQS,2024.0,87345.57,9841.0,,,,,935.0,
Mercedes-Benz,EQS,2021.0,84379.91,18572.0,,,,,2417.0,
Mercedes-Benz,EQS,2025.0,41976.9,7546.0,,,,,2547.0,
Li Auto,L8,2023.0,112448.15,1137.0,,,,,216.0,
Li Auto,L8,2024.0,112270.94,6630.0,,,,,279.0,
Li Auto,L8,2015.0,73224.67,2666.0,,,,,566.0,
Li Auto,L8,2025.0,69149.88,18512.0,,,,,1453.0,
Li Auto,L8,2018.0,73596.25,12254.0,,,,,1486.0,
Li Auto,L8,2018.0,60882.51,8336.0,,,,,1735.0,
Li Auto,L8,2018.0,66069.96,3146.0,,,,,1806.0,
Li Auto,L8,2024.0,92345.83,13896.0,,,,,1964.0,
Li Auto,L8,2025.0,70246.83,12353.0,,,,,2353.0,
Li Auto,L8,2023.0,105012.82,5729.0,,,,,2476.0,
Li Auto,L8,2023.0,39110.76,1528.0,,,,,2839.0,
Geely,Geometry A,2021.0,91832.36,18634.0,,,,,222.0,
Geely,Geometry A,2016.0,106039.34,5379.0,,,,,248.0,
Geely,Geometry A,2021.0,74989.91,16100.0,,,,,927.0,
Geely,Geometry A,2023.0,43527.55,6884.0,,,,,1160.0,
Geely,Geometry A,2020.0,55041.43,14436.0,,,,,1404.0,
Geely,Geometry A,2019.0,78732.6,12270.0,,,,,1494.0,
Geely,Geometry A,2016.0,103713.46,11140.0,,,,,1618.0,
Geely,Geometry A,2019.0,139700.76,12774.0,,,,,1813.0,
Geely,Geometry A,2017.0,96914.46,2993.0,,,,,2080.0,
Geely,Geometry A,2025.0,145998.83,5558.0,,,,,2204.0,
Geely,Geometry A,2024.0,122797.8,19023.0,,,,,2502.0,
Geely,Geometry A,2020.0,66191.53,9119.0,,,,,2670.0,
Geely,Geometry A,2017.0,54621.98,18595.0,,,,,2749.0,
Geely,Geometry A,2020.0,127489.51,10732.0,,,,,2811.0,
Geely,Geometry A,2024.0,138456.63,14223.0,,,,,2862.0,
BYD,Dolphin,2024.0,71971.19,1626.0,,,,,224.0,
BYD,Dolphin,2017.0,79231.23,8403.0,,,,,443.0,
BYD,Dolphin,2024.0,147098.09,13211.0,,,,,742.0,
BYD,Dolphin,2021.0,104766.98,13573.0,,,,,972.0,
BYD,Dolphin,2016.0,68210.45,8770.0,,,,,1237.0,
BYD,Dolphin,2017.0,58022.57,18511.0,,,,,1546.0,
BYD,Dolphin,2022.0,97341.44,18661.0,,,,,1797.0,
BYD,Dolphin,2016.0,92223.29,7418.0,,,,,1860.0,
BYD,Dolphin,2019.0,34843.22,6634.0,,,,,2018.0,
BYD,Dolphin,2018.0,117672.84,15301.0,,,,,2214.0,
BYD,Dolphin,2021.0,35624.27,4576.0,,,,,2319.0,
BYD,Dolphin,2021.0,71791.78,10679.0,,,,,2561.0,
BYD,Dolphin,2023.0,139937.62,15693.0,,,,,2751.0,
BYD,Dolphin,2020.0,47815.37,11169.0,,,,,2898.0,
Skoda,Enyaq Coupe,2025.0,136421.23,19122.0,,,,,230.0,
Skoda,Enyaq Coupe,2021.0,51576.77,11233.0,,,,,653.0,
Skoda,Enyaq Coupe,2017.0,142865.42,4833.0,,,,,758.0,
Skoda,Enyaq Coupe,2019.0,39032.16,7947.0,,,,,1295.0,
Skoda,Enyaq Coupe,2016.0,147905.13,9771.0,,,,,1385.0,
Skoda,Enyaq Coupe,2019.0,134202.18,13109.0,,,,,1403.0,
Skoda,Enyaq Coupe,2023.0,103799.19,11944.0,,,,,1651.0,
Skoda,Enyaq Coupe,2017.0,57211.71,8582.0,,,,,1710.0,
Skoda,Enyaq Coupe,2025.0,102513.93,16428.0,,,,,1897.0,
Skoda,Enyaq Coupe,2021.0,92533.56,22.0,,,,,2086.0,
Skoda,Enyaq Coupe,2025.0,85244.97,4317.0,,,,,2187.0,
Skoda,Enyaq Coupe,2020.0,111437.23,11122.0,,,,,2406.0,
Skoda,Enyaq Coupe,2023.0,97441.44,8311.0,,,,,2575.0,
Skoda,Enyaq Coupe,2021.0,75606.71,4703.0,,,,,2625.0,
Skoda,Enyaq Coupe,2015.0,138650.57,19342.0,,,,,2675.0,
Zeekr,Zeekr 007,2021.0,53929.71,8153.0,,,,,233.0,
Zeekr,Zeekr 007,2017.0,81287.67,15192.0,,,,,554.0,
Zeekr,Zeekr 007,2025.0,53409.23,9874.0,,,,,567.0,
Zeekr,Zeekr 007,2022.0,87906.91,3534.0,,,,,766.0,
Zeekr,Zeekr 007,2016.0,103159.59,1364.0,,,,,861.0,
Zeekr,Zeekr 007,2020.0,87406.57,9109.0,,,,,1262.0,
Zeekr,Zeekr 007,2015.0,71740.26,126.0,,,,,1284.0,
Zeekr,Zeekr 007,2017.0,107275.49,4514.0,,,,,1361.0,
Zeekr,Zeekr 007,2020.0,38003.24,16412.0,,,,,1528.0,
Zeekr,Zeekr 007,2015.0,131587.08,11689.0,,,,,1548.0,
Zeekr,Zeekr 007,2017.0,41905.05,15204.0,,,,,1612.0,
Zeekr,Zeekr 007,2022.0,79029.96,19144.0,,,,,1740.0,
Zeekr,Zeekr 007,2019.0,123868.61,9274.0,,,,,2172.0,
Zeekr,Zeekr 007,2022.0,82008.44,13579.0,,,,,2269.0,
Zeekr,Zeekr 007,2019.0,115491.65,8202.0,,,,,2544.0,
Zeekr,Zeekr 007,2022.0,51225.19,19394.0,,,,,2732.0,
Zeekr,Zeekr 007,2024.0,81302.62,19535.0,,,,,2750.0,
Zeekr,Zeekr 007,2021.0,130231.16,976.0,,,,,2817.0,
Cadillac,Lyriq,2019.0,65442.14,89.0,,,,,238.0,
Cadillac,Lyriq,2018.0,50855.42,19136.0,,,,,257.0,
Cadillac,Lyriq,2021.0,129267.46,5221.0,,,,,444.0,
Cadillac,Lyriq,2025.0,76162.83,12729.0,,,,,449.0,
Cadillac,Lyriq,2016.0,89309.41,2500.0,,,,,652.0,
Cadillac,Lyriq,2018.0,120202.14,3042.0,,,,,771.0,
Cadillac,Lyriq,2024.0,115220.69,335.0,,,,,865.0,
Cadillac,Lyriq,2017.0,124218.98,12684.0,,,,,1209.0,
Cadillac,Lyriq,2018.0,96302.98,19520.0,,,,,1381.0,
Cadillac,Lyriq,2022.0,135964.91,12281.0,,,,,1401.0,
Cadillac,Lyriq,2021.0,91581.3,5426.0,,,,,1452.0,
Cadillac,Lyriq,2015.0,31250.63,816.0,,,,,1584.0,
Cadillac,Lyriq,2021.0,115113.27,12444.0,,,,,2040.0,
Cadillac,Lyriq,2020.0,66827.39,5814.0,,,,,2216.0,
Cadillac,Lyriq,2020.0,82709.38,10787.0,,,,,2233.0,
Cadillac,Lyriq,2015.0,50364.98,6759.0,,,,,2291.0,
Cadillac,Lyriq,2022.0,48794.65,10595.0,,,,,2297.0,
Cadillac,Lyriq,2025.0,135198.93,5910.0,,,,,2359.0,
Cadillac,Lyriq,2023.0,100852.31,11009.0,,,,,2570.0,
Cadillac,Lyriq,2017.0,68779.62,4844.0,,,,,2571.0,
Cadillac,Lyriq,2020.0,44357.65,17980.0,,,,,2679.0,
Cadillac,Lyriq,2018.0,147420.89,8619.0,,,,,2680.0,
Cadillac,Lyriq,2020.0,108938.53,17398.0,,,,,2695.0,
Cadillac,Lyriq,2022.0,54287.14,14150.0,,,,,2806.0,
Cadillac,Lyriq,2018.0,113010.36,4355.0,,,,,2841.0,
Cadillac,Lyriq,2021.0,88218.53,13808.0,,,,,3020.0,
Genesis,GV70 Electric,2020.0,41154.16,15671.0,,,,,241.0,
Genesis,GV70 Electric,2016.0,139347.21,944.0,,,,,242.0,
Genesis,GV70 Electric,2023.0,88997.76,13214.0,,,,,245.0,
Genesis,GV70 Electric,2023.0,97473.63,9369.0,,,,,253.0,
Genesis,GV70 Electric,2020.0,130742.7,8971.0,,,,,337.0,
Genesis,GV70 Electric,2025.0,122366.54,14590.0,,,,,474.0,
Genesis,GV70 Electric,2025.0,79235.26,19646.0,,,,,787.0,
Genesis,GV70 Electric,2022.0,116000.72,18349.0,,,,,807.0,
Genesis,GV70 Electric,2023.0,147712.4,18555.0,,,,,1052.0,
Genesis,GV70 Electric,2015.0,135787.05,9935.0,,,,,1095.0,
Genesis,GV70 Electric,2015.0,44185.05,15403.0,,,,,1466.0,
Genesis,GV70 Electric,2015.0,68432.19,2929.0,,,,,1659.0,
Genesis,GV70 Electric,2020.0,143199.02,7229.0,,,,,1661.0,
Genesis,GV70 Electric,2025.0,78960.03,12773.0,,,,,1695.0,
Genesis,GV70 Electric,2022.0,145759.98,14536.0,,,,,1856.0,
Genesis,GV70 Electric,2019.0,33719.11,16899.0,,,,,1953.0,
Genesis,GV70 Electric,2020.0,80930.41,18706.0,,,,,2277.0,
Genesis,GV70 Electric,2017.0,111558.43,16329.0,,,,,2311.0,
Genesis,GV70 Electric,2015.0,70769.1,5354.0,,,,,2372.0,
Genesis,GV70 Electric,2023.0,55091.74,9952.0,,,,,2437.0,
Genesis,GV70 Electric,2024.0,64412.41,5278.0,,,,,2459.0,
Renault,5 E-Tech,2022.0,37600.33,18895.0,,,,,243.0,
Renault,5 E-Tech,2020.0,131145.77,11088.0,,,,,523.0,
Renault,5 E-Tech,2015.0,31626.25,19648.0,,,,,614.0,
Renault,5 E-Tech,2020.0,61296.49,16093.0,,,,,1025.0,
Renault,5 E-Tech,2022.0,97743.01,16271.0,,,,,1314.0,
Renault,5 E-Tech,2016.0,85781.56,18451.0,,,,,1343.0,
Renault,5 E-Tech,2018.0,91183.38,17294.0,,,,,1353.0,
Renault,5 E-Tech,2017.0,86246.77,9435.0,,,,,1617.0,
Renault,5 E-Tech,2021.0,60904.63,1940.0,,,,,1689.0,
Renault,5 E-Tech,2017.0,46967.44,11660.0,,,,,1773.0,
Renault,5 E-Tech,2023.0,134970.22,7128.0,,,,,1796.0,
Renault,5 E-Tech,2016.0,52469.57,7432.0,,,,,2394.0,
Renault,5 E-Tech,2018.0,111445.8,15221.0,,,,,2415.0,
Renault,5 E-Tech,2017.0,48113.67,19943.0,,,,,2958.0,
Jeep,Grand Cherokee 4xe (PHEV),2017.0,76159.52,4527.0,,,,,251.0,
Jeep,Grand Cherokee 4xe (PHEV),2022.0,120215.84,12309.0,,,,,563.0,
Jeep,Grand Cherokee 4xe (PHEV),2018.0,104281.24,6281.0,,,,,605.0,
Jeep,Grand Cherokee 4xe (PHEV),2022.0,117811.12,13817.0,,,,,837.0,
Jeep,Grand Cherokee 4xe (PHEV),2018.0,135687.38,8716.0,,,,,901.0,
Jeep,Grand Cherokee 4xe (PHEV),2015.0,139901.99,14847.0,,,,,955.0,
Jeep,Grand Cherokee 4xe (PHEV),2015.0,58857.95,2738.0,,,,,1021.0,
Jeep,Grand Cherokee 4xe (PHEV),2024.0,120179.48,14776.0,,,,,1463.0,
Jeep,Grand Cherokee 4xe (PHEV),2017.0,33303.76,10051.0,,,,,1567.0,
Jeep,Grand Cherokee 4xe (PHEV),2019.0,133609.35,8894.0,,,,,1574.0,
Jeep,Grand Cherokee 4xe (PHEV),2025.0,116330.06,17665.0,,,,,1642.0,
Jeep,Grand Cherokee 4xe (PHEV),2022.0,148400.0,1553.0,,,,,1991.0,
Jeep,Grand Cherokee 4xe (PHEV),2018.0,59437.88,16895.0,,,,,2218.0,
Jeep,Grand Cherokee 4xe (PHEV),2016.0,108096.08,108.0,,,,,2246.0,
Jeep,Grand Cherokee 4xe (PHEV),2022.0,130213.31,17365.0,,,,,2525.0,
Jeep,Grand Cherokee 4xe (PHEV),2022.0,41491.15,18297.0,,,,,2882.0,
Jeep,Grand Cherokee 4xe (PHEV),2023.0,93173.32,9598.0,,,,,2999.0,
Jeep,Grand Cherokee 4xe (PHEV),2018.0,51734.97,15244.0,,,,,3003.0,
Cadillac,Optiq (upcoming),2023.0,142261.45,4347.0,,,,,252.0,
Cadillac,Optiq (upcoming),2023.0,149536.28,10389.0,,,,,994.0,
Cadillac,Optiq (upcoming),2023.0,147103.71,1828.0,,,,,1142.0,
Cadillac,Optiq (upcoming),2023.0,67249.43,8407.0,,,,,1461.0,
Cadillac,Optiq (upcoming),2021.0,80034.35,12352.0,,,,,1462.0,
Cadillac,Optiq (upcoming),2023.0,100627.96,17825.0,,,,,1478.0,
Cadillac,Optiq (upcoming),2025.0,90011.17,957.0,,,,,1576.0,
Cadillac,Optiq (upcoming),2016.0,111310.34,6750.0,,,,,1798.0,
Cadillac,Optiq (upcoming),2020.0,79626.79,12851.0,,,,,1836.0,
Cadillac,Optiq (upcoming),2021.0,127650.66,8907.0,,,,,2356.0,
Cadillac,Optiq (upcoming),2025.0,122729.19,72.0,,,,,2393.0,
Cadillac,Optiq (upcoming),2022.0,107679.76,15587.0,,,,,2396.0,
Cadillac,Optiq (upcoming),2022.0,116975.88,7903.0,,,,,2762.0,
Cadillac,Optiq (upcoming),2018.0,67316.45,7103.0,,,,,2809.0,
Tesla,Model X,2022.0,101625.64,2388.0,,,,,258.0,
Tesla,Model X,2022.0,93755.2,3220.0,,,,,379.0,
Tesla,Model X,2015.0,149978.53,10589.0,,,,,465.0,
Tesla,Model X,2019.0,120936.73,6877.0,,,,,531.0,
Tesla,Model X,2018.0,40204.72,10308.0,,,,,629.0,
Tesla,Model X,2025.0,86837.01,13097.0,,,,,1030.0,
Tesla,Model X,2018.0,48790.14,2586.0,,,,,1118.0,
Tesla,Model X,2018.0,60770.97,15133.0,,,,,1330.0,
Tesla,Model X,2017.0,91093.22,7533.0,,,,,1332.0,
Tesla,Model X,2025.0,135204.97,18620.0,,,,,1635.0,
Tesla,Model X,2016.0,83392.11,18760.0,,,,,1900.0,
Tesla,Model X,2023.0,105356.22,14002.0,,,,,2154.0,
Tesla,Model X,2022.0,114066.87,7644.0,,,,,2203.0,
Tesla,Model X,2022.0,38192.66,19316.0,,,,,2307.0,
Tesla,Model X,2020.0,137033.17,14749.0,,,,,2318.0,
NIO,ES7,2023.0,91048.27,5485.0,,,,,261.0,
NIO,ES7,2022.0,141428.0,10383.0,,,,,300.0,
NIO,ES7,2022.0,143128.97,15472.0,,,,,1217.0,
NIO,ES7,2021.0,106458.26,9380.0,,,,,1590.0,
NIO,ES7,2021.0,75465.3,3516.0,,,,,2563.0,
NIO,ES7,2015.0,128682.82,9421.0,,,,,2739.0,
NIO,ES7,2017.0,71838.43,9312.0,,,,,2783.0,
NIO,ES7,2018.0,121013.96,5403.0,,,,,2930.0,
BYD,Tang EV,2025.0,122972.04,9195.0,,,,,270.0,
BYD,Tang EV,2018.0,47753.31,16364.0,,,,,411.0,
BYD,Tang EV,2015.0,109025.79,5528.0,,,,,430.0,
BYD,Tang EV,2020.0,80964.5,13114.0,,,,,431.0,
BYD,Tang EV,2015.0,96735.43,1529.0,,,,,1263.0,
BYD,Tang EV,2016.0,75586.34,13862.0,,,,,1493.0,
BYD,Tang EV,2015.0,147788.67,5813.0,,,,,2389.0,
BYD,Tang EV,2018.0,100658.5,3778.0,,,,,2902.0,
Tesla,Roadster (upcoming),2018.0,46844.48,15843.0,,,,,273.0,
Tesla,Roadster (upcoming),2023.0,58228.94,17862.0,,,,,369.0,
Tesla,Roadster (upcoming),2018.0,118150.34,11888.0,,,,,521.0,
Tesla,Roadster (upcoming),2020.0,114655.41,341.0,,,,,610.0,
Tesla,Roadster (upcoming),2024.0,142642.95,6443.0,,,,,1430.0,
Tesla,Roadster (upcoming),2017.0,141381.68,159.0,,,,,2360.0,
Tesla,Roadster (upcoming),2016.0,79638.71,13563.0,,,,,2442.0,
Tesla,Roadster (upcoming),2020.0,123641.63,4682.0,,,,,2700.0,
Dacia,Bigster EV (upcoming),2019.0,73835.61,11563.0,,,,,275.0,
Dacia,Bigster EV (upcoming),2015.0,47083.12,3660.0,,,,,424.0,
Dacia,Bigster EV (upcoming),2021.0,83539.69,19146.0,,,,,491.0,
Dacia,Bigster EV (upcoming),2025.0,118279.7,925.0,,,,,557.0,
Dacia,Bigster EV (upcoming),2015.0,142131.95,5216.0,,,,,574.0,
Dacia,Bigster EV (upcoming),2023.0,112294.1,11704.0,,,,,676.0,
Dacia,Bigster EV (upcoming),2018.0,65122.01,1769.0,,,,,705.0,
Dacia,Bigster EV (upcoming),2018.0,36733.75,2424.0,,,,,809.0,
Dacia,Bigster EV (upcoming),2020.0,145117.0,18365.0,,,,,844.0,
Dacia,Bigster EV (upcoming),2019.0,34370.0,12318.0,,,,,961.0,
Dacia,Bigster EV (upcoming),2020.0,114740.0,8530.0,,,,,1092.0,
Dacia,Bigster EV (upcoming),2024.0,50654.47,16282.0,,,,,1121.0,
Dacia,Bigster EV (upcoming),2017.0,64861.13,9749.0,,,,,1317.0,
Dacia,Bigster EV (upcoming),2024.0,118811.14,6800.0,,,,,1511.0,
Dacia,Bigster EV (upcoming),2022.0,67092.52,9360.0,,,,,1616.0,
Dacia,Bigster EV (upcoming),2018.0,97003.41,8745.0,,,,,1771.0,
Dacia,Bigster EV (upcoming),2023.0,123082.3,17019.0,,,,,1847.0,
Dacia,Bigster EV (upcoming),2016.0,103566.8,15596.0,,,,,2046.0,
Dacia,Bigster EV (upcoming),2023.0,145431.6,12787.0,,,,,2105.0,
Dacia,Bigster EV (upcoming),2023.0,139354.17,13221.0,,,,,2151.0,
Dacia,Bigster EV (upcoming),2024.0,123412.37,18866.0,,,,,2176.0,
Dacia,Bigster EV (upcoming),2020.0,141767.49,12080.0,,,,,2208.0,
Dacia,Bigster EV (upcoming),2017.0,139434.33,5613.0,,,,,2248.0,
Dacia,Bigster EV (upcoming),2019.0,130000.81,16366.0,,,,,2314.0,
Dacia,Bigster EV (upcoming),2023.0,125408.24,12447.0,,,,,2317.0,
Dacia,Bigster EV (upcoming),2017.0,43159.28,16092.0,,,,,2387.0,
Dacia,Bigster EV (upcoming),2020.0,93594.87,13266.0,,,,,2494.0,
Dacia,Bigster EV (upcoming),2022.0,36199.09,6445.0,,,,,2552.0,
Dacia,Bigster EV (upcoming),2019.0,65316.3,10374.0,,,,,2766.0,
Dacia,Bigster EV (upcoming),2019.0,147031.83,9252.0,,,,,2780.0,
Genesis,G80 Electric,2023.0,126276.02,3201.0,,,,,281.0,
Genesis,G80 Electric,2022.0,111326.18,13475.0,,,,,380.0,
Genesis,G80 Electric,2021.0,68889.19,5215.0,,,,,692.0,
Genesis,G80 Electric,2021.0,99577.44,15813.0,,,,,792.0,
Genesis,G80 Electric,2016.0,143883.59,10197.0,,,,,854.0,
Genesis,G80 Electric,2016.0,106413.24,10144.0,,,,,1049.0,
Genesis,G80 Electric,2022.0,32347.24,3816.0,,,,,1097.0,
Genesis,G80 Electric,2020.0,143335.72,2780.0,,,,,1152.0,
Genesis,G80 Electric,2025.0,101080.36,13308.0,,,,,1454.0,
Genesis,G80 Electric,2016.0,87162.94,6721.0,,,,,1839.0,
Genesis,G80 Electric,2024.0,55892.63,3581.0,,,,,1878.0,
Genesis,G80 Electric,2023.0,42123.32,18722.0,,,,,2069.0,
Genesis,G80 Electric,2019.0,56674.96,6116.0,,,,,2085.0,
Genesis,G80 Electric,2023.0,98118.96,16218.0,,,,,2221.0,
Genesis,G80 Electric,2020.0,34928.02,1581.0,,,,,2410.0,
Genesis,G80 Electric,2024.0,137452.66,18888.0,,,,,2559.0,
Genesis,G80 Electric,2019.0,89860.42,8040.0,,,,,2573.0,
Genesis,G80 Electric,2018.0,42147.78,19461.0,,,,,2662.0,
Genesis,G80 Electric,2015.0,72533.65,13631.0,,,,,2967.0,
Lotus,Eletre,2021.0,42789.99,13023.0,109.0,495.0,204.0,259.0,283.0,4.541284403669724
Lotus,Eletre,2019.0,108570.94,3535.0,109.0,495.0,204.0,259.0,332.0,4.541284403669724
Lotus,Eletre,2025.0,34085.01,19640.0,109.0,495.0,204.0,259.0,381.0,4.541284403669724
Lotus,Eletre,2018.0,41842.29,3516.0,109.0,495.0,204.0,259.0,427.0,4.541284403669724
Lotus,Eletre,2017.0,43289.27,4257.0,109.0,495.0,204.0,259.0,536.0,4.541284403669724
Lotus,Eletre,2023.0,42016.57,13894.0,109.0,495.0,204.0,259.0,832.0,4.541284403669724
Lotus,Eletre,2025.0,107183.82,13969.0,109.0,495.0,204.0,259.0,860.0,4.541284403669724
Lotus,Eletre,2016.0,90333.3,16111.0,109.0,495.0,204.0,259.0,1321.0,4.541284403669724
Lotus,Eletre,2018.0,81372.86,18624.0,109.0,495.0,204.0,259.0,1468.0,4.541284403669724
Lotus,Eletre,2021.0,60650.14,8880.0,109.0,495.0,204.0,259.0,1516.0,4.541284403669724
Lotus,Eletre,2018.0,128535.73,16886.0,109.0,495.0,204.0,259.0,2491.0,4.541284403669724
Lotus,Eletre,2020.0,110485.34,19138.0,109.0,495.0,204.0,259.0,2591.0,4.541284403669724
Lotus,Eletre,2017.0,95315.8,14732.0,109.0,495.0,204.0,259.0,2758.0,4.541284403669724
Lotus,Eletre,2016.0,128150.81,19435.0,109.0,495.0,204.0,259.0,2997.0,4.541284403669724
Lotus,Eletre,2018.0,43103.48,8574.0,109.0,495.0,204.0,259.0,3002.0,4.541284403669724
Polestar,Polestar 4,2016.0,135442.92,3405.0,,,,,302.0,
Polestar,Polestar 4,2020.0,72229.57,8443.0,,,,,334.0,
Polestar,Polestar 4,2024.0,47790.74,9779.0,,,,,347.0,
Polestar,Polestar 4,2016.0,102658.14,8.0,,,,,1425.0,
Polestar,Polestar 4,2018.0,85641.64,17330.0,,,,,1427.0,
Polestar,Polestar 4,2020.0,80609.5,2789.0,,,,,2011.0,
Polestar,Polestar 4,2016.0,37730.9,2802.0,,,,,2473.0,
Polestar,Polestar 4,2021.0,57031.71,9974.0,,,,,2603.0,
Polestar,Polestar 4,2021.0,95673.93,2888.0,,,,,3006.0,
Great Wall Motors,ORA Ballet Cat,2015.0,121904.3,14323.0,,,,,306.0,
Great Wall Motors,ORA Ballet Cat,2019.0,58315.9,7965.0,,,,,312.0,
Great Wall Motors,ORA Ballet Cat,2024.0,84556.17,1731.0,,,,,432.0,
Great Wall Motors,ORA Ballet Cat,2021.0,128428.96,17947.0,,,,,451.0,
Great Wall Motors,ORA Ballet Cat,2022.0,137386.16,12258.0,,,,,527.0,
Great Wall Motors,ORA Ballet Cat,2024.0,53141.43,3761.0,,,,,654.0,
Great Wall Motors,ORA Ballet Cat,2023.0,103239.42,4168.0,,,,,712.0,
Great Wall Motors,ORA Ballet Cat,2024.0,67374.59,8786.0,,,,,743.0,
Great Wall Motors,ORA Ballet Cat,2017.0,75357.45,2121.0,,,,,796.0,
Great Wall Motors,ORA Ballet Cat,2017.0,143682.14,12984.0,,,,,851.0,
Great Wall Motors,ORA Ballet Cat,2022.0,62296.05,9622.0,,,,,1081.0,
Great Wall Motors,ORA Ballet Cat,2015.0,73318.39,18265.0,,,,,1084.0,
Great Wall Motors,ORA Ballet Cat,2025.0,76817.22,16494.0,,,,,1147.0,
Great Wall Motors,ORA Ballet Cat,2024.0,49054.23,4822.0,,,,,1399.0,
Great Wall Motors,ORA Ballet Cat,2019.0,111047.7,4512.0,,,,,1508.0,
Great Wall Motors,ORA Ballet Cat,2022.0,62728.32,431.0,,,,,1524.0,
Great Wall Motors,ORA Ballet Cat,2016.0,35015.6,16416.0,,,,,1822.0,
Great Wall Motors,ORA Ballet Cat,2020.0,98743.79,13038.0,,,,,1852.0,
Great Wall Motors,ORA Ballet Cat,2025.0,63413.78,15214.0,,,,,1938.0,
Great Wall Motors,ORA Ballet Cat,2019.0,144629.42,15259.0,,,,,1955.0,
Great Wall Motors,ORA Ballet Cat,2016.0,126523.85,9656.0,,,,,1990.0,
Great Wall Motors,ORA Ballet Cat,2015.0,137124.88,8688.0,,,,,2170.0,
Great Wall Motors,ORA Ballet Cat,2016.0,55401.95,10827.0,,,,,2222.0,
Great Wall Motors,ORA Ballet Cat,2015.0,59980.24,3550.0,,,,,2230.0,
Great Wall Motors,ORA Ballet Cat,2019.0,85306.59,14274.0,,,,,2375.0,
Great Wall Motors,ORA Ballet Cat,2025.0,119373.26,19344.0,,,,,2391.0,
Great Wall Motors,ORA Ballet Cat,2015.0,110386.88,18989.0,,,,,2705.0,
Great Wall Motors,ORA Ballet Cat,2022.0,96638.88,15160.0,,,,,2840.0,
Great Wall Motors,ORA Ballet Cat,2016.0,37845.54,17651.0,,,,,2875.0,
Great Wall Motors,ORA Ballet Cat,2019.0,147890.83,14406.0,,,,,2915.0,
Peugeot,e-208,2018.0,111773.08,4002.0,,,,,311.0,
Peugeot,e-208,2023.0,59486.6,1615.0,,,,,341.0,
Peugeot,e-208,2023.0,145805.92,9336.0,,,,,466.0,
Peugeot,e-208,2019.0,149858.55,8564.0,,,,,505.0,
Peugeot,e-208,2021.0,135576.6,13799.0,,,,,875.0,
Peugeot,e-208,2017.0,64549.59,4381.0,,,,,1090.0,
Peugeot,e-208,2016.0,131639.87,18094.0,,,,,1898.0,
Peugeot,e-208,2016.0,61042.35,16091.0,,,,,1970.0,
Peugeot,e-208,2021.0,105995.44,4229.0,,,,,2005.0,
Peugeot,e-208,2018.0,53587.92,18860.0,,,,,2148.0,
Peugeot,e-208,2015.0,57647.1,10983.0,,,,,2250.0,
Peugeot,e-208,2020.0,145723.63,15526.0,,,,,2538.0,
Peugeot,e-208,2020.0,79848.94,18113.0,,,,,2594.0,
Peugeot,e-208,2016.0,34293.73,12130.0,,,,,2698.0,
Peugeot,e-208,2015.0,64073.81,15801.0,,,,,2731.0,
Peugeot,e-208,2022.0,109440.37,10544.0,,,,,2985.0,
Chevrolet,Equinox EV,2022.0,89990.3,17575.0,,,,,313.0,
Chevrolet,Equinox EV,2015.0,93896.38,19897.0,,,,,607.0,
Chevrolet,Equinox EV,2019.0,98212.93,1212.0,,,,,711.0,
Chevrolet,Equinox EV,2016.0,112081.28,12942.0,,,,,924.0,
Chevrolet,Equinox EV,2015.0,58881.63,4971.0,,,,,948.0,
Chevrolet,Equinox EV,2024.0,119073.94,4958.0,,,,,1467.0,
Chevrolet,Equinox EV,2021.0,59890.72,682.0,,,,,1736.0,
Chevrolet,Equinox EV,2021.0,51131.67,18152.0,,,,,1881.0,
Chevrolet,Equinox EV,2017.0,113555.61,15487.0,,,,,2117.0,
Chevrolet,Equinox EV,2020.0,114799.75,14220.0,,,,,2869.0,
Kia,EV9,2018.0,93098.56,6839.0,,,,,318.0,
Kia,EV9,2025.0,30697.23,10853.0,,,,,597.0,
Kia,EV9,2022.0,122689.4,4298.0,,,,,738.0,
Kia,EV9,2015.0,100902.46,3403.0,,,,,999.0,
Kia,EV9,2023.0,137893.67,13824.0,,,,,1061.0,
Kia,EV9,2017.0,78795.71,8713.0,,,,,1133.0,
Kia,EV9,2015.0,83606.62,432.0,,,,,1377.0,
Kia,EV9,2024.0,137818.65,8720.0,,,,,1402.0,
Kia,EV9,2025.0,108485.87,15596.0,,,,,1451.0,
Kia,EV9,2019.0,107291.13,19082.0,,,,,1799.0,
Kia,EV9,2023.0,109822.96,578.0,,,,,1804.0,
Kia,EV9,2021.0,109078.92,5529.0,,,,,2171.0,
Kia,EV9,2021.0,79006.57,7173.0,,,,,2346.0,
Kia,EV9,2022.0,138642.8,13136.0,,,,,2367.0,
Kia,EV9,2021.0,126212.54,11690.0,,,,,2794.0,
Ford,Explorer EV (Europe),2019.0,46629.18,14092.0,,,,,336.0,
Ford,Explorer EV (Europe),2023.0,36722.67,18920.0,,,,,354.0,
Ford,Explorer EV (Europe),2020.0,147302.84,9457.0,,,,,415.0,
Ford,Explorer EV (Europe),2016.0,94527.78,18322.0,,,,,748.0,
Ford,Explorer EV (Europe),2017.0,81433.29,6767.0,,,,,1395.0,
Ford,Explorer EV (Europe),2015.0,98618.47,7230.0,,,,,1654.0,
Ford,Explorer EV (Europe),2020.0,130632.55,2373.0,,,,,1669.0,
Ford,Explorer EV (Europe),2015.0,128963.45,9794.0,,,,,1794.0,
Ford,Explorer EV (Europe),2025.0,49891.62,9559.0,,,,,1982.0,
Ford,Explorer EV (Europe),2019.0,53294.93,19460.0,,,,,2181.0,
Ford,Explorer EV (Europe),2019.0,82801.97,15647.0,,,,,2416.0,
Ford,Explorer EV (Europe),2024.0,121177.35,19874.0,,,,,2429.0,
Ford,Explorer EV (Europe),2018.0,70167.14,11902.0,,,,,2524.0,
Ford,Explorer EV (Europe),2024.0,41506.59,1951.0,,,,,2708.0,
Ford,Explorer EV (Europe),2022.0,84240.01,10064.0,,,,,2954.0,
Renault,Megane E-Tech,2016.0,114873.49,10983.0,,,,,344.0,
Renault,Megane E-Tech,2022.0,141880.48,17058.0,,,,,358.0,
Renault,Megane E-Tech,2023.0,94236.49,2970.0,,,,,386.0,
Renault,Megane E-Tech,2020.0,108115.49,19057.0,,,,,489.0,
Renault,Megane E-Tech,2025.0,81253.33,3845.0,,,,,577.0,
Renault,Megane E-Tech,2020.0,69253.89,10315.0,,,,,729.0,
Renault,Megane E-Tech,2025.0,45448.74,13843.0,,,,,773.0,
Renault,Megane E-Tech,2017.0,73006.84,16670.0,,,,,819.0,
Renault,Megane E-Tech,2021.0,45177.93,248.0,,,,,1111.0,
Renault,Megane E-Tech,2021.0,75228.62,19002.0,,,,,1450.0,
Renault,Megane E-Tech,2019.0,55063.89,18819.0,,,,,1510.0,
Renault,Megane E-Tech,2021.0,62804.21,7296.0,,,,,1606.0,
Renault,Megane E-Tech,2020.0,135924.6,7243.0,,,,,1783.0,
Renault,Megane E-Tech,2020.0,131801.21,3752.0,,,,,1966.0,
Renault,Megane E-Tech,2025.0,70992.01,13035.0,,,,,1974.0,
Opel,Mokka-e,2020.0,131197.16,13558.0,,,,,349.0,
Opel,Mokka-e,2019.0,46853.67,4226.0,,,,,634.0,
Opel,Mokka-e,2018.0,119728.12,12087.0,,,,,992.0,
Opel,Mokka-e,2021.0,62628.17,16839.0,,,,,1055.0,
Opel,Mokka-e,2020.0,44962.71,15934.0,,,,,1243.0,
Opel,Mokka-e,2025.0,148318.04,7506.0,,,,,1415.0,
Opel,Mokka-e,2024.0,99534.65,9322.0,,,,,1652.0,
Opel,Mokka-e,2015.0,39339.97,1155.0,,,,,1808.0,
Opel,Mokka-e,2024.0,60636.39,12698.0,,,,,1883.0,
Opel,Mokka-e,2020.0,114394.86,10372.0,,,,,2193.0,
Opel,Mokka-e,2021.0,31559.53,14770.0,,,,,2453.0,
Opel,Mokka-e,2023.0,122384.74,16198.0,,,,,2838.0,
Opel,Mokka-e,2015.0,138432.79,5226.0,,,,,2854.0,
Pininfarina,Battista,2021.0,53281.87,4448.0,,,,,353.0,
Pininfarina,Battista,2016.0,105181.3,10305.0,,,,,355.0,
Pininfarina,Battista,2025.0,41149.94,15418.0,,,,,362.0,
Pininfarina,Battista,2021.0,134424.0,4639.0,,,,,389.0,
Pininfarina,Battista,2015.0,138169.18,12789.0,,,,,438.0,
Pininfarina,Battista,2025.0,97931.63,16250.0,,,,,520.0,
Pininfarina,Battista,2018.0,46377.67,14343.0,,,,,541.0,
Pininfarina,Battista,2017.0,112659.66,19566.0,,,,,640.0,
Pininfarina,Battista,2024.0,107332.12,5692.0,,,,,648.0,
Pininfarina,Battista,2021.0,96395.3,17003.0,,,,,709.0,
Pininfarina,Battista,2021.0,92961.52,5212.0,,,,,908.0,
Pininfarina,Battista,2024.0,98843.11,16429.0,,,,,923.0,
Pininfarina,Battista,2022.0,62185.4,18547.0,,,,,942.0,
Pininfarina,Battista,2019.0,115332.6,14691.0,,,,,965.0,
Pininfarina,Battista,2020.0,100274.54,18558.0,,,,,966.0,
Pininfarina,Battista,2020.0,69902.15,6444.0,,,,,983.0,
Pininfarina,Battista,2022.0,65078.0,9462.0,,,,,988.0,
Pininfarina,Battista,2016.0,113565.49,18733.0,,,,,1015.0,
Pininfarina,Battista,2015.0,36443.89,14808.0,,,,,1146.0,
Pininfarina,Battista,2016.0,46556.37,18069.0,,,,,1171.0,
Pininfarina,Battista,2016.0,109929.89,16630.0,,,,,1185.0,
Pininfarina,Battista,2025.0,81629.29,11812.0,,,,,1255.0,
Pininfarina,Battista,2021.0,116964.85,6104.0,,,,,1267.0,
Pininfarina,Battista,2024.0,64204.84,18839.0,,,,,1426.0,
Pininfarina,Battista,2025.0,66010.31,8108.0,,,,,1547.0,
Pininfarina,Battista,2017.0,120083.26,14445.0,,,,,1628.0,
Pininfarina,Battista,2023.0,87247.72,3488.0,,,,,1715.0,
Pininfarina,Battista,2022.0,145539.26,2700.0,,,,,1865.0,
Pininfarina,Battista,2017.0,89810.28,4485.0,,,,,1963.0,
Pininfarina,Battista,2019.0,145977.14,19046.0,,,,,1993.0,
Pininfarina,Battista,2021.0,77965.45,18833.0,,,,,2064.0,
Pininfarina,Battista,2017.0,72551.88,11060.0,,,,,2335.0,
Pininfarina,Battista,2018.0,36062.63,17608.0,,,,,2414.0,
Pininfarina,Battista,2022.0,126748.58,14944.0,,,,,2440.0,
Pininfarina,Battista,2015.0,99914.47,4641.0,,,,,2445.0,
Pininfarina,Battista,2018.0,77025.87,1089.0,,,,,2593.0,
Pininfarina,Battista,2015.0,60676.04,15913.0,,,,,2676.0,
Pininfarina,Battista,2024.0,48482.98,8691.0,,,,,2747.0,
Pininfarina,Battista,2020.0,70092.04,15178.0,,,,,2767.0,
Pininfarina,Battista,2018.0,45635.17,10315.0,,,,,2773.0,
Pininfarina,Battista,2018.0,104325.3,5358.0,,,,,2786.0,
Pininfarina,Battista,2021.0,79324.18,1014.0,,,,,2895.0,
Pininfarina,Battista,2016.0,113234.3,6977.0,,,,,2900.0,
Pininfarina,Battista,2022.0,62556.49,16933.0,,,,,2998.0,
Pininfarina,Battista,2025.0,47638.19,18146.0,,,,,3015.0,
BMW,iX,2015.0,40334.35,11653.0,,,,,361.0,
BMW,iX,2019.0,71190.12,2584.0,,,,,1326.0,
BMW,iX,2018.0,91485.37,7598.0,,,,,1544.0,
BMW,iX,2022.0,92658.04,13088.0,,,,,2095.0,
BMW,iX,2024.0,88402.77,4869.0,,,,,2349.0,
BMW,iX,2020.0,47315.21,18008.0,,,,,2738.0,
BMW,iX,2016.0,71705.89,15343.0,,,,,2819.0,
Rivian,R1T,2024.0,109305.77,10374.0,,,,,367.0,
Rivian,R1T,2016.0,32149.83,19722.0,,,,,472.0,
Rivian,R1T,2015.0,124877.63,8798.0,,,,,608.0,
Rivian,R1T,2022.0,72073.64,12276.0,,,,,646.0,
Rivian,R1T,2015.0,65002.9,16913.0,,,,,1355.0,
Rivian,R1T,2021.0,78546.18,15577.0,,,,,1441.0,
Rivian,R1T,2020.0,138608.2,7295.0,,,,,1541.0,
Rivian,R1T,2016.0,66414.61,3015.0,,,,,1588.0,
Rivian,R1T,2025.0,102501.27,1129.0,,,,,2118.0,
Rivian,R1T,2015.0,149796.0,1063.0,,,,,2127.0,
Rivian,R1T,2016.0,61757.05,6550.0,,,,,2636.0,
Rivian,R1T,2024.0,136277.2,18074.0,,,,,2719.0,
Rivian,R1T,2025.0,109817.05,13861.0,,,,,2793.0,
XPeng,G6,2025.0,107200.58,14610.0,,,,,384.0,
XPeng,G6,2020.0,38483.83,17774.0,,,,,403.0,
XPeng,G6,2019.0,42347.35,13885.0,,,,,656.0,
XPeng,G6,2022.0,33475.51,10407.0,,,,,734.0,
XPeng,G6,2018.0,148125.93,11900.0,,,,,785.0,
XPeng,G6,2024.0,147807.12,11855.0,,,,,1531.0,
XPeng,G6,2024.0,39756.46,15795.0,,,,,1582.0,
XPeng,G6,2025.0,58342.5,12992.0,,,,,1666.0,
XPeng,G6,2025.0,33657.24,11313.0,,,,,1774.0,
XPeng,G6,2019.0,65877.32,15752.0,,,,,2180.0,
XPeng,G6,2023.0,85124.41,10042.0,,,,,2385.0,
XPeng,G6,2022.0,134098.62,7133.0,,,,,2564.0,
XPeng,G6,2025.0,101984.41,4901.0,,,,,2981.0,
BYD,Atto 3,2023.0,53246.28,1770.0,,,,,395.0,
BYD,Atto 3,2024.0,61539.29,18376.0,,,,,635.0,
BYD,Atto 3,2021.0,96285.92,10440.0,,,,,887.0,
BYD,Atto 3,2021.0,69246.97,19771.0,,,,,912.0,
BYD,Atto 3,2025.0,143056.53,14862.0,,,,,1093.0,
BYD,Atto 3,2024.0,140940.34,14890.0,,,,,1439.0,
BYD,Atto 3,2025.0,45035.45,18261.0,,,,,1914.0,
BYD,Atto 3,2020.0,122315.52,7707.0,,,,,2035.0,
BYD,Atto 3,2020.0,119099.52,11612.0,,,,,2249.0,
BYD,Seal,2018.0,118850.03,14575.0,,,,,396.0,
BYD,Seal,2020.0,100754.91,4008.0,,,,,494.0,
BYD,Seal,2019.0,108034.29,15867.0,,,,,1137.0,
BYD,Seal,2018.0,39618.37,3482.0,,,,,1423.0,
BYD,Seal,2022.0,149820.78,15212.0,,,,,2259.0,
BYD,Seal,2019.0,86803.32,8037.0,,,,,2281.0,
BYD,Seal,2022.0,119938.14,5588.0,,,,,2404.0,
BYD,Seagull,2016.0,137753.5,4931.0,,,,,407.0,
BYD,Seagull,2018.0,65157.83,5795.0,,,,,789.0,
BYD,Seagull,2018.0,140944.12,11226.0,,,,,1817.0,
BYD,Seagull,2025.0,124447.66,19554.0,,,,,2682.0,
BYD,Seagull,2023.0,71492.1,756.0,,,,,2928.0,
Audi,A6 e-tron (upcoming),2020.0,87124.89,19059.0,,,,,419.0,
Audi,A6 e-tron (upcoming),2024.0,137580.13,17062.0,,,,,641.0,
Audi,A6 e-tron (upcoming),2025.0,53778.05,19707.0,,,,,660.0,
Audi,A6 e-tron (upcoming),2017.0,129357.08,6311.0,,,,,938.0,
Audi,A6 e-tron (upcoming),2017.0,144771.13,2608.0,,,,,1138.0,
Audi,A6 e-tron (upcoming),2021.0,126444.7,4525.0,,,,,1203.0,
Audi,A6 e-tron (upcoming),2025.0,110463.03,11722.0,,,,,1238.0,
Audi,A6 e-tron (upcoming),2022.0,56693.36,7620.0,,,,,1336.0,
Audi,A6 e-tron (upcoming),2024.0,131763.61,7647.0,,,,,1521.0,
Audi,A6 e-tron (upcoming),2015.0,105127.63,6700.0,,,,,1620.0,
Audi,A6 e-tron (upcoming),2017.0,116504.46,8803.0,,,,,1855.0,
Audi,A6 e-tron (upcoming),2022.0,97670.76,10892.0,,,,,2101.0,
Audi,A6 e-tron (upcoming),2023.0,46090.92,18304.0,,,,,2978.0,
BMW,i7,2019.0,64132.5,19135.0,,,,,436.0,
BMW,i7,2017.0,63513.25,1385.0,,,,,959.0,
BMW,i7,2015.0,48995.49,2942.0,,,,,1239.0,
BMW,i7,2021.0,86171.52,13807.0,,,,,2426.0,
BMW,i7,2018.0,81122.49,12492.0,,,,,2658.0,
Volkswagen,ID.3,2019.0,35067.88,19713.0,,,,,445.0,
Volkswagen,ID.3,2016.0,71598.67,14890.0,,,,,1268.0,
Volkswagen,ID.3,2016.0,87734.65,5972.0,,,,,1414.0,
Volkswagen,ID.3,2023.0,44405.63,9195.0,,,,,1455.0,
Volkswagen,ID.3,2021.0,54139.95,9287.0,,,,,2195.0,
Volkswagen,ID.3,2017.0,114241.95,12475.0,,,,,2395.0,
Audi,Q8 e-tron,2020.0,116908.13,19019.0,,,,,446.0,
Audi,Q8 e-tron,2019.0,69330.46,3715.0,,,,,996.0,
Audi,Q8 e-tron,2020.0,81299.7,19751.0,,,,,1156.0,
Audi,Q8 e-tron,2023.0,37909.33,3806.0,,,,,1176.0,
Audi,Q8 e-tron,2023.0,51060.04,15943.0,,,,,1592.0,
Audi,Q8 e-tron,2020.0,39912.77,8803.0,,,,,2656.0,
Audi,Q8 e-tron,2025.0,146476.36,5121.0,,,,,2688.0,
Honda,Honda e (discontinued),2015.0,80853.76,690.0,,,,,448.0,
Honda,Honda e (discontinued),2017.0,134853.11,3029.0,,,,,639.0,
Honda,Honda e (discontinued),2020.0,63149.66,14910.0,,,,,678.0,
Honda,Honda e (discontinued),2017.0,135437.99,12039.0,,,,,1151.0,
Honda,Honda e (discontinued),2020.0,74741.81,4139.0,,,,,1173.0,
Honda,Honda e (discontinued),2018.0,78675.79,7177.0,,,,,1182.0,
Honda,Honda e (discontinued),2025.0,95535.79,5558.0,,,,,1408.0,
Honda,Honda e (discontinued),2023.0,91515.56,2468.0,,,,,1449.0,
Honda,Honda e (discontinued),2021.0,120591.61,17787.0,,,,,1834.0,
Honda,Honda e (discontinued),2015.0,104309.18,8770.0,,,,,1868.0,
Honda,Honda e (discontinued),2015.0,38205.37,1488.0,,,,,1884.0,
Honda,Honda e (discontinued),2018.0,106881.03,8691.0,,,,,2111.0,
Honda,Honda e (discontinued),2023.0,141085.96,2400.0,,,,,2130.0,
Honda,Honda e (discontinued),2017.0,99950.95,9627.0,,,,,2456.0,
Honda,Honda e (discontinued),2023.0,127270.14,10238.0,,,,,2613.0,
Honda,Honda e (discontinued),2025.0,84360.48,16823.0,,,,,2789.0,
Honda,Honda e (discontinued),2016.0,141864.44,4465.0,,,,,2820.0,
Honda,Honda e (discontinued),2022.0,110835.13,15368.0,,,,,2856.0,
Honda,Honda e (discontinued),2023.0,48469.77,14226.0,,,,,2949.0,
XPeng,X9,2021.0,98069.15,6656.0,,,,,455.0,
XPeng,X9,2023.0,61023.79,722.0,,,,,1134.0,
XPeng,X9,2016.0,108211.35,9782.0,,,,,1208.0,
XPeng,X9,2018.0,93014.84,3564.0,,,,,1536.0,
XPeng,X9,2020.0,89767.2,4628.0,,,,,1657.0,
XPeng,X9,2020.0,48635.13,17832.0,,,,,1895.0,
XPeng,X9,2016.0,31704.6,10803.0,,,,,2529.0,
XPeng,X9,2019.0,135222.82,1093.0,,,,,2667.0,
XPeng,X9,2025.0,135812.56,861.0,,,,,2797.0,
XPeng,X9,2015.0,105934.5,5496.0,,,,,2938.0,
XPeng,X9,2020.0,74484.8,10738.0,,,,,2966.0,
Chevrolet,Silverado EV,2020.0,116371.68,16670.0,,,,,462.0,
Chevrolet,Silverado EV,2017.0,103838.5,6895.0,,,,,869.0,
Chevrolet,Silverado EV,2016.0,61856.27,3531.0,,,,,1960.0,
Chevrolet,Silverado EV,2017.0,101294.52,8450.0,,,,,2102.0,
Chevrolet,Silverado EV,2015.0,117690.13,15153.0,,,,,2155.0,
Chevrolet,Silverado EV,2025.0,116056.97,8224.0,,,,,2340.0,
Chevrolet,Silverado EV,2015.0,115739.84,7254.0,,,,,2407.0,
Chevrolet,Silverado EV,2019.0,89704.33,9497.0,,,,,2560.0,
Chevrolet,Silverado EV,2017.0,133973.75,4454.0,,,,,2627.0,
Mazda,MX-30,2023.0,79562.33,16496.0,,,,,470.0,
Mazda,MX-30,2016.0,49203.28,16556.0,,,,,488.0,
Mazda,MX-30,2022.0,61591.39,6129.0,,,,,891.0,
Mazda,MX-30,2021.0,54508.8,15235.0,,,,,904.0,
Mazda,MX-30,2021.0,49995.46,5765.0,,,,,956.0,
Mazda,MX-30,2016.0,113993.13,5334.0,,,,,977.0,
Mazda,MX-30,2016.0,148217.63,17321.0,,,,,1046.0,
Mazda,MX-30,2015.0,101742.04,9712.0,,,,,1048.0,
Mazda,MX-30,2024.0,81694.44,5620.0,,,,,1124.0,
Mazda,MX-30,2024.0,88271.71,14631.0,,,,,1282.0,
Mazda,MX-30,2021.0,139321.63,12393.0,,,,,1329.0,
Mazda,MX-30,2025.0,83034.41,18498.0,,,,,1549.0,
Mazda,MX-30,2016.0,61335.98,15664.0,,,,,1586.0,
Mazda,MX-30,2021.0,63306.05,4731.0,,,,,1610.0,
Mazda,MX-30,2019.0,70791.66,16877.0,,,,,1638.0,
Mazda,MX-30,2020.0,123627.93,4638.0,,,,,1648.0,
Mazda,MX-30,2020.0,98454.6,16559.0,,,,,1655.0,
Mazda,MX-30,2022.0,96172.33,12991.0,,,,,1670.0,
Mazda,MX-30,2020.0,147168.59,18894.0,,,,,1743.0,
Mazda,MX-30,2025.0,116247.7,14409.0,,,,,1749.0,
Mazda,MX-30,2019.0,131813.0,12756.0,,,,,1752.0,
Mazda,MX-30,2015.0,133105.37,19097.0,,,,,1857.0,
Mazda,MX-30,2019.0,44613.74,19578.0,,,,,2119.0,
Mazda,MX-30,2021.0,64059.88,12759.0,,,,,2228.0,
Mazda,MX-30,2023.0,47706.18,7952.0,,,,,2239.0,
Mazda,MX-30,2024.0,118314.72,1636.0,,,,,2543.0,
Mazda,MX-30,2020.0,141067.0,4414.0,,,,,2585.0,
Mazda,MX-30,2019.0,98013.46,1842.0,,,,,2715.0,
Hyundai,Ioniq 6,2020.0,121103.09,17032.0,,,,,485.0,
Hyundai,Ioniq 6,2019.0,118232.19,7082.0,,,,,666.0,
Hyundai,Ioniq 6,2017.0,33856.4,8560.0,,,,,681.0,
Hyundai,Ioniq 6,2020.0,66700.22,6624.0,,,,,843.0,
Hyundai,Ioniq 6,2024.0,118710.85,1718.0,,,,,862.0,
Hyundai,Ioniq 6,2023.0,32305.46,12292.0,,,,,886.0,
Hyundai,Ioniq 6,2020.0,104063.42,1539.0,,,,,1322.0,
Hyundai,Ioniq 6,2016.0,69567.13,8512.0,,,,,1359.0,
Hyundai,Ioniq 6,2018.0,67095.32,13429.0,,,,,1368.0,
Hyundai,Ioniq 6,2024.0,55787.14,12851.0,,,,,1741.0,
Hyundai,Ioniq 6,2021.0,72763.02,9726.0,,,,,1769.0,
Hyundai,Ioniq 6,2021.0,88271.06,12803.0,,,,,1879.0,
Hyundai,Ioniq 6,2023.0,102910.26,12244.0,,,,,2091.0,
Hyundai,Ioniq 6,2022.0,103571.63,19137.0,,,,,2136.0,
Hyundai,Ioniq 6,2023.0,84464.22,607.0,,,,,2296.0,
Hyundai,Ioniq 6,2016.0,86388.48,19428.0,,,,,2461.0,
Hyundai,Ioniq 6,2024.0,30488.05,9350.0,,,,,2771.0,
Hyundai,Ioniq 6,2016.0,82502.79,14628.0,,,,,2889.0,
Jeep,Wrangler 4xe (PHEV),2022.0,32886.83,5510.0,,,,,499.0,
Jeep,Wrangler 4xe (PHEV),2018.0,118549.59,4969.0,,,,,549.0,
Jeep,Wrangler 4xe (PHEV),2023.0,60344.55,13487.0,,,,,559.0,
Jeep,Wrangler 4xe (PHEV),2025.0,145035.02,3972.0,,,,,717.0,
Jeep,Wrangler 4xe (PHEV),2015.0,137646.74,2348.0,,,,,976.0,
Jeep,Wrangler 4xe (PHEV),2023.0,36909.71,817.0,,,,,1119.0,
Jeep,Wrangler 4xe (PHEV),2019.0,114869.76,1249.0,,,,,1694.0,
Jeep,Wrangler 4xe (PHEV),2021.0,54861.78,5627.0,,,,,1719.0,
Jeep,Wrangler 4xe (PHEV),2018.0,118158.64,11076.0,,,,,2087.0,
Jeep,Wrangler 4xe (PHEV),2018.0,36245.89,9323.0,,,,,2630.0,
Jeep,Wrangler 4xe (PHEV),2015.0,131834.29,3833.0,,,,,2784.0,
Jeep,Wrangler 4xe (PHEV),2017.0,134265.96,15948.0,,,,,2831.0,
Jeep,Wrangler 4xe (PHEV),2024.0,61249.44,4933.0,,,,,2911.0,
NIO,ET9,2015.0,56582.49,9934.0,,,,,508.0,
NIO,ET9,2025.0,121559.56,7095.0,,,,,708.0,
NIO,ET9,2021.0,145021.53,11347.0,,,,,772.0,
NIO,ET9,2015.0,77402.03,19841.0,,,,,960.0,
NIO,ET9,2020.0,38764.74,4505.0,,,,,2275.0,
NIO,ET9,2025.0,93167.64,11437.0,,,,,2402.0,
NIO,ET9,2017.0,91374.01,1433.0,,,,,2481.0,
NIO,ET9,2019.0,88992.78,2495.0,,,,,2483.0,
NIO,ET9,2025.0,98963.93,11624.0,,,,,2799.0,
NIO,ET9,2020.0,134074.9,11835.0,,,,,2827.0,
NIO,ET9,2016.0,104068.1,7741.0,,,,,2962.0,
NIO,ET9,2022.0,52469.48,12889.0,,,,,2964.0,
Peugeot,e-2008,2021.0,37541.29,10954.0,,,,,513.0,
Peugeot,e-2008,2016.0,99230.02,10474.0,,,,,571.0,
Peugeot,e-2008,2017.0,106497.38,546.0,,,,,757.0,
Peugeot,e-2008,2025.0,72448.68,1615.0,,,,,1234.0,
Peugeot,e-2008,2015.0,61814.78,13621.0,,,,,1257.0,
Peugeot,e-2008,2023.0,87339.11,19152.0,,,,,1422.0,
Peugeot,e-2008,2024.0,106430.63,11399.0,,,,,1551.0,
Peugeot,e-2008,2020.0,134117.56,3981.0,,,,,1723.0,
Peugeot,e-2008,2015.0,147619.53,17746.0,,,,,2003.0,
Peugeot,e-2008,2016.0,89359.27,5912.0,,,,,2430.0,
Peugeot,e-2008,2022.0,96969.01,2478.0,,,,,2725.0,
Peugeot,e-2008,2018.0,62853.57,16220.0,,,,,2779.0,
BMW,i4,2021.0,101949.1,3318.0,,,,,516.0,
BMW,i4,2016.0,46977.34,5197.0,,,,,898.0,
BMW,i4,2023.0,105466.84,9270.0,,,,,906.0,
BMW,i4,2022.0,65274.12,2220.0,,,,,964.0,
BMW,i4,2019.0,96305.2,18293.0,,,,,1028.0,
BMW,i4,2022.0,139621.32,3367.0,,,,,2781.0,
BMW,i4,2020.0,98669.32,2190.0,,,,,2899.0,
Audi,Q4 e-tron,2015.0,100282.37,7174.0,,,,,522.0,
Audi,Q4 e-tron,2015.0,119425.36,17797.0,,,,,530.0,
Audi,Q4 e-tron,2015.0,131267.15,2850.0,,,,,1169.0,
Audi,Q4 e-tron,2016.0,76392.48,9430.0,,,,,1550.0,
Audi,Q4 e-tron,2019.0,36335.26,10981.0,,,,,1564.0,
Audi,Q4 e-tron,2024.0,131616.5,11431.0,,,,,1663.0,
Audi,Q4 e-tron,2018.0,119624.5,8029.0,,,,,1793.0,
Audi,Q4 e-tron,2023.0,90057.78,15984.0,,,,,1803.0,
Audi,Q4 e-tron,2019.0,102815.01,6654.0,,,,,2202.0,
Audi,Q4 e-tron,2017.0,60083.11,18741.0,,,,,2315.0,
Audi,Q4 e-tron,2020.0,94249.74,15203.0,,,,,2469.0,
Volvo,EX90,2022.0,143031.57,10012.0,,,,,532.0,
Volvo,EX90,2019.0,135627.23,15287.0,,,,,836.0,
Volvo,EX90,2025.0,32492.87,13511.0,,,,,847.0,
Volvo,EX90,2024.0,136881.95,10641.0,,,,,1362.0,
Volvo,EX90,2025.0,112811.43,19459.0,,,,,1712.0,
Volvo,EX90,2025.0,141080.54,2501.0,,,,,1763.0,
Volvo,EX90,2019.0,142008.56,7920.0,,,,,1871.0,
Volvo,EX90,2025.0,79786.27,8099.0,,,,,2322.0,
Volvo,EX90,2020.0,113582.33,19298.0,,,,,2449.0,
Volvo,EX90,2024.0,51380.09,13482.0,,,,,2748.0,
Volvo,EX90,2023.0,43176.97,2937.0,,,,,2800.0,
Tesla,Model 3,2019.0,83390.43,17636.0,,,,,583.0,
Tesla,Model 3,2017.0,75869.0,12090.0,,,,,1892.0,
Tesla,Model 3,2020.0,94427.56,6484.0,,,,,2240.0,
Tesla,Model 3,2021.0,134629.64,11193.0,,,,,2463.0,
Tesla,Model 3,2023.0,51719.71,12860.0,,,,,2487.0,
VinFast,VF 6,2016.0,87651.05,17810.0,,,,,615.0,
VinFast,VF 6,2015.0,60277.99,18445.0,,,,,1120.0,
VinFast,VF 6,2025.0,56002.99,8677.0,,,,,1705.0,
VinFast,VF 6,2017.0,98299.48,5591.0,,,,,2595.0,
VinFast,VF 6,2021.0,101572.39,8114.0,,,,,2782.0,
VinFast,VF 6,2021.0,132452.82,2940.0,,,,,2950.0,
Mercedes-Benz,EQC,2021.0,129542.19,17088.0,,,,,626.0,
Mercedes-Benz,EQC,2020.0,73524.2,6943.0,,,,,628.0,
Mercedes-Benz,EQC,2018.0,87055.68,13939.0,,,,,751.0,
Mercedes-Benz,EQC,2020.0,131577.79,13749.0,,,,,895.0,
Mercedes-Benz,EQC,2025.0,43062.37,7710.0,,,,,1371.0,
Mercedes-Benz,EQC,2015.0,133019.06,19617.0,,,,,2919.0,
Mercedes-Benz,EQE SUV,2022.0,142816.94,16302.0,,,,,632.0,
Mercedes-Benz,EQE SUV,2018.0,48745.21,14789.0,,,,,1457.0,
Mercedes-Benz,EQE SUV,2025.0,49769.96,6870.0,,,,,1785.0,
Mercedes-Benz,EQE SUV,2020.0,146931.18,18256.0,,,,,1845.0,
Mercedes-Benz,EQE SUV,2020.0,125182.0,9966.0,,,,,1941.0,
Mercedes-Benz,EQE SUV,2019.0,35222.81,4631.0,,,,,2284.0,
Mercedes-Benz,EQE,2016.0,118177.8,11554.0,,,,,675.0,
Mercedes-Benz,EQE,2020.0,140965.67,3393.0,,,,,991.0,
Mercedes-Benz,EQE,2024.0,31679.05,15089.0,,,,,1210.0,
Mercedes-Benz,EQE,2020.0,110181.42,12695.0,,,,,1369.0,
Mercedes-Benz,EQE,2015.0,58325.51,12672.0,,,,,1702.0,
Mercedes-Benz,EQE,2020.0,112055.3,17764.0,,,,,1924.0,
Mercedes-Benz,EQE,2025.0,92906.18,10259.0,,,,,2720.0,
Hyundai,Ioniq 5,2015.0,82630.44,18485.0,,,,,724.0,
Hyundai,Ioniq 5,2022.0,34705.34,16274.0,,,,,1037.0,
Hyundai,Ioniq 5,2017.0,77202.81,8680.0,,,,,1068.0,
Hyundai,Ioniq 5,2022.0,57041.68,2122.0,,,,,1374.0,
Hyundai,Ioniq 5,2017.0,35960.44,9992.0,,,,,1465.0,
Hyundai,Ioniq 5,2024.0,52011.44,19170.0,,,,,2134.0,
Hyundai,Ioniq 5,2022.0,79348.02,11133.0,,,,,2196.0,
Hyundai,Ioniq 5,2017.0,97582.43,220.0,,,,,2316.0,
Hyundai,Ioniq 5,2022.0,97963.02,16444.0,,,,,2596.0,
Hyundai,Ioniq 5,2020.0,54897.26,5836.0,,,,,2666.0,
MG,MG ZS EV,2024.0,116645.55,12626.0,,,,,790.0,
MG,MG ZS EV,2022.0,41043.61,2831.0,,,,,990.0,
MG,MG ZS EV,2023.0,141636.62,12460.0,,,,,1214.0,
MG,MG ZS EV,2025.0,42836.3,5145.0,,,,,1277.0,
MG,MG ZS EV,2015.0,38600.51,17874.0,,,,,1701.0,
MG,MG ZS EV,2017.0,75612.4,419.0,,,,,1777.0,
MG,MG ZS EV,2024.0,42822.89,4231.0,,,,,1854.0,
MG,MG ZS EV,2016.0,81130.28,10942.0,,,,,1925.0,
MG,MG ZS EV,2018.0,149934.83,5708.0,,,,,1975.0,
MG,MG ZS EV,2025.0,83100.25,16464.0,,,,,2083.0,
MG,MG ZS EV,2017.0,134889.82,9170.0,,,,,2288.0,
MG,MG ZS EV,2016.0,119036.44,6186.0,,,,,2368.0,
MG,MG ZS EV,2023.0,130722.4,11111.0,,,,,2530.0,
MG,MG ZS EV,2016.0,112539.19,5347.0,,,,,2566.0,
Peugeot,e-5008,2015.0,57027.59,14999.0,,,,,815.0,
Peugeot,e-5008,2015.0,109909.34,15741.0,,,,,936.0,
Peugeot,e-5008,2023.0,137662.37,2938.0,,,,,1258.0,
Peugeot,e-5008,2022.0,37836.53,12323.0,,,,,1315.0,
Peugeot,e-5008,2018.0,131883.56,2371.0,,,,,1553.0,
Peugeot,e-5008,2015.0,127289.11,14242.0,,,,,2058.0,
Peugeot,e-5008,2025.0,68631.57,6113.0,,,,,2115.0,
Peugeot,e-5008,2023.0,83635.85,9257.0,,,,,2545.0,
Peugeot,e-5008,2023.0,93928.91,3858.0,,,,,2659.0,
Peugeot,e-5008,2025.0,134518.7,18960.0,,,,,2868.0,
Peugeot,e-5008,2018.0,143732.41,10697.0,,,,,2871.0,
NIO,ES6,2016.0,139829.4,5109.0,,,,,864.0,
NIO,ES6,2021.0,37253.35,14138.0,,,,,1211.0,
NIO,ES6,2015.0,108335.73,12809.0,,,,,1342.0,
NIO,ES6,2018.0,103670.43,19728.0,,,,,1720.0,
NIO,ES6,2021.0,138207.46,8933.0,,,,,1751.0,
NIO,ES6,2025.0,71172.88,13994.0,,,,,2704.0,
Polestar,Polestar 5 (upcoming),2015.0,114353.63,12035.0,,,,,920.0,
Polestar,Polestar 5 (upcoming),2022.0,47560.79,2180.0,,,,,945.0,
Polestar,Polestar 5 (upcoming),2018.0,63536.48,14619.0,,,,,950.0,
Polestar,Polestar 5 (upcoming),2018.0,112040.9,7507.0,,,,,1235.0,
Polestar,Polestar 5 (upcoming),2019.0,133859.25,20.0,,,,,1299.0,
Polestar,Polestar 5 (upcoming),2024.0,144938.6,9117.0,,,,,1604.0,
Polestar,Polestar 5 (upcoming),2025.0,123182.99,19585.0,,,,,1721.0,
Polestar,Polestar 5 (upcoming),2016.0,30471.45,19513.0,,,,,1907.0,
Polestar,Polestar 5 (upcoming),2020.0,38618.6,17244.0,,,,,1920.0,
Polestar,Polestar 5 (upcoming),2024.0,79213.58,17028.0,,,,,2131.0,
Polestar,Polestar 5 (upcoming),2019.0,92310.89,18049.0,,,,,2157.0,
Polestar,Polestar 5 (upcoming),2021.0,73539.98,14867.0,,,,,2480.0,
Polestar,Polestar 5 (upcoming),2020.0,63617.13,16377.0,,,,,2634.0,
Polestar,Polestar 5 (upcoming),2022.0,126545.1,12551.0,,,,,2907.0,
Volkswagen,ID.4,2021.0,98182.42,2165.0,,,,,968.0,
Volkswagen,ID.4,2018.0,140357.12,18357.0,,,,,1233.0,
Volkswagen,ID.4,2019.0,81383.62,1786.0,,,,,1569.0,
Volkswagen,ID.4,2020.0,138529.75,6707.0,,,,,1936.0,
Volkswagen,ID.4,2025.0,66640.04,4874.0,,,,,2379.0,
Volkswagen,ID.4,2025.0,82251.22,5137.0,,,,,2519.0,
Volkswagen,ID.4,2025.0,83143.89,143.0,,,,,2759.0,
NIO,EL7,2024.0,72825.68,2499.0,,,,,1011.0,
NIO,EL7,2017.0,140645.92,17929.0,,,,,1345.0,
NIO,EL7,2020.0,36898.78,9913.0,,,,,1520.0,
NIO,EC6,2024.0,132041.04,13542.0,,,,,1089.0,
NIO,EC6,2024.0,125611.67,2706.0,,,,,1815.0,
Mercedes-Benz,G-Class Electric (upcoming),2021.0,83262.39,13011.0,,,,,1667.0,
Mercedes-Benz,G-Class Electric (upcoming),2015.0,110636.88,3281.0,,,,,2355.0,
Mercedes-Benz,G-Class Electric (upcoming),2025.0,97764.94,2071.0,,,,,2373.0,
Abarth,500e Convertible,,,,37.8,225.0,156.0,67.0,,5.9523809523809526
Abarth,500e Hatchback,,,,37.8,225.0,149.0,67.0,,5.9523809523809526
Abarth,600e Scorpionissima,,,,50.8,280.0,158.0,79.0,,5.511811023622047
Abarth,600e Turismo,,,,50.8,280.0,158.0,79.0,,5.511811023622047
Aiways,U5,,,,60.0,315.0,156.0,78.0,,5.25
Aiways,U6,,,,60.0,350.0,150.0,78.0,,5.833333333333333
Alfa,Romeo Junior Elettrica 54 kWh,,,,50.8,320.0,128.0,85.0,,6.299212598425197
Alfa,Romeo Junior Elettrica 54 kWh Veloce,,,,50.8,310.0,164.0,85.0,,6.10236220472441
Alpine,A290 Electric 180 hp,,,,52.0,310.0,138.0,70.0,,5.961538461538462
Alpine,A290 Electric 220 hp,,,,52.0,305.0,144.0,70.0,,5.865384615384615
Audi,A6 Avant e-tron,,,,75.8,465.0,146.0,150.0,,6.1345646437994725
Audi,A6 Avant e-tron performance,,,,94.9,575.0,151.0,200.0,,6.059009483667017
Audi,A6 Avant e-tron quattro,,,,94.9,560.0,157.0,200.0,,5.900948366701791
Audi,A6 Sportback e-tron,,,,75.8,495.0,136.0,150.0,,6.530343007915567
Audi,A6 Sportback e-tron performance,,,,94.9,610.0,141.0,200.0,,6.42781875658588
Audi,A6 Sportback e-tron quattro,,,,94.9,590.0,147.0,200.0,,6.217070600632244
Audi,Q4 Sportback e-tron 40,,,,59.0,340.0,156.0,110.0,,5.762711864406779
Audi,Q4 Sportback e-tron 45,,,,77.0,435.0,162.0,120.0,,5.64935064935065
Audi,Q4 Sportback e-tron 45 quattro,,,,77.0,410.0,165.0,120.0,,5.324675324675325
Audi,Q4 Sportback e-tron 55 quattro,,,,77.0,415.0,165.0,120.0,,5.3896103896103895
Audi,Q4 e-tron 40,,,,59.0,325.0,159.0,110.0,,5.508474576271187
Audi,Q4 e-tron 45,,,,77.0,420.0,169.0,120.0,,5.454545454545454
Audi,Q4 e-tron 45 quattro,,,,77.0,395.0,171.0,120.0,,5.12987012987013
Audi,Q4 e-tron 55 quattro,,,,77.0,395.0,171.0,120.0,,5.12987012987013
Audi,Q6 e-tron,,,,75.8,395.0,166.0,150.0,,5.211081794195251
Audi,Q6 e-tron Sportback,,,,75.8,410.0,139.0,150.0,,5.408970976253299
Audi,Q6 e-tron Sportback performance,,,,94.9,510.0,145.0,190.0,,5.374077976817703
Audi,Q6 e-tron Sportback quattro,,,,94.9,500.0,149.0,200.0,,5.268703898840885
Audi,Q6 e-tron performance,,,,94.9,490.0,171.0,190.0,,5.163329820864067
Audi,Q6 e-tron quattro,,,,94.9,480.0,176.0,200.0,,5.057955742887249
Audi,S6 Avant e-tron,,,,94.9,530.0,156.0,200.0,,5.5848261327713375
Audi,S6 Sportback e-tron,,,,94.9,555.0,149.0,200.0,,5.848261327713383
Audi,SQ6 e-tron,,,,94.9,470.0,169.0,200.0,,4.952581664910432
Audi,SQ6 e-tron Sportback,,,,94.9,495.0,164.0,200.0,,5.216016859852476
Audi,e-tron GT RS,,,,97.0,525.0,184.0,281.0,,5.412371134020619
Audi,e-tron GT RS performance,,,,97.0,525.0,182.0,281.0,,5.412371134020619
Audi,e-tron GT S,,,,97.0,540.0,172.0,281.0,,5.56701030927835
Audi,e-tron GT quattro,,,,97.0,540.0,169.0,281.0,,5.56701030927835
BMW,i4 M50,,,,81.3,450.0,197.0,131.0,,5.535055350553506
BMW,i4 eDrive35,,,,67.1,430.0,174.0,95.0,,6.4083457526080485
BMW,i4 eDrive40,,,,81.3,515.0,174.0,131.0,,6.334563345633456
BMW,i4 xDrive40,,,,81.3,490.0,183.0,131.0,,6.027060270602706
BMW,i5 M60 xDrive Sedan (MY25),,,,81.2,430.0,172.0,136.0,,5.295566502463054
BMW,i5 M60 xDrive Touring (MY25),,,,81.2,425.0,179.0,136.0,,5.233990147783251
BMW,i5 eDrive40 Sedan (MY25),,,,81.2,480.0,159.0,136.0,,5.911330049261084
BMW,i5 eDrive40 Touring (MY25),,,,81.2,465.0,165.0,136.0,,5.726600985221674
BMW,i5 xDrive40 Sedan (MY25),,,,81.2,465.0,167.0,136.0,,5.726600985221674
BMW,i5 xDrive40 Touring (MY25),,,,81.2,450.0,174.0,136.0,,5.541871921182266
BMW,i7 M70 xDrive,,,,101.7,490.0,208.0,159.0,,4.818092428711898
BMW,i7 eDrive50,,,,101.7,520.0,177.0,159.0,,5.11307767944936
BMW,i7 xDrive60,,,,101.7,510.0,172.0,159.0,,5.014749262536873
BMW,iX M70 xDrive,,,,108.9,500.0,209.0,150.0,,4.591368227731864
BMW,iX xDrive45,,,,94.8,470.0,193.0,115.0,,4.957805907172996
BMW,iX xDrive60,,,,109.1,525.0,194.0,150.0,,4.812098991750688
BMW,iX1 eDrive20,,,,64.7,390.0,150.0,94.0,,6.0278207109737245
BMW,iX1 xDrive30,,,,64.7,380.0,155.0,94.0,,5.873261205564142
BMW,iX2 eDrive20,,,,64.7,395.0,147.0,94.0,,6.105100463678516
BMW,iX2 xDrive30,,,,64.7,385.0,155.0,94.0,,5.950540958268934
BYD,ATTO 2,,,,45.1,245.0,145.0,51.0,,5.4323725055432375
BYD,ATTO 3 (MY25),,,,60.5,340.0,144.0,75.0,,5.619834710743802
BYD,DOLPHIN 44.9 kWh Active,,,,44.9,265.0,132.0,50.0,,5.902004454342984
BYD,DOLPHIN 44.9 kWh Boost,,,,44.9,260.0,145.0,50.0,,5.79064587973274
BYD,DOLPHIN 60.4 kWh,,,,60.5,350.0,142.0,65.0,,5.785123966942149
BYD,DOLPHIN SURF 30 kWh Active,,,,30.0,190.0,136.0,45.0,,6.333333333333333
BYD,DOLPHIN SURF 43.2 kWh Boost,,,,43.2,270.0,134.0,60.0,,6.25
BYD,DOLPHIN SURF 43.2 kWh Comfort,,,,43.2,265.0,139.0,60.0,,6.134259259259259
BYD,SEAL 61.4 kWh RWD Comfort,,,,61.4,365.0,133.0,75.0,,5.944625407166124
BYD,SEAL 82.5 kWh AWD Excellence,,,,82.5,445.0,159.0,100.0,,5.393939393939394
BYD,SEAL 82.5 kWh RWD Design,,,,82.5,480.0,145.0,100.0,,5.818181818181818
BYD,SEAL U 71.8 kWh Comfort,,,,71.8,360.0,171.0,72.0,,5.013927576601671
BYD,SEAL U 87 kWh Design,,,,87.0,425.0,174.0,85.0,,4.885057471264368
BYD,SEALION 7 82.5 kWh AWD Design,,,,82.5,400.0,181.0,115.0,,4.848484848484849
BYD,SEALION 7 82.5 kWh RWD Comfort,,,,82.5,415.0,171.0,115.0,,5.03030303030303
BYD,SEALION 7 91.3 kWh AWD Excellence,,,,91.3,430.0,182.0,165.0,,4.70974808324206
BYD,TANG Flagship,,,,108.8,460.0,205.0,100.0,,4.227941176470589
CUPRA,Born 170 kW - 59 kWh,,,,59.0,360.0,156.0,110.0,,6.101694915254237
CUPRA,Born 170 kW - 77 kWh,,,,77.0,460.0,157.0,125.0,,5.974025974025974
CUPRA,Born VZ,,,,79.0,465.0,149.0,135.0,,5.886075949367089
CUPRA,Tavascan Endurance,,,,77.0,445.0,142.0,120.0,,5.779220779220779
CUPRA,Tavascan VZ,,,,77.0,425.0,150.0,120.0,,5.51948051948052
Cadillac,Lyriq 600 E4,,,,102.0,460.0,192.0,165.0,,4.509803921568627
Citroen,e-Berlingo M 50 kWh,,,,50.0,235.0,149.0,80.0,,4.7
Citroen,e-Berlingo XL 50 kWh,,,,50.0,230.0,149.0,80.0,,4.6
Citroen,e-C3,,,,44.0,255.0,135.0,60.0,,5.795454545454546
Citroen,e-C3 Aircross,,,,44.0,240.0,144.0,60.0,,5.454545454545454
Citroen,e-C4,,,,46.3,285.0,135.0,78.0,,6.155507559395248
Citroen,e-C4 54 kWh,,,,50.8,325.0,122.0,78.0,,6.397637795275591
Citroen,e-C4 X,,,,46.3,290.0,132.0,78.0,,6.263498920086393
Citroen,e-C4 X 54 kWh,,,,50.8,335.0,119.0,78.0,,6.594488188976379
Citroen,e-SpaceTourer M 50 kWh,,,,46.3,180.0,217.0,78.0,,3.8876889848812097
Citroen,e-SpaceTourer M 75 kWh,,,,68.0,260.0,202.0,79.0,,3.823529411764706
Citroen,e-SpaceTourer XL 50 kWh,,,,46.3,180.0,219.0,78.0,,3.8876889848812097
Citroen,e-SpaceTourer XL 75 kWh,,,,68.0,260.0,204.0,79.0,,3.823529411764706
DS,3 E-Tense,,,,50.8,300.0,128.0,85.0,,5.905511811023622
DS,N°4 E-Tense,,,,58.3,375.0,130.0,70.0,,6.432246998284734
DS,N°8 AWD Long Range,,,,97.2,530.0,146.0,130.0,,5.4526748971193415
DS,N°8 FWD,,,,73.7,415.0,141.0,100.0,,5.630936227951153
DS,N°8 FWD Long Range,,,,97.2,545.0,136.0,130.0,,5.606995884773663
Dacia,Spring Electric 45,,,,25.0,165.0,109.0,29.0,,6.6
Dacia,Spring Electric 65,,,,25.0,160.0,114.0,29.0,,6.4
Dongfeng,Box 31.4 kWh,,,,29.0,190.0,126.0,50.0,,6.551724137931035
Dongfeng,Box 42.3 kWh,,,,40.0,255.0,129.0,51.0,,6.375
Elaris,BEO 86 kWh,,,,81.0,390.0,203.0,65.0,,4.814814814814815
Fiat,500e 3+1 24 kWh,,,,21.3,135.0,112.0,40.0,,6.338028169014084
Fiat,500e 3+1 42 kWh,,,,37.3,235.0,122.0,67.0,,6.3002680965147455
Fiat,500e Cabrio 24 kWh,,,,21.3,135.0,112.0,40.0,,6.338028169014084
Fiat,500e Cabrio 42 kWh,,,,37.3,230.0,125.0,67.0,,6.166219839142092
Fiat,500e Hatchback 24 kWh,,,,21.3,135.0,112.0,40.0,,6.338028169014084
Fiat,500e Hatchback 42 kWh,,,,37.3,235.0,118.0,67.0,,6.3002680965147455
Fiat,600e,,,,50.8,310.0,124.0,79.0,,6.10236220472441
Fiat,Grande Panda,,,,43.8,260.0,136.0,60.0,,5.936073059360731
Ford,Capri Extended Range AWD,,,,79.0,455.0,148.0,135.0,,5.759493670886076
Ford,Capri Extended Range RWD,,,,77.0,455.0,135.0,120.0,,5.909090909090909
Ford,Capri Standard Range RWD,,,,52.0,320.0,163.0,85.0,,6.153846153846154
Ford,Explorer Extended Range AWD,,,,79.0,440.0,153.0,135.0,,5.569620253164557
Ford,Explorer Extended Range RWD,,,,77.0,435.0,139.0,120.0,,5.64935064935065
Ford,Explorer Standard Range RWD,,,,52.0,305.0,137.0,85.0,,5.865384615384615
Ford,Mustang Mach-E ER AWD (MY25),,,,88.0,435.0,160.0,105.0,,4.943181818181818
Ford,Mustang Mach-E ER AWD (MY24),,,,91.0,445.0,165.0,115.0,,4.8901098901098905
Ford,Mustang Mach-E ER RWD (MY25),,,,88.0,475.0,147.0,105.0,,5.3977272727272725
Ford,Mustang Mach-E ER RWD (MY24),,,,91.0,480.0,152.0,115.0,,5.274725274725275
Ford,Mustang Mach-E GT (MY24),,,,91.0,425.0,177.0,115.0,,4.670329670329671
Ford,Mustang Mach-E GT (MY25),,,,91.0,435.0,177.0,115.0,,4.78021978021978
Ford,Mustang Mach-E Rally (MY25),,,,91.0,415.0,178.0,115.0,,4.56043956043956
Ford,Mustang Mach-E Rally (MY24),,,,91.0,410.0,178.0,115.0,,4.5054945054945055
Ford,Mustang Mach-E SR RWD (MY24),,,,72.6,385.0,154.0,100.0,,5.303030303030304
Ford,Mustang Mach-E SR RWD (MY25),,,,72.6,380.0,154.0,100.0,,5.234159779614325
Ford,Puma Gen-E,,,,43.6,275.0,126.0,85.0,,6.307339449541284
Ford,e-Tourneo Courier,,,,43.6,200.0,164.0,80.0,,4.587155963302752
Ford,e-Tourneo Custom L1 160 kW,,,,64.0,235.0,370.0,70.0,,3.671875
Ford,e-Tourneo Custom L1 210 kW,,,,64.0,235.0,370.0,70.0,,3.671875
Ford,e-Tourneo Custom L2 160 kW,,,,64.0,235.0,370.0,70.0,,3.671875
Ford,e-Tourneo Custom L2 210 kW,,,,64.0,235.0,370.0,70.0,,3.671875
GWM,ORA 03 48 kWh,,,,45.4,260.0,146.0,45.0,,5.726872246696035
GWM,ORA 03 63 kWh,,,,59.3,340.0,141.0,56.0,,5.733558178752109
GWM,ORA 03 GT,,,,59.3,325.0,148.0,56.0,,5.480607082630692
GWM,ORA 07 GT,,,,83.5,430.0,161.0,80.0,,5.149700598802395
GWM,ORA 07 Pro,,,,64.3,350.0,146.0,75.0,,5.443234836702955
GWM,ORA 07 Pure,,,,64.3,350.0,146.0,75.0,,5.443234836702955
Genesis,G80 Electrified Luxury,,,,82.5,440.0,159.0,160.0,,5.333333333333333
Genesis,GV60 Premium,,,,74.0,390.0,143.0,200.0,,5.27027027027027
Genesis,GV60 Sport,,,,74.0,375.0,157.0,200.0,,5.067567567567568
Genesis,GV60 Sport Plus,,,,74.0,360.0,159.0,200.0,,4.864864864864865
Genesis,GV70 Electrified Sport,,,,74.0,350.0,163.0,190.0,,4.72972972972973
Hongqi,E-HS9 120 kWh,,,,112.0,455.0,217.0,110.0,,4.0625
Hongqi,E-HS9 84 kWh,,,,76.5,320.0,193.0,112.0,,4.183006535947713
Hongqi,E-HS9 99 kWh,,,,90.0,370.0,194.0,112.0,,4.111111111111111
Hyundai,INSTER Long Range,,,,46.0,300.0,124.0,70.0,,6.521739130434782
Hyundai,INSTER Standard Range,,,,39.0,255.0,119.0,60.0,,6.538461538461538
Hyundai,IONIQ 5 63 kWh RWD (MY24),,,,60.0,345.0,136.0,150.0,,5.75
Hyundai,IONIQ 5 84 kWh AWD (MY24),,,,80.0,445.0,162.0,205.0,,5.5625
Hyundai,IONIQ 5 84 kWh RWD (MY24),,,,80.0,450.0,155.0,205.0,,5.625
Hyundai,IONIQ 5 N (MY24),,,,80.0,390.0,179.0,205.0,,4.875
Hyundai,IONIQ 6 Long Range 2WD,,,,74.0,495.0,136.0,200.0,,6.6891891891891895
Hyundai,IONIQ 6 Long Range AWD,,,,74.0,440.0,143.0,200.0,,5.945945945945946
Hyundai,IONIQ 6 Standard Range 2WD,,,,50.0,335.0,117.0,120.0,,6.7
Hyundai,IONIQ 9 Long Range AWD,,,,106.0,490.0,177.0,195.0,,4.622641509433962
Hyundai,IONIQ 9 Long Range RWD,,,,106.0,500.0,171.0,195.0,,4.716981132075472
Hyundai,IONIQ 9 Performance AWD,,,,106.0,480.0,177.0,195.0,,4.528301886792453
Hyundai,Kona Electric 48 kWh,,,,48.4,295.0,128.0,50.0,,6.095041322314049
Hyundai,Kona Electric 65 kWh,,,,65.4,390.0,144.0,86.0,,5.963302752293577
Jaguar,I-Pace EV400,,,,84.7,380.0,208.0,85.0,,4.48642266824085
Jeep,Avenger Electric,,,,50.8,310.0,132.0,85.0,,6.10236220472441
Jeep,Compass Electric 74 kWh,,,,74.0,370.0,148.0,90.0,,5.0
KGM,Torres EVX,,,,72.0,370.0,156.0,85.0,,5.138888888888889
Kia,EV3 Long Range,,,,78.0,455.0,139.0,105.0,,5.833333333333333
Kia,EV3 Standard Range,,,,55.0,325.0,133.0,80.0,,5.909090909090909
Kia,EV4 Hatchback Long Range,,,,78.0,475.0,132.0,105.0,,6.089743589743589
Kia,EV4 Hatchback Standard Range,,,,55.0,340.0,134.0,80.0,,6.181818181818182
Kia,EV4 Sedan Long Range,,,,78.0,495.0,124.0,105.0,,6.346153846153846
Kia,EV4 Sedan Standard Range,,,,55.0,355.0,128.0,80.0,,6.454545454545454
Kia,EV6 GT,,,,80.0,385.0,178.0,205.0,,4.8125
Kia,EV6 Long Range 2WD,,,,80.0,455.0,143.0,205.0,,5.6875
Kia,EV6 Long Range AWD,,,,80.0,440.0,154.0,205.0,,5.5
Kia,EV6 Standard Range 2WD,,,,60.0,345.0,140.0,150.0,,5.75
Kia,EV9 76.1 kWh RWD,,,,73.0,355.0,165.0,160.0,,4.863013698630137
Kia,EV9 99.8 kWh AWD,,,,96.0,435.0,188.0,194.0,,4.53125
Kia,EV9 99.8 kWh AWD GT,,,,96.0,420.0,190.0,194.0,,4.375
Kia,EV9 99.8 kWh AWD GT-Line,,,,96.0,425.0,190.0,194.0,,4.427083333333333
Kia,EV9 99.8 kWh RWD,,,,96.0,450.0,171.0,194.0,,4.6875
Lancia,Ypsilon,,,,48.1,310.0,122.0,80.0,,6.444906444906445
Leapmotor,C10,,,,69.9,350.0,166.0,70.0,,5.007153075822603
Leapmotor,T03,,,,36.0,225.0,136.0,30.0,,6.25
Lexus,RZ 300e,,,,64.0,365.0,149.0,100.0,,5.703125
Lexus,RZ 450e,,,,64.0,350.0,158.0,100.0,,5.46875
Lexus,UX 300e,,,,64.0,340.0,145.0,35.0,,5.3125
Lotus,Eletre R,,,,109.0,455.0,266.0,259.0,,4.174311926605505
Lotus,Eletre S,,,,109.0,480.0,222.0,259.0,,4.403669724770642
Lotus,Emeya R,,,,98.9,465.0,227.0,240.0,,4.701718907987866
Lotus,Emeya S,,,,98.9,520.0,198.0,240.0,,5.257836198179979
Lucid,Air Grand Touring,,,,112.0,665.0,143.0,184.0,,5.9375
Lucid,Air Pure RWD,,,,92.0,565.0,130.0,160.0,,6.141304347826087
Lucid,Air Touring,,,,92.0,580.0,142.0,160.0,,6.304347826086956
Lynk&Co,2,,,,65.0,370.0,149.0,90.0,,5.6923076923076925
MG,Cyberster GT,,,,74.4,395.0,168.0,85.0,,5.309139784946236
MG,Cyberster Trophy,,,,74.4,425.0,146.0,85.0,,5.712365591397849
MG,4 Electric 51 kWh,,,,50.8,300.0,145.0,68.0,,5.905511811023622
MG,4 Electric 64 kWh,,,,61.7,360.0,142.0,116.0,,5.834683954619124
MG,4 Electric 77 kWh,,,,74.4,425.0,143.0,110.0,,5.712365591397849
MG,4 Electric XPOWER,,,,61.7,320.0,160.0,116.0,,5.186385737439222
MG,5 Electric Long Range,,,,57.4,335.0,151.0,60.0,,5.83623693379791
MG,5 Electric Standard Range,,,,46.0,265.0,148.0,53.0,,5.760869565217392
MG,S5  EV 49 kWh,,,,47.1,275.0,139.0,80.0,,5.83864118895966
MG,S5  EV 64 kWh,,,,62.1,365.0,134.0,90.0,,5.877616747181964
MG,ZS EV Long Range,,,,68.3,370.0,155.0,82.0,,5.417276720351391
MG,ZS EV Standard Range,,,,49.0,265.0,153.0,50.0,,5.408163265306122
Maserati,GranCabrio Folgore,,,,83.0,395.0,198.0,190.0,,4.759036144578313
Maxus,MIFA 9,,,,84.0,365.0,195.0,103.0,,4.345238095238095
Mazda,6e 68.8 kWh,,,,66.0,390.0,138.0,120.0,,5.909090909090909
Mazda,6e Long Range 80 kWh,,,,75.0,440.0,136.0,70.0,,5.866666666666666
Mercedes-Benz,CLA 250+,,,,85.0,565.0,122.0,235.0,,6.647058823529412
Mercedes-Benz,CLA 350 4MATIC,,,,85.0,550.0,126.0,235.0,,6.470588235294118
Mercedes-Benz,EQA 250,,,,66.5,395.0,146.0,100.0,,5.93984962406015
Mercedes-Benz,EQA 250+,,,,70.5,420.0,142.0,90.0,,5.957446808510638
Mercedes-Benz,EQA 300 4MATIC,,,,66.5,350.0,162.0,100.0,,5.2631578947368425
Mercedes-Benz,EQA 350 4MATIC,,,,66.5,350.0,162.0,100.0,,5.2631578947368425
Mercedes-Benz,EQB 250+,,,,70.5,415.0,152.0,90.0,,5.886524822695035
Mercedes-Benz,EQB 300 4MATIC,,,,66.5,345.0,168.0,100.0,,5.18796992481203
Mercedes-Benz,EQB 350 4MATIC,,,,66.5,345.0,168.0,100.0,,5.18796992481203
Mercedes-Benz,EQE 300,,,,89.0,525.0,163.0,120.0,,5.898876404494382
Mercedes-Benz,EQE 350 4MATIC,,,,90.6,515.0,173.0,141.0,,5.684326710816777
Mercedes-Benz,EQE 350+,,,,96.0,555.0,164.0,141.0,,5.78125
Mercedes-Benz,EQE 500 4MATIC,,,,90.6,505.0,173.0,141.0,,5.573951434878588
Mercedes-Benz,EQE AMG 43 4MATIC,,,,90.6,450.0,207.0,141.0,,4.966887417218543
Mercedes-Benz,EQE AMG 53 4MATIC+,,,,90.6,450.0,208.0,141.0,,4.966887417218543
Mercedes-Benz,EQE SUV 300,,,,90.6,450.0,182.0,141.0,,4.966887417218543
Mercedes-Benz,EQE SUV 350 4MATIC,,,,90.6,435.0,189.0,141.0,,4.801324503311259
Mercedes-Benz,EQE SUV 350+,,,,96.0,475.0,164.0,141.0,,4.947916666666667
Mercedes-Benz,EQE SUV 500 4MATIC,,,,96.0,455.0,187.0,141.0,,4.739583333333333
Mercedes-Benz,EQE SUV AMG 43 4MATIC,,,,90.6,425.0,214.0,141.0,,4.690949227373069
Mercedes-Benz,EQE SUV AMG 53 4MATIC+,,,,90.6,420.0,242.0,141.0,,4.635761589403974
Mercedes-Benz,EQS 350,,,,96.0,570.0,165.0,130.0,,5.9375
Mercedes-Benz,EQS 450 4MATIC,,,,118.0,655.0,180.0,160.0,,5.550847457627119
Mercedes-Benz,EQS 450+,,,,118.0,685.0,173.0,160.0,,5.805084745762712
Mercedes-Benz,EQS 500 4MATIC,,,,118.0,640.0,180.0,160.0,,5.423728813559322
Mercedes-Benz,EQS 580 4MATIC,,,,118.0,640.0,180.0,160.0,,5.423728813559322
Mercedes-Benz,EQS AMG 53 4MATIC+,,,,118.0,585.0,222.0,160.0,,4.957627118644068
Mercedes-Benz,EQS SUV 450 4MATIC,,,,118.0,530.0,199.0,160.0,,4.491525423728813
Mercedes-Benz,EQS SUV 450+,,,,118.0,540.0,195.0,160.0,,4.576271186440678
Mercedes-Benz,EQS SUV 500 4MATIC,,,,118.0,530.0,199.0,160.0,,4.491525423728813
Mercedes-Benz,EQS SUV 580 4MATIC,,,,118.0,530.0,199.0,160.0,,4.491525423728813
Mercedes-Benz,EQS SUV Maybach 680,,,,118.0,490.0,211.0,160.0,,4.152542372881356
Mercedes-Benz,EQT 200 Long,,,,45.0,220.0,177.0,50.0,,4.888888888888889
Mercedes-Benz,EQT 200 Standard,,,,45.0,225.0,167.0,50.0,,5.0
Mercedes-Benz,EQV 250 Extra-Long,,,,60.0,210.0,282.0,60.0,,3.5
Mercedes-Benz,EQV 250 Long,,,,60.0,215.0,282.0,60.0,,3.583333333333333
Mercedes-Benz,EQV 300 Extra-Long,,,,90.0,315.0,249.0,96.0,,3.5
Mercedes-Benz,EQV 300 Long,,,,90.0,320.0,276.0,96.0,,3.555555555555556
Mercedes-Benz,G 580,,,,116.0,360.0,267.0,150.0,,3.103448275862069
Mercedes-Benz,eVito Tourer Extra-Long 60 kWh,,,,60.0,215.0,254.0,60.0,,3.583333333333333
Mercedes-Benz,eVito Tourer Long 60 kWh,,,,60.0,220.0,259.0,60.0,,3.6666666666666665
Mercedes-Benz,eVito Tourer Long 90 kWh,,,,90.0,325.0,260.0,96.0,,3.611111111111111
Mini,Aceman E,,,,38.5,230.0,129.0,60.0,,5.974025974025974
Mini,Aceman JCW,,,,49.2,280.0,143.0,75.0,,5.691056910569105
Mini,Aceman SE,,,,49.2,290.0,129.0,75.0,,5.89430894308943
Mini,Cooper E,,,,36.6,250.0,125.0,60.0,,6.830601092896175
Mini,Cooper JCW,,,,49.2,290.0,135.0,75.0,,5.89430894308943
Mini,Cooper SE,,,,49.2,330.0,127.0,75.0,,6.7073170731707314
Mini,Countryman E,,,,64.6,380.0,140.0,94.0,,5.882352941176471
Mini,Countryman SE ALL4,,,,64.6,365.0,149.0,94.0,,5.65015479876161
NIO,EL6 Long Range,,,,90.0,435.0,170.0,135.0,,4.833333333333333
NIO,EL6 Standard Range,,,,73.5,365.0,181.0,110.0,,4.965986394557823
NIO,EL7 Long Range,,,,90.0,430.0,185.0,100.0,,4.777777777777778
NIO,EL7 Standard Range,,,,73.5,355.0,198.0,110.0,,4.829931972789115
NIO,EL8 Long Range,,,,90.0,440.0,185.0,190.0,,4.888888888888889
NIO,EL8 Standard Range,,,,73.5,360.0,196.0,110.0,,4.8979591836734695
NIO,ET5 Long Range,,,,90.0,500.0,167.0,100.0,,5.555555555555555
NIO,ET5 Standard Range,,,,73.5,410.0,175.0,110.0,,5.578231292517007
NIO,ET5 Touring Long Range,,,,90.0,485.0,178.0,135.0,,5.388888888888889
NIO,ET5 Touring Standard Range,,,,73.5,400.0,169.0,110.0,,5.442176870748299
NIO,ET7 Long Range,,,,90.0,505.0,178.0,100.0,,5.611111111111111
NIO,ET7 Standard Range,,,,73.5,415.0,191.0,110.0,,5.64625850340136
Nissan,Ariya 63kWh,,,,63.0,335.0,175.0,90.0,,5.317460317460317
Nissan,Ariya 87kWh,,,,87.0,450.0,169.0,110.0,,5.172413793103448
Nissan,Ariya e-4ORCE 87kWh - 225 kW,,,,87.0,405.0,190.0,110.0,,4.655172413793103
Nissan,Ariya e-4ORCE 87kWh - 320 kW Nismo,,,,87.0,385.0,209.0,110.0,,4.425287356321839
Nissan,Townstar EV Passenger,,,,45.0,225.0,158.0,50.0,,5.0
Nissan,Townstar EV Passenger L2,,,,45.0,220.0,173.0,50.0,,4.888888888888889
Omoda,E5,,,,61.0,345.0,152.0,60.0,,5.655737704918033
Opel,Astra Electric,,,,50.8,320.0,128.0,85.0,,6.299212598425197
Opel,Astra Sports Tourer Electric,,,,50.8,310.0,123.0,85.0,,6.10236220472441
Opel,Combo-e Life 50 kWh,,,,50.0,235.0,149.0,80.0,,4.7
Opel,Combo-e Life XL 50 kWh,,,,50.0,230.0,149.0,80.0,,4.6
Opel,Corsa Electric 50 kWh,,,,46.3,290.0,131.0,78.0,,6.263498920086393
Opel,Corsa Electric 51 kWh,,,,48.1,315.0,120.0,80.0,,6.548856548856548
Opel,Frontera 44 kWh,,,,44.0,245.0,144.0,60.0,,5.568181818181818
Opel,Grandland 73 kWh,,,,73.0,365.0,145.0,90.0,,5.0
Opel,Grandland 82 kWh,,,,82.2,410.0,146.0,100.0,,4.987834549878345
Opel,Mokka Electric,,,,50.8,285.0,126.0,85.0,,5.610236220472442
Opel,Zafira-e Life L2 50 kWh,,,,46.3,180.0,217.0,78.0,,3.8876889848812097
Opel,Zafira-e Life L2 75 kWh,,,,68.0,260.0,202.0,79.0,,3.823529411764706
Opel,Zafira-e Life L3 50 kWh,,,,46.3,180.0,219.0,78.0,,3.8876889848812097
Opel,Zafira-e Life L3 75 kWh,,,,68.0,260.0,204.0,79.0,,3.823529411764706
Peugeot,e-2008 50 kWh,,,,46.3,270.0,136.0,78.0,,5.831533477321814
Peugeot,e-2008 54 kWh,,,,50.8,300.0,125.0,85.0,,5.905511811023622
Peugeot,e-208 50 kWh,,,,46.3,290.0,132.0,78.0,,6.263498920086393
Peugeot,e-208 51 kWh,,,,48.1,310.0,120.0,80.0,,6.444906444906445
Peugeot,e-3008 73 kWh,,,,73.0,380.0,143.0,90.0,,5.205479452054795
Peugeot,e-3008 73 kWh Dual Motor,,,,73.0,375.0,195.0,90.0,,5.136986301369863
Peugeot,e-3008 97 kWh Long Range,,,,96.9,500.0,145.0,135.0,,5.159958720330237
Peugeot,e-308,,,,50.8,300.0,124.0,80.0,,5.905511811023622
Peugeot,e-308 SW,,,,50.8,300.0,127.0,80.0,,5.905511811023622
Peugeot,e-408 58 kWh,,,,58.3,375.0,129.0,70.0,,6.432246998284734
Peugeot,e-5008 73 kWh,,,,73.0,370.0,150.0,90.0,,5.068493150684931
Peugeot,e-5008 73 kWh Dual Motor,,,,73.0,360.0,203.0,90.0,,4.931506849315069
Peugeot,e-5008 97 kWh Long Range,,,,96.9,485.0,152.0,135.0,,5.00515995872033
Peugeot,e-Rifter M 50 kWh,,,,50.0,235.0,152.0,80.0,,4.7
Peugeot,e-Rifter XL 50 kWh,,,,50.0,230.0,153.0,80.0,,4.6
Peugeot,e-Traveller L2 50 kWh,,,,46.3,180.0,217.0,78.0,,3.8876889848812097
Peugeot,e-Traveller L2 75 kWh,,,,68.0,260.0,202.0,79.0,,3.823529411764706
Peugeot,e-Traveller L3 50 kWh,,,,46.3,180.0,219.0,78.0,,3.8876889848812097
Peugeot,e-Traveller L3 75 kWh,,,,68.0,260.0,204.0,79.0,,3.823529411764706
Polestar,2 Long Range Dual Motor (MY26),,,,79.0,455.0,142.0,125.0,,5.759493670886076
Polestar,2 Long Range Performance (MY26),,,,79.0,450.0,142.0,125.0,,5.69620253164557
Polestar,2 Long Range Single Motor (MY26),,,,79.0,475.0,130.0,125.0,,6.012658227848101
Polestar,2 Standard Range Single Motor (MY26),,,,67.0,405.0,129.0,110.0,,6.044776119402985
Polestar,3 Long Range Dual motor,,,,107.0,515.0,183.0,150.0,,4.813084112149533
Polestar,3 Long Range Performance,,,,107.0,495.0,194.0,150.0,,4.626168224299065
Polestar,3 Long Range Single motor,,,,107.0,530.0,166.0,150.0,,4.953271028037383
Polestar,4 Long Range Dual Motor,,,,94.0,485.0,165.0,135.0,,5.159574468085107
Polestar,4 Long Range Single Motor,,,,94.0,495.0,157.0,135.0,,5.26595744680851
Porsche,Macan 4 Electric,,,,95.0,470.0,184.0,200.0,,4.947368421052632
Porsche,Macan 4S Electric,,,,95.0,470.0,186.0,200.0,,4.947368421052632
Porsche,Macan Electric,,,,95.0,495.0,177.0,200.0,,5.2105263157894735
Porsche,Macan Turbo Electric,,,,95.0,460.0,183.0,200.0,,4.842105263157895
Porsche,Taycan 4,,,,82.3,490.0,172.0,195.0,,5.953827460510328
Porsche,Taycan 4 Cross Turismo,,,,97.0,510.0,188.0,281.0,,5.257731958762887
Porsche,Taycan 4 Plus,,,,97.0,565.0,175.0,281.0,,5.824742268041237
Porsche,Taycan 4S,,,,82.3,490.0,174.0,195.0,,5.953827460510328
Porsche,Taycan 4S Cross Turismo,,,,97.0,510.0,188.0,281.0,,5.257731958762887
Porsche,Taycan 4S Plus,,,,97.0,565.0,177.0,281.0,,5.824742268041237
Porsche,Taycan 4S Plus Sport Turismo,,,,97.0,510.0,186.0,281.0,,5.257731958762887
Porsche,Taycan 4S Sport Turismo,,,,82.3,440.0,183.0,195.0,,5.34629404617254
Porsche,Taycan GTS,,,,97.0,535.0,176.0,281.0,,5.515463917525773
Porsche,Taycan GTS Sport Turismo,,,,97.0,505.0,185.0,281.0,,5.206185567010309
Porsche,Taycan Plus,,,,97.0,575.0,168.0,281.0,,5.927835051546392
Porsche,Taycan Plus Sport Turismo,,,,97.0,530.0,176.0,281.0,,5.463917525773196
Porsche,Taycan Sport Turismo,,,,82.3,460.0,173.0,195.0,,5.589307411907655
Porsche,Taycan Turbo,,,,97.0,535.0,174.0,281.0,,5.515463917525773
Porsche,Taycan Turbo Cross Turismo,,,,97.0,495.0,188.0,281.0,,5.103092783505154
Porsche,Taycan Turbo GT,,,,97.0,475.0,184.0,281.0,,4.896907216494846
Porsche,Taycan Turbo GT Weissach,,,,97.0,475.0,180.0,281.0,,4.896907216494846
Porsche,Taycan Turbo S,,,,97.0,525.0,174.0,281.0,,5.412371134020619
Porsche,Taycan Turbo S Cross Turismo,,,,97.0,485.0,188.0,281.0,,5.0
Porsche,Taycan Turbo S Sport Turismo,,,,97.0,505.0,183.0,281.0,,5.206185567010309
Porsche,Taycan Turbo Sport Turismo,,,,97.0,505.0,184.0,281.0,,5.206185567010309
Renault,4 E-Tech 40kWh 120hp,,,,40.0,245.0,124.0,55.0,,6.125
Renault,4 E-Tech 52kWh 150hp,,,,52.0,315.0,127.0,70.0,,6.057692307692308
Renault,5 E-Tech 40kWh 120hp,,,,40.0,250.0,132.0,55.0,,6.25
Renault,5 E-Tech 40kWh 95hp,,,,40.0,255.0,129.0,,,6.375
Renault,5 E-Tech 52kWh 150hp,,,,52.0,320.0,129.0,70.0,,6.153846153846154
Renault,Kangoo E-Tech Electric,,,,45.0,225.0,158.0,50.0,,5.0
Renault,Kangoo Grand E-Tech Electric,,,,45.0,220.0,170.0,50.0,,4.888888888888889
Renault,Megane E-Tech EV60 130hp (TU2025),,,,60.0,380.0,125.0,88.0,,6.333333333333333
Renault,Megane E-Tech EV60 220hp (TU2025),,,,60.0,380.0,133.0,88.0,,6.333333333333333
Renault,Scenic E-Tech EV60 170hp,,,,60.0,340.0,144.0,75.0,,5.666666666666667
Renault,Scenic E-Tech EV87 220hp,,,,87.0,480.0,143.0,95.0,,5.517241379310345
Rolls-Royce,Spectre,,,,102.0,465.0,192.0,126.0,,4.5588235294117645
Skoda,Elroq 50,,,,52.0,310.0,149.0,90.0,,5.961538461538462
Skoda,Elroq 60,,,,59.0,350.0,149.0,110.0,,5.932203389830509
Skoda,Elroq 85,,,,77.0,450.0,145.0,120.0,,5.8441558441558445
Skoda,Elroq RS,,,,79.0,450.0,151.0,135.0,,5.69620253164557
Skoda,Enyaq 60,,,,59.0,360.0,145.0,110.0,,6.101694915254237
Skoda,Enyaq 85,,,,77.0,455.0,141.0,120.0,,5.909090909090909
Skoda,Enyaq 85x,,,,77.0,450.0,150.0,120.0,,5.8441558441558445
Skoda,Enyaq Coupe 60,,,,59.0,370.0,141.0,110.0,,6.271186440677966
Skoda,Enyaq Coupe 85,,,,77.0,470.0,138.0,120.0,,6.103896103896104
Skoda,Enyaq Coupe 85x,,,,77.0,460.0,146.0,120.0,,5.974025974025974
Skoda,Enyaq Coupe RS,,,,79.0,470.0,143.0,135.0,,5.949367088607595
Skoda,Enyaq RS,,,,79.0,460.0,147.0,135.0,,5.822784810126582
Skywell,BE11 Long Range,,,,81.0,390.0,166.0,50.0,,4.814814814814815
Skywell,BE11 Standard Range,,,,68.0,330.0,149.0,50.0,,4.852941176470588
Smart,#1 Brabus,,,,62.0,325.0,155.0,100.0,,5.241935483870968
Smart,#1 Premium,,,,62.0,335.0,141.0,100.0,,5.403225806451613
Smart,#1 Pro,,,,47.0,250.0,152.0,65.0,,5.319148936170213
Smart,#1 Pro+,,,,62.0,335.0,148.0,100.0,,5.403225806451613
Smart,#1 Pulse,,,,62.0,325.0,155.0,100.0,,5.241935483870968
Smart,#1 Pure,,,,47.0,250.0,152.0,65.0,,5.319148936170213
Smart,#1 Pure+,,,,62.0,335.0,148.0,100.0,,5.403225806451613
Smart,#3 Brabus,,,,62.0,335.0,149.0,100.0,,5.403225806451613
Smart,#3 Premium,,,,62.0,355.0,136.0,110.0,,5.725806451612903
Smart,#3 Pro,,,,47.0,265.0,145.0,65.0,,5.638297872340425
Smart,#3 Pro+,,,,62.0,355.0,143.0,110.0,,5.725806451612903
Smart,#5 Brabus,,,,94.0,450.0,174.0,230.0,,4.787234042553192
Smart,#5 Premium,,,,94.0,465.0,159.0,230.0,,4.946808510638298
Smart,#5 Pro,,,,74.4,370.0,160.0,110.0,,4.973118279569892
Smart,#5 Pro+,,,,94.0,465.0,159.0,230.0,,4.946808510638298
Smart,#5 Pulse,,,,94.0,455.0,174.0,230.0,,4.840425531914893
Smart,#5 Summit Edition,,,,94.0,455.0,174.0,230.0,,4.840425531914893
Subaru,Solterra AWD,,,,64.0,320.0,154.0,100.0,,5.0
Tesla,Model 3 Long Range AWD (Highland),,,,75.0,525.0,119.0,124.0,,7.0
Tesla,Model 3 Long Range RWD (Highland),,,,75.0,545.0,117.0,124.0,,7.266666666666667
Tesla,Model 3 Performance (Highland),,,,75.0,490.0,142.0,124.0,,6.533333333333333
Tesla,Model 3 RWD (Highland CATL LFP64),,,,60.5,445.0,116.0,110.0,,7.355371900826446
Tesla,Model S Dual Motor,,,,95.0,575.0,150.0,140.0,,6.052631578947368
Tesla,Model S Plaid,,,,95.0,560.0,158.0,140.0,,5.894736842105263
Tesla,Model X Dual Motor,,,,95.0,485.0,165.0,140.0,,5.105263157894737
Tesla,Model X Plaid,,,,95.0,465.0,180.0,140.0,,4.894736842105263
Tesla,Model Y Long Range AWD (Juniper),,,,75.0,455.0,132.0,124.0,,6.066666666666666
Tesla,Model Y Long Range RWD (Juniper),,,,75.0,470.0,121.0,124.0,,6.266666666666667
Tesla,Model Y RWD (Juniper),,,,60.5,375.0,121.0,110.0,,6.198347107438017
Toyota,PROACE Verso L 75 kWh,,,,68.0,260.0,204.0,79.0,,3.823529411764706
Toyota,PROACE Verso M 50 kWh,,,,46.3,180.0,217.0,78.0,,3.8876889848812097
Toyota,PROACE Verso M 75 kWh,,,,68.0,260.0,202.0,79.0,,3.823529411764706
Toyota,Proace City Verso Electric L1 50 kWh,,,,50.0,235.0,149.0,80.0,,4.7
Toyota,Proace City Verso Electric L2 50 kWh,,,,50.0,230.0,149.0,80.0,,4.6
Toyota,bZ4X AWD,,,,64.0,345.0,154.0,100.0,,5.390625
Toyota,bZ4X FWD,,,,64.0,350.0,145.0,100.0,,5.46875
VinFast,VF 8 Eco Extended Range,,,,87.7,405.0,186.0,120.0,,4.618015963511972
VinFast,VF 8 Plus Extended Range,,,,87.7,400.0,196.0,120.0,,4.561003420752566
Volkswagen,ID. Buzz LWB GTX,,,,86.0,350.0,182.0,145.0,,4.069767441860465
Volkswagen,ID. Buzz LWB Pro,,,,86.0,370.0,190.0,145.0,,4.3023255813953485
Volkswagen,ID. Buzz NWB GTX,,,,79.0,330.0,194.0,135.0,,4.177215189873418
Volkswagen,ID. Buzz NWB Pro,,,,79.0,360.0,187.0,135.0,,4.556962025316456
Volkswagen,ID. Buzz NWB Pure,,,,59.0,275.0,178.0,110.0,,4.661016949152542
Volkswagen,ID.3 GTX,,,,79.0,470.0,131.0,135.0,,5.949367088607595
Volkswagen,ID.3 GTX Performance,,,,79.0,465.0,131.0,135.0,,5.886075949367089
Volkswagen,ID.3 Pro,,,,59.0,365.0,136.0,110.0,,6.186440677966102
Volkswagen,ID.3 Pro S,,,,77.0,465.0,138.0,120.0,,6.038961038961039
Volkswagen,ID.3 Pure,,,,52.0,325.0,134.0,90.0,,6.25
Volkswagen,ID.4 GTX,,,,77.0,420.0,152.0,120.0,,5.454545454545454
Volkswagen,ID.4 Pro,,,,77.0,445.0,149.0,120.0,,5.779220779220779
Volkswagen,ID.4 Pro 4MOTION,,,,77.0,435.0,155.0,120.0,,5.64935064935065
Volkswagen,ID.4 Pure,,,,52.0,285.0,143.0,87.0,,5.480769230769231
Volkswagen,ID.5 GTX,,,,77.0,430.0,144.0,120.0,,5.584415584415584
Volkswagen,ID.5 Pro,,,,77.0,460.0,138.0,120.0,,5.974025974025974
Volkswagen,ID.5 Pure,,,,52.0,320.0,142.0,87.0,,6.153846153846154
Volkswagen,ID.7 GTX,,,,86.0,500.0,145.0,145.0,,5.813953488372093
Volkswagen,ID.7 Pro,,,,77.0,475.0,132.0,125.0,,6.1688311688311686
Volkswagen,ID.7 Pro S,,,,86.0,525.0,133.0,145.0,,6.104651162790698
Volkswagen,ID.7 Tourer GTX,,,,86.0,500.0,147.0,145.0,,5.813953488372093
Volkswagen,ID.7 Tourer Pro,,,,77.0,470.0,146.0,125.0,,6.103896103896104
Volkswagen,ID.7 Tourer Pro S,,,,86.0,520.0,125.0,145.0,,6.046511627906977
Volvo,EC40 Single Motor (MY26),,,,67.0,360.0,151.0,110.0,,5.373134328358209
Volvo,EC40 Single Motor ER (MY26),,,,79.0,420.0,146.0,125.0,,5.316455696202532
Volvo,EC40 Twin Motor (MY26),,,,79.0,400.0,155.0,125.0,,5.063291139240507
Volvo,EC40 Twin Motor Performance (MY26),,,,79.0,400.0,155.0,125.0,,5.063291139240507
Volvo,ES90 Single Motor (MY26),,,,88.0,485.0,135.0,190.0,,5.511363636363637
Volvo,ES90 Twin Motor (MY26),,,,102.0,530.0,146.0,225.0,,5.196078431372549
Volvo,ES90 Twin Motor Performance (MY26),,,,102.0,530.0,146.0,225.0,,5.196078431372549
Volvo,EX30 Cross Country (MY26),,,,65.0,330.0,152.0,114.0,,5.076923076923077
Volvo,EX30 Single Motor (MY24-26),,,,49.0,275.0,147.0,80.0,,5.612244897959184
Volvo,EX30 Single Motor ER (MY24-26),,,,65.0,365.0,138.0,113.0,,5.615384615384615
Volvo,EX30 Twin Motor Performance (MY24-26),,,,65.0,340.0,145.0,113.0,,5.230769230769231
Volvo,EX40 Single Motor (MY26),,,,67.0,345.0,154.0,110.0,,5.149253731343284
Volvo,EX40 Single Motor ER (MY26),,,,79.0,400.0,152.0,125.0,,5.063291139240507
Volvo,EX40 Twin Motor (MY26),,,,79.0,385.0,163.0,125.0,,4.873417721518988
Volvo,EX40 Twin Motor Performance (MY26),,,,79.0,385.0,163.0,125.0,,4.873417721518988
Volvo,EX90 Single Motor (MY24-26),,,,100.0,460.0,182.0,140.0,,4.6
Volvo,EX90 Twin Motor (MY24-26),,,,107.0,470.0,188.0,150.0,,4.392523364485982
Volvo,EX90 Twin Motor Performance (MY24-26),,,,107.0,455.0,188.0,150.0,,4.252336448598131
Voyah,Free 106 kWh,,,,100.0,480.0,200.0,80.0,,4.8
XPENG,G6 AWD Performance,,,,87.5,475.0,159.0,180.0,,5.428571428571429
XPENG,G6 RWD Long Range,,,,87.5,480.0,154.0,180.0,,5.485714285714286
XPENG,G6 RWD Standard Range,,,,66.0,370.0,152.0,140.0,,5.606060606060606
XPENG,G9 AWD Performance,,,,93.1,465.0,179.0,224.0,,4.994629430719656
XPENG,G9 RWD Long Range,,,,93.1,480.0,163.0,224.0,,5.155746509129968
XPENG,G9 RWD Standard Range,,,,75.8,395.0,165.0,170.0,,5.211081794195251
XPENG,P7 AWD Performance,,,,82.7,460.0,164.0,138.0,,5.562273276904474
XPENG,P7 RWD Long Range,,,,82.7,495.0,144.0,138.0,,5.985489721886336
XPENG,P7 Wing Edition,,,,82.7,455.0,164.0,138.0,,5.501813784764208
Zeekr,001 Long Range RWD,,,,94.0,505.0,152.0,135.0,,5.372340425531915
Zeekr,001 Performance AWD,,,,94.0,480.0,159.0,135.0,,5.1063829787234045
Zeekr,001 Privilege AWD,,,,94.0,480.0,162.0,135.0,,5.1063829787234045
Zeekr,7X Long Range RWD,,,,94.0,475.0,153.0,260.0,,5.053191489361702
Zeekr,7X Performance AWD,,,,94.0,450.0,173.0,260.0,,4.787234042553192
Zeekr,7X Premium RWD,,,,71.0,365.0,148.0,240.0,,5.140845070422535
Zeekr,X Core RWD (MY25),,,,49.0,265.0,148.0,70.0,,5.408163265306122
Zeekr,X Long Range RWD (MY25),,,,65.0,360.0,146.0,114.0,,5.538461538461538
Zeekr,X Privilege AWD (MY25),,,,65.0,350.0,153.0,114.0,,5.384615384615385
firefly,,,,,41.2,250.0,125.0,65.0,,6.067961165048543
