Vehicle_ID,Manufacturer,Model,Year,,,,,,Price_USD,,,,,,Units_Sold_2024
1,Acura,ZDX (with GM Ultium),2015,,,,,,"$111,203.94",,,,,,19726
2,Lamborghini,Revuelto (PHEV),2025,,,,,,"$127,131.65",,,,,,3349
3,NIO,ET7,2020,,,,,,"$94,347.37",,,,,,6300
4,Audi,e-tron,2025,,,,,,"$75,615.15",,,,,,2339
5,Acura,ZDX (with GM Ultium),2023,,,,,,"$141,046.94",,,,,,1051
6,XPeng,G9,2016,,,,,,"$89,907.75",,,,,,8609
7,Jeep,Recon (upcoming),2024,,,,,,"$35,653.97",,,,,,12504
8,Changan,Q05,2019,,,,,,"$94,436.44",,,,,,8630
9,Citroen,ë-C4,2023,,,,,,"$90,919.55",,,,,,18
10,Rimac,Nevera,2015,,,,,,"$58,904.59",,,,,,17455
11,Volkswagen,ID.Buzz,2022,,,,,,"$141,469.62",,,,,,16959
12,Jaguar,I-PACE,2018,,,,,,"$30,862.90",,,,,,7798
13,Mini,Mini Cooper SE,2018,,,,,,"$86,756.75",,,,,,15303
14,BMW,iX3,2025,,,,,,"$43,112.28",,,,,,2470
15,Faraday Future,FF 91,2015,,,,,,"$141,164.04",,,,,,5394
16,Tesla,Model Y,2019,,,,,,"$144,878.12",,,,,,18978
17,Maserati,Grecale Folgore,2020,,,,,,"$90,939.42",,,,,,3928
18,Polestar,Polestar 2,2024,,,,,,"$54,511.10",,,,,,10360
19,Tesla,Model Y,2024,,,,,,"$45,894.79",,,,,,9912
20,Faraday Future,FF 91,2025,,,,,,"$46,114.93",,,,,,11235
21,Skoda,Elroq (upcoming),2019,,,,,,"$80,829.09",,,,,,5294
22,Geely,Emgrand EV,2021,,,,,,"$130,151.40",,,,,,11724
23,Skoda,Enyaq,2025,,,,,,"$119,937.31",,,,,,10885
24,Faraday Future,FF 91,2019,,,,,,"$133,031.19",,,,,,7304
25,Mini,Mini Electric,2021,,,,,,"$91,128.68",,,,,,19024
26,Chevrolet,Bolt EV,2024,,,,,,"$148,108.30",,,,,,17036
27,Skoda,Elroq (upcoming),2025,,,,,,"$109,606.50",,,,,,18166
28,Lucid Motors,Lucid Gravity,2025,,,,,,"$66,113.98",,,,,,10559
29,Geely,Geometry C,2025,,,,,,"$64,054.37",,,,,,4828
30,Chevrolet,Bolt EUV,2022,,,,,,"$105,571.85",,,,,,13931
31,Porsche,Cayenne Electric (upcoming),2015,,,,,,"$126,169.99",,,,,,16540
32,Lamborghini,Lanzador (upcoming EV),2017,,,,,,"$130,783.55",,,,,,9362
33,Toyota,Lexus RZ,2020,,,,,,"$113,273.98",,,,,,2040
34,Li Auto,MEGA,2024,,,,,,"$143,129.00",,,,,,7226
35,Volvo,EX30,2021,,,,,,"$130,860.68",,,,,,14044
36,Changan,SL03,2015,,,,,,"$121,347.56",,,,,,635
37,Maserati,Grecale Folgore,2020,,,,,,"$143,953.41",,,,,,7142
38,Seat,Avenger,2020,,,,,,"$49,651.90",,,,,,12997
39,Lucid Motors,Lucid Air,2024,,,,,,"$66,189.92",,,,,,12142
40,MG,MG5 EV,2015,,,,,,"$73,462.56",,,,,,8850
41,Faraday Future,FF 91,2022,,,,,,"$59,459.42",,,,,,12418
42,Nissan,Ariya,2020,,,,,,"$135,638.40",,,,,,13317
43,Lamborghini,Revuelto (PHEV),2022,,,,,,"$56,591.57",,,,,,13942
44,Lamborghini,Lanzador (upcoming EV),2020,,,,,,"$116,554.12",,,,,,9060
45,Jeep,Wagoneer S,2016,,,,,,"$31,697.80",,,,,,16085
46,Tesla,Cybertruck,2019,,,,,,"$60,297.41",,,,,,1756
47,Ford,E-Transit,2016,,,,,,"$124,888.90",,,,,,10006
48,GMC,Hummer EV Pickup,2024,,,,,,"$61,757.54",,,,,,14762
49,Cadillac,Celestiq,2019,,,,,,"$84,483.76",,,,,,13930
50,Maserati,Grecale Folgore,2025,,,,,,"$49,910.73",,,,,,9964
51,XPeng,G9,2023,,,,,,"$118,144.07",,,,,,19238
52,Citroen,Ami,2019,,,,,,"$108,181.14",,,,,,15401
53,Li Auto,L9,2020,,,,,,"$89,456.28",,,,,,8270
54,Jaguar,I-PACE,2023,,,,,,"$52,509.90",,,,,,8750
55,Volkswagen,ID.5,2022,,,,,,"$103,064.60",,,,,,3717
56,Jaguar,I-PACE,2022,,,,,,"$87,899.95",,,,,,4473
57,Toyota,Lexus RZ,2020,,,,,,"$65,826.70",,,,,,11309
58,Lamborghini,Lanzador (upcoming EV),2022,,,,,,"$58,027.49",,,,,,12651
59,VinFast,VF 7,2022,,,,,,"$134,902.84",,,,,,5058
60,Great Wall Motors,ORA Lightning Cat,2020,,,,,,"$132,280.96",,,,,,17728
61,GMC,Hummer EV Pickup,2018,,,,,,"$82,076.58",,,,,,10629
62,Mazda,Mazda EV (upcoming models),2020,,,,,,"$125,102.34",,,,,,16307
63,Ford,F-150 Lightning,2022,,,,,,"$85,830.39",,,,,,13903
64,Honda,Honda Prologue,2019,,,,,,"$75,763.72",,,,,,12969
65,Tesla,Cybertruck,2025,,,,,,"$138,352.19",,,,,,4481
66,Kia,Soul EV,2019,,,,,,"$40,816.01",,,,,,17394
67,Toyota,bZ4X,2019,,,,,,"$70,645.83",,,,,,13022
68,BYD,Han EV,2021,,,,,,"$119,881.39",,,,,,15449
69,GMC,Hummer EV SUV,2024,,,,,,"$66,262.82",,,,,,3805
70,Polestar,Polestar 3,2021,,,,,,"$117,191.90",,,,,,12141
71,Geely,Geometry C,2018,,,,,,"$147,341.10",,,,,,3003
72,Rivian,EDV (Electric Delivery Van),2025,,,,,,"$45,110.87",,,,,,7634
73,Opel,Corsa-e,2024,,,,,,"$125,821.66",,,,,,10609
74,Porsche,Panamera EV,2015,,,,,,"$87,149.52",,,,,,1420
75,VinFast,VFe34 (discontinued),2019,,,,,,"$131,675.83",,,,,,19932
76,Audi,e-tron GT,2019,,,,,,"$101,687.02",,,,,,18066
77,Rivian,R1S,2022,,,,,,"$117,553.50",,,,,,2199
78,Hyundai,Kona Electric,2021,,,,,,"$100,375.81",,,,,,1685
79,Cadillac,Celestiq,2020,,,,,,"$56,909.38",,,,,,14061
80,Opel,Grandland Electric,2024,,,,,,"$62,792.45",,,,,,13132
81,Ford,Mustang Mach-E,2016,,,,,,"$48,889.11",,,,,,5158
82,BMW,iX3,2016,,,,,,"$79,702.05",,,,,,19435
83,Lotus,Evija,2019,,,,,,"$66,170.32",,,,,,14111
84,Volkswagen,ID.6,2023,,,,,,"$133,411.72",,,,,,14066
85,XPeng,P5,2019,,,,,,"$143,713.72",,,,,,13121
86,Hyundai,Ioniq 7 (upcoming),2019,,,,,,"$105,986.96",,,,,,4839
87,Kia,Niro EV,2019,,,,,,"$122,741.77",,,,,,10590
88,Rimac,Nevera,2022,,,,,,"$100,970.37",,,,,,12082
89,Audi,e-tron,2024,,,,,,"$127,177.91",,,,,,3391
90,Dacia,Jogger Hybrid,2023,,,,,,"$92,888.23",,,,,,19591
91,VinFast,VF 8,2016,,,,,,"$116,848.04",,,,,,10165
92,Seat,Avenger,2017,,,,,,"$107,219.19",,,,,,13874
93,BYD,Han EV,2020,,,,,,"$88,352.51",,,,,,17253
94,Mini,Mini Cooper SE,2024,,,,,,"$113,141.48",,,,,,14555
95,Mazda,Mazda EV (upcoming models),2018,,,,,,"$53,281.94",,,,,,17283
96,Mercedes-Benz,EQB,2024,,,,,,"$96,544.89",,,,,,16821
97,Zeekr,Zeekr 001,2018,,,,,,"$77,574.48",,,,,,3246
98,Genesis,GV80 Electric,2017,,,,,,"$46,655.12",,,,,,7066
99,Lamborghini,Lanzador (upcoming EV),2016,,,,,,"$80,379.07",,,,,,538
100,MG,MG4 Electric,2017,,,,,,"$79,988.11",,,,,,16633
101,Nissan,Ariya,2022,,,,,,"$72,851.27",,,,,,10895
102,Chevrolet,Volt (PHEV),2023,,,,,,"$87,423.74",,,,,,6605
103,VinFast,VF 7,2015,,,,,,"$95,163.68",,,,,,10876
104,Jaguar,I-PACE,2021,,,,,,"$52,418.07",,,,,,13910
105,Zeekr,Zeekr X,2023,,,,,,"$66,779.50",,,,,,11552
106,Zeekr,Zeekr 009,2025,,,,,,"$126,131.52",,,,,,1140
107,Audi,e-tron GT,2025,,,,,,"$111,487.45",,,,,,10301
108,Toyota,bZ4X,2016,,,,,,"$44,131.32",,,,,,6559
109,Volkswagen,ID.2all,2016,,,,,,"$127,261.59",,,,,,5161
110,Dacia,Jogger Hybrid,2020,,,,,,"$89,282.63",,,,,,2825
111,Subaru,Solterra,2022,,,,,,"$68,043.32",,,,,,19260
112,Opel,Corsa-e,2021,,,,,,"$66,494.95",,,,,,2584
113,Lucid Motors,Lucid DreamDrive,2023,,,,,,"$50,236.31",,,,,,1349
114,Hyundai,Kona Electric,2025,,,,,,"$79,990.41",,,,,,15825
115,Faraday Future,FF 91,2019,,,,,,"$88,110.14",,,,,,13065
116,Citroen,ë-Spacetourer,2023,,,,,,"$83,951.52",,,,,,8135
117,Canoo,Pickup,2024,,,,,,"$91,766.98",,,,,,7049
118,Fisker,Ocean,2015,,,,,,"$30,981.29",,,,,,11991
119,XPeng,P7,2024,,,,,,"$90,510.66",,,,,,12907
120,VinFast,VF 8,2023,,,,,,"$35,436.40",,,,,,4580
121,GMC,Hummer EV SUV,2017,,,,,,"$90,877.80",,,,,,10854
122,Jaguar,I-PACE,2024,,,,,,"$61,863.65",,,,,,12458
123,Canoo,MPDV,2018,,,,,,"$82,924.63",,,,,,2040
124,Volkswagen,ID.7,2018,,,,,,"$67,650.31",,,,,,8662
125,Great Wall Motors,ORA Good Cat,2018,,,,,,"$114,588.11",,,,,,8960
126,Jaguar,I-PACE,2021,,,,,,"$64,515.64",,,,,,6621
127,Toyota,Lexus UX 300e,2019,,,,,,"$110,380.08",,,,,,3294
128,Opel,Corsa-e,2015,,,,,,"$135,677.69",,,,,,18813
129,Maserati,Grecale Folgore,2017,,,,,,"$77,639.35",,,,,,18610
130,Kia,EV6,2019,,,,,,"$46,103.99",,,,,,8430
131,Porsche,Taycan,2020,,,,,,"$132,737.58",,,,,,4607
132,Rimac,Nevera,2015,,,,,,"$66,233.50",,,,,,3873
133,Subaru,Solterra,2021,,,,,,"$106,645.36",,,,,,19848
134,Li Auto,MEGA,2023,,,,,,"$101,497.74",,,,,,18486
135,BMW,iX1,2023,,,,,,"$92,440.98",,,,,,14858
136,MG,MG ES5,2022,,,,,,"$77,513.85",,,,,,2089
137,BMW,i3,2022,,,,,,"$147,399.99",,,,,,12309
138,Skoda,Elroq (upcoming),2023,,,,,,"$94,471.02",,,,,,15171
139,Renault,Kangoo E-Tech,2023,,,,,,"$63,077.97",,,,,,7886
140,Audi,e-tron,2024,,,,,,"$35,308.41",,,,,,18877
141,Ferrari,Ferrari EV (2025+),2025,,,,,,"$92,550.13",,,,,,13998
142,Mahindra,XUV400,2020,,,,,,"$78,991.10",,,,,,4730
143,BMW,iX1,2021,,,,,,"$54,400.41",,,,,,1688
144,NIO,ET5,2016,,,,,,"$134,336.86",,,,,,3844
145,Citroen,ë-Spacetourer,2018,,,,,,"$96,249.52",,,,,,16803
146,Changan,SL03,2022,,,,,,"$79,671.62",,,,,,13683
147,Ford,F-150 Lightning,2020,,,,,,"$108,552.96",,,,,,15100
148,Renault,Scenic E-Tech,2017,,,,,,"$95,056.42",,,,,,13513
149,Acura,ZDX (with GM Ultium),2016,,,,,,"$104,140.23",,,,,,18076
150,Tesla,Model S,2023,,,,,,"$127,578.87",,,,,,4879
151,Lucid Motors,Lucid DreamDrive,2023,,,,,,"$145,115.74",,,,,,1038
152,XPeng,P5,2021,,,,,,"$39,922.33",,,,,,17306
153,Volvo,C40 Recharge,2024,,,,,,"$63,644.76",,,,,,19235
154,Citroen,Ami,2021,,,,,,"$131,933.09",,,,,,2569
155,Peugeot,e-3008,2015,,,,,,"$122,280.68",,,,,,16076
156,Fisker,Pear (upcoming),2021,,,,,,"$104,233.91",,,,,,5055
157,NIO,ES8,2020,,,,,,"$121,361.58",,,,,,13370
158,Nissan,Leaf,2020,,,,,,"$31,480.87",,,,,,18741
159,Mercedes-Benz,EQS SUV,2017,,,,,,"$50,064.89",,,,,,16246
160,GMC,Hummer EV Pickup,2022,,,,,,"$104,423.06",,,,,,4460
161,Rimac,Nevera,2022,,,,,,"$113,394.93",,,,,,11960
162,Ferrari,SF90 Stradale (PHEV),2024,,,,,,"$85,394.67",,,,,,13406
163,Mahindra,XUV400,2025,,,,,,"$124,689.21",,,,,,13706
164,Chevrolet,Volt (PHEV),2023,,,,,,"$108,912.20",,,,,,13094
165,VinFast,VF 9,2016,,,,,,"$76,936.10",,,,,,3425
166,Li Auto,L7,2016,,,,,,"$84,639.92",,,,,,10450
167,Subaru,Solterra,2016,,,,,,"$49,722.49",,,,,,7597
168,Acura,ZDX (with GM Ultium),2017,,,,,,"$135,971.68",,,,,,2050
169,Kia,Niro EV,2020,,,,,,"$88,738.08",,,,,,15003
170,Porsche,Panamera EV,2024,,,,,,"$66,645.60",,,,,,12573
171,Porsche,Cayenne Electric (upcoming),2025,,,,,,"$88,757.04",,,,,,15879
172,Lucid Motors,Lucid Gravity,2023,,,,,,"$130,787.02",,,,,,1071
173,Volvo,EX30,2017,,,,,,"$43,585.32",,,,,,14462
174,Rivian,R1S,2016,,,,,,"$149,917.52",,,,,,6877
175,Jeep,Wagoneer S,2024,,,,,,"$127,623.58",,,,,,9589
176,Ferrari,Roma PHEV,2023,,,,,,"$124,282.93",,,,,,10554
177,Citroen,Ami,2021,,,,,,"$75,020.68",,,,,,14899
178,Rimac,Nevera,2016,,,,,,"$125,481.35",,,,,,11067
179,Ferrari,SF90 Stradale (PHEV),2024,,,,,,"$105,141.54",,,,,,22
180,Lucid Motors,Lucid DreamDrive,2017,,,,,,"$73,252.25",,,,,,7672
181,Genesis,GV60,2016,,,,,,"$92,333.31",,,,,,4331
182,Audi,e-tron GT,2021,,,,,,"$135,718.68",,,,,,17383
183,Tesla,Cybertruck,2025,,,,,,"$48,164.90",,,,,,19319
184,NIO,ES8,2021,,,,,,"$59,780.04",,,,,,9884
185,Lotus,Evija,2023,,,,,,"$125,253.36",,,,,,395
186,Rimac,Nevera,2021,,,,,,"$50,732.44",,,,,,1981
187,MG,MG5 EV,2025,,,,,,"$39,891.34",,,,,,6658
188,Maserati,GranTurismo Folgore,2021,,,,,,"$82,498.33",,,,,,19950
189,Subaru,Solterra,2016,,,,,,"$144,361.94",,,,,,8806
190,Jaguar,I-PACE,2020,,,,,,"$147,006.07",,,,,,5468
191,Mercedes-Benz,EQA,2016,,,,,,"$91,058.99",,,,,,1158
192,Faraday Future,FF 91,2018,,,,,,"$39,346.45",,,,,,13137
193,Changan,Deepal S07,2019,,,,,,"$64,991.41",,,,,,6403
194,Maserati,Grecale Folgore,2017,,,,,,"$106,313.02",,,,,,10076
195,Rivian,EDV (Electric Delivery Van),2018,,,,,,"$41,163.20",,,,,,3131
196,Volkswagen,ID.Buzz,2021,,,,,,"$45,684.99",,,,,,14835
197,Volvo,XC40 Recharge,2018,,,,,,"$49,725.00",,,,,,10102
198,Honda,e:Ny1,2016,,,,,,"$132,788.79",,,,,,9792
199,Canoo,Lifestyle Vehicle,2015,,,,,,"$42,228.88",,,,,,4283
200,Canoo,Pickup,2020,,,,,,"$61,058.48",,,,,,4220
201,Faraday Future,FF 91,2016,,,,,,"$81,978.77",,,,,,6132
202,Toyota,Lexus RZ,2017,,,,,,"$89,866.99",,,,,,17229
203,Acura,ZDX (with GM Ultium),2021,,,,,,"$97,878.13",,,,,,1919
204,Lotus,Emeya,2024,,,,,,"$61,983.24",,,,,,11626
205,Porsche,Macan EV,2024,,,,,,"$33,384.79",,,,,,17764
206,Porsche,Cayenne Electric (upcoming),2015,,,,,,"$87,358.68",,,,,,1951
207,Ford,F-150 Lightning,2016,,,,,,"$143,030.79",,,,,,14315
208,Mahindra,Born Electric (upcoming range),2017,,,,,,"$100,674.02",,,,,,18770
209,Opel,Grandland Electric,2015,,,,,,"$42,493.23",,,,,,2907
210,Mini,Mini Aceman,2020,,,,,,"$72,057.74",,,,,,13566
211,NIO,ES8,2023,,,,,,"$38,845.13",,,,,,5574
212,Mercedes-Benz,EQS,2023,,,,,,"$81,758.80",,,,,,6225
213,Seat,Avenger,2025,,,,,,"$95,959.52",,,,,,19667
214,Lucid Motors,Lucid Air,2015,,,,,,"$43,861.07",,,,,,6058
215,NIO,ES8,2017,,,,,,"$130,449.45",,,,,,11265
216,Li Auto,L8,2023,,,,,,"$112,448.15",,,,,,1137
217,Ferrari,Ferrari EV (2025+),2024,,,,,,"$83,884.77",,,,,,14266
218,Canoo,MPDV,2017,,,,,,"$96,763.70",,,,,,19253
219,VinFast,VF 9,2016,,,,,,"$97,522.05",,,,,,15911
220,Cadillac,Celestiq,2015,,,,,,"$136,748.91",,,,,,662
221,Canoo,Pickup,2019,,,,,,"$57,354.89",,,,,,2925
222,Geely,Geometry A,2021,,,,,,"$91,832.36",,,,,,18634
223,Porsche,Macan EV,2018,,,,,,"$73,245.01",,,,,,1001
224,BYD,Dolphin,2024,,,,,,"$71,971.19",,,,,,1626
225,Ferrari,SF90 Stradale (PHEV),2018,,,,,,"$91,593.75",,,,,,7332
226,Cadillac,Celestiq,2025,,,,,,"$56,185.09",,,,,,12262
227,Genesis,GV80 Electric,2019,,,,,,"$106,871.37",,,,,,1860
228,XPeng,G9,2025,,,,,,"$61,131.15",,,,,,11244
229,Dacia,Jogger Hybrid,2025,,,,,,"$131,450.31",,,,,,18318
230,Skoda,Enyaq Coupe,2025,,,,,,"$136,421.23",,,,,,19122
231,GMC,Hummer EV Pickup,2022,,,,,,"$79,572.87",,,,,,14993
232,Rimac,Nevera,2016,,,,,,"$30,565.62",,,,,,4240
233,Zeekr,Zeekr 007,2021,,,,,,"$53,929.71",,,,,,8153
234,Seat,Avenger,2019,,,,,,"$128,861.26",,,,,,4384
235,Mahindra,Born Electric (upcoming range),2018,,,,,,"$56,918.56",,,,,,1224
236,Acura,ZDX (with GM Ultium),2023,,,,,,"$32,369.01",,,,,,5017
237,Seat,Avenger,2019,,,,,,"$114,087.16",,,,,,16309
238,Cadillac,Lyriq,2019,,,,,,"$65,442.14",,,,,,89
239,Mini,Mini Electric,2016,,,,,,"$123,543.15",,,,,,8654
240,BMW,i3,2017,,,,,,"$67,524.85",,,,,,4534
241,Genesis,GV70 Electric,2020,,,,,,"$41,154.16",,,,,,15671
242,Genesis,GV70 Electric,2016,,,,,,"$139,347.21",,,,,,944
243,Renault,5 E-Tech,2022,,,,,,"$37,600.33",,,,,,18895
244,Ferrari,SF90 Stradale (PHEV),2025,,,,,,"$117,198.24",,,,,,1788
245,Genesis,GV70 Electric,2023,,,,,,"$88,997.76",,,,,,13214
246,Hyundai,Ioniq 7 (upcoming),2022,,,,,,"$44,244.82",,,,,,2978
247,GMC,Hummer EV SUV,2023,,,,,,"$73,601.10",,,,,,11904
248,Geely,Geometry A,2016,,,,,,"$106,039.34",,,,,,5379
249,Volkswagen,ID.2all,2021,,,,,,"$132,263.32",,,,,,1523
250,Skoda,Elroq (upcoming),2016,,,,,,"$30,520.52",,,,,,5806
251,Jeep,Grand Cherokee 4xe (PHEV),2017,,,,,,"$76,159.52",,,,,,4527
252,Cadillac,Optiq (upcoming),2023,,,,,,"$142,261.45",,,,,,4347
253,Genesis,GV70 Electric,2023,,,,,,"$97,473.63",,,,,,9369
254,Faraday Future,FF 91,2023,,,,,,"$53,988.29",,,,,,9671
255,Citroen,Ami,2015,,,,,,"$97,352.47",,,,,,12699
256,VinFast,VF 8,2023,,,,,,"$123,710.99",,,,,,17911
257,Cadillac,Lyriq,2018,,,,,,"$50,855.42",,,,,,19136
258,Tesla,Model X,2022,,,,,,"$101,625.64",,,,,,2388
259,Rimac,Nevera,2017,,,,,,"$94,444.31",,,,,,7158
260,Lotus,Emeya,2023,,,,,,"$71,520.87",,,,,,12496
261,NIO,ES7,2023,,,,,,"$91,048.27",,,,,,5485
262,Maserati,Grecale Folgore,2025,,,,,,"$80,905.13",,,,,,2363
263,Skoda,Enyaq,2015,,,,,,"$51,359.06",,,,,,12715
264,Acura,ZDX (with GM Ultium),2021,,,,,,"$106,970.73",,,,,,16476
265,Mazda,Mazda EV (upcoming models),2024,,,,,,"$128,654.68",,,,,,9665
266,Ford,E-Transit,2025,,,,,,"$31,338.02",,,,,,17941
267,Subaru,Solterra,2020,,,,,,"$56,494.56",,,,,,17984
268,Genesis,GV60,2019,,,,,,"$88,462.85",,,,,,2287
269,Rimac,Nevera,2022,,,,,,"$73,739.21",,,,,,14290
270,BYD,Tang EV,2025,,,,,,"$122,972.04",,,,,,9195
271,Maserati,Grecale Folgore,2019,,,,,,"$131,950.47",,,,,,18074
272,Maserati,GranTurismo Folgore,2025,,,,,,"$100,752.09",,,,,,11923
273,Tesla,Roadster (upcoming),2018,,,,,,"$46,844.48",,,,,,15843
274,Chevrolet,Bolt EUV,2022,,,,,,"$54,812.89",,,,,,10619
275,Dacia,Bigster EV (upcoming),2019,,,,,,"$73,835.61",,,,,,11563
276,Mahindra,Born Electric (upcoming range),2024,,,,,,"$39,250.59",,,,,,7547
277,Faraday Future,FF 91,2016,,,,,,"$107,671.11",,,,,,16798
278,Ferrari,SF90 Stradale (PHEV),2015,,,,,,"$97,632.56",,,,,,5589
279,Li Auto,L8,2024,,,,,,"$112,270.94",,,,,,6630
280,MG,MG ES5,2017,,,,,,"$93,771.59",,,,,,39
281,Genesis,G80 Electric,2023,,,,,,"$126,276.02",,,,,,3201
282,Volkswagen,ID.5,2022,,,,,,"$135,211.96",,,,,,17122
283,Lotus,Eletre,2021,,,,,,"$42,789.99",,,,,,13023
284,Li Auto,MEGA,2017,,,,,,"$99,318.14",,,,,,5301
285,Rivian,EDV (Electric Delivery Van),2021,,,,,,"$145,748.43",,,,,,8620
286,BYD,Han EV,2024,,,,,,"$92,520.67",,,,,,14384
287,Lucid Motors,Lucid DreamDrive,2023,,,,,,"$110,882.93",,,,,,11571
288,XPeng,P5,2024,,,,,,"$95,951.12",,,,,,19869
289,Changan,Deepal S07,2024,,,,,,"$90,380.30",,,,,,8196
290,Geely,Geometry C,2024,,,,,,"$85,061.81",,,,,,7221
291,Seat,Avenger,2020,,,,,,"$61,601.96",,,,,,5848
292,Rimac,Nevera,2018,,,,,,"$53,959.98",,,,,,11666
293,Opel,Corsa-e,2016,,,,,,"$121,709.31",,,,,,9002
294,Porsche,Panamera EV,2021,,,,,,"$80,781.10",,,,,,3944
295,Lotus,Emeya,2020,,,,,,"$42,089.74",,,,,,11242
296,Porsche,Cayenne Electric (upcoming),2021,,,,,,"$78,071.11",,,,,,8845
297,Lamborghini,Lanzador (upcoming EV),2021,,,,,,"$31,169.07",,,,,,10345
298,Subaru,Solterra,2023,,,,,,"$37,204.37",,,,,,11828
299,Lamborghini,Lanzador (upcoming EV),2020,,,,,,"$107,983.86",,,,,,14645
300,NIO,ES7,2022,,,,,,"$141,428.00",,,,,,10383
301,Mazda,Mazda EV (upcoming models),2024,,,,,,"$142,652.38",,,,,,4097
302,Polestar,Polestar 4,2016,,,,,,"$135,442.92",,,,,,3405
303,GMC,Hummer EV Pickup,2016,,,,,,"$118,511.19",,,,,,11692
304,Great Wall Motors,ORA Lightning Cat,2023,,,,,,"$113,714.75",,,,,,17152
305,Acura,ZDX (with GM Ultium),2020,,,,,,"$73,894.00",,,,,,11268
306,Great Wall Motors,ORA Ballet Cat,2015,,,,,,"$121,904.30",,,,,,14323
307,Polestar,Polestar 3,2025,,,,,,"$105,038.76",,,,,,8808
308,Lucid Motors,Lucid Air,2017,,,,,,"$62,656.10",,,,,,6092
309,Mazda,Mazda EV (upcoming models),2017,,,,,,"$31,766.98",,,,,,10821
310,Citroen,ë-C4,2015,,,,,,"$137,483.88",,,,,,14514
311,Peugeot,e-208,2018,,,,,,"$111,773.08",,,,,,4002
312,Great Wall Motors,ORA Ballet Cat,2019,,,,,,"$58,315.90",,,,,,7965
313,Chevrolet,Equinox EV,2022,,,,,,"$89,990.30",,,,,,17575
314,Volkswagen,ID.6,2018,,,,,,"$82,646.27",,,,,,15902
315,Geely,Emgrand EV,2019,,,,,,"$68,841.71",,,,,,17404
316,Geely,Geometry C,2019,,,,,,"$135,951.88",,,,,,17660
317,Lucid Motors,Lucid DreamDrive,2025,,,,,,"$106,908.47",,,,,,1024
318,Kia,EV9,2018,,,,,,"$93,098.56",,,,,,6839
319,Mahindra,XUV400,2022,,,,,,"$125,309.95",,,,,,7074
320,Kia,Soul EV,2018,,,,,,"$143,700.40",,,,,,15031
321,Mini,Mini Cooper SE,2016,,,,,,"$108,903.83",,,,,,12180
322,Citroen,Ami,2021,,,,,,"$55,671.38",,,,,,6
323,Chevrolet,Volt (PHEV),2024,,,,,,"$148,127.33",,,,,,18142
324,Lamborghini,Revuelto (PHEV),2016,,,,,,"$136,755.04",,,,,,2529
325,Rimac,Nevera,2017,,,,,,"$66,047.19",,,,,,13648
326,Opel,Corsa-e,2025,,,,,,"$92,926.00",,,,,,12873
327,Citroen,Ami,2024,,,,,,"$47,761.49",,,,,,13058
328,Zeekr,Zeekr X,2017,,,,,,"$53,531.92",,,,,,18874
329,Jaguar,I-PACE,2021,,,,,,"$32,904.82",,,,,,4778
330,Chevrolet,Bolt EUV,2018,,,,,,"$36,544.56",,,,,,9998
331,Great Wall Motors,ORA Good Cat,2020,,,,,,"$120,042.62",,,,,,19103
332,Lotus,Eletre,2019,,,,,,"$108,570.94",,,,,,3535
333,Mazda,Mazda EV (upcoming models),2018,,,,,,"$88,159.46",,,,,,704
334,Polestar,Polestar 4,2020,,,,,,"$72,229.57",,,,,,8443
335,Canoo,Lifestyle Vehicle,2023,,,,,,"$40,535.40",,,,,,7876
336,Ford,Explorer EV (Europe),2019,,,,,,"$46,629.18",,,,,,14092
337,Genesis,GV70 Electric,2020,,,,,,"$130,742.70",,,,,,8971
338,Opel,Corsa-e,2016,,,,,,"$103,483.44",,,,,,4393
339,Cadillac,Celestiq,2025,,,,,,"$49,654.37",,,,,,6646
340,Audi,e-tron GT,2022,,,,,,"$136,510.43",,,,,,12915
341,Peugeot,e-208,2023,,,,,,"$59,486.60",,,,,,1615
342,Mazda,Mazda EV (upcoming models),2021,,,,,,"$80,695.46",,,,,,16405
343,Porsche,Macan EV,2021,,,,,,"$137,594.10",,,,,,5373
344,Renault,Megane E-Tech,2016,,,,,,"$114,873.49",,,,,,10983
345,Mini,Mini Electric,2017,,,,,,"$67,142.20",,,,,,115
346,Citroen,ë-Spacetourer,2015,,,,,,"$89,216.02",,,,,,19664
347,Polestar,Polestar 4,2024,,,,,,"$47,790.74",,,,,,9779
348,Hyundai,Kona Electric,2016,,,,,,"$112,981.63",,,,,,1174
349,Opel,Mokka-e,2020,,,,,,"$131,197.16",,,,,,13558
350,Rivian,EDV (Electric Delivery Van),2018,,,,,,"$112,638.51",,,,,,11595
351,GMC,Hummer EV SUV,2023,,,,,,"$57,926.60",,,,,,6793
352,Li Auto,MEGA,2015,,,,,,"$54,142.46",,,,,,3730
353,Pininfarina,Battista,2021,,,,,,"$53,281.87",,,,,,4448
354,Ford,Explorer EV (Europe),2023,,,,,,"$36,722.67",,,,,,18920
355,Pininfarina,Battista,2016,,,,,,"$105,181.30",,,,,,10305
356,Chevrolet,Volt (PHEV),2021,,,,,,"$144,087.21",,,,,,6622
357,Geely,Emgrand EV,2015,,,,,,"$140,836.41",,,,,,4348
358,Renault,Megane E-Tech,2022,,,,,,"$141,880.48",,,,,,17058
359,Peugeot,e-3008,2015,,,,,,"$53,105.48",,,,,,8966
360,Tesla,Cybertruck,2023,,,,,,"$62,526.25",,,,,,17713
361,BMW,iX,2015,,,,,,"$40,334.35",,,,,,11653
362,Pininfarina,Battista,2025,,,,,,"$41,149.94",,,,,,15418
363,Volvo,C40 Recharge,2024,,,,,,"$109,821.67",,,,,,15113
364,Mazda,Mazda EV (upcoming models),2024,,,,,,"$125,610.93",,,,,,7817
365,Polestar,Polestar 3,2022,,,,,,"$82,242.44",,,,,,18815
366,Jaguar,I-PACE,2020,,,,,,"$78,695.24",,,,,,2014
367,Rivian,R1T,2024,,,,,,"$109,305.77",,,,,,10374
368,Ferrari,Ferrari EV (2025+),2019,,,,,,"$99,927.24",,,,,,17985
369,Tesla,Roadster (upcoming),2023,,,,,,"$58,228.94",,,,,,17862
370,Mini,Mini Electric,2022,,,,,,"$48,512.07",,,,,,15948
371,Zeekr,Zeekr X,2016,,,,,,"$113,446.86",,,,,,11642
372,Porsche,Cayenne Electric (upcoming),2024,,,,,,"$62,310.05",,,,,,19014
373,Seat,Avenger,2017,,,,,,"$39,388.15",,,,,,17668
374,Subaru,Solterra,2020,,,,,,"$86,307.89",,,,,,19583
375,Subaru,Solterra,2015,,,,,,"$65,010.39",,,,,,9104
376,Volkswagen,ID.7,2019,,,,,,"$139,215.78",,,,,,7739
377,Porsche,Taycan,2020,,,,,,"$120,331.36",,,,,,11307
378,Genesis,GV80 Electric,2016,,,,,,"$119,538.07",,,,,,17381
379,Tesla,Model X,2022,,,,,,"$93,755.20",,,,,,3220
380,Genesis,G80 Electric,2022,,,,,,"$111,326.18",,,,,,13475
381,Lotus,Eletre,2025,,,,,,"$34,085.01",,,,,,19640
382,Jaguar,I-PACE,2016,,,,,,"$113,478.44",,,,,,13991
383,Mini,Mini Cooper SE,2019,,,,,,"$69,918.57",,,,,,6575
384,XPeng,G6,2025,,,,,,"$107,200.58",,,,,,14610
385,Mahindra,XUV400,2025,,,,,,"$114,006.62",,,,,,14288
386,Renault,Megane E-Tech,2023,,,,,,"$94,236.49",,,,,,2970
387,Maserati,GranTurismo Folgore,2016,,,,,,"$51,194.20",,,,,,11772
388,Hyundai,Ioniq 7 (upcoming),2018,,,,,,"$37,559.12",,,,,,11117
389,Pininfarina,Battista,2021,,,,,,"$134,424.00",,,,,,4639
390,Genesis,GV60,2022,,,,,,"$45,664.53",,,,,,2095
391,Jaguar,I-PACE,2024,,,,,,"$127,382.52",,,,,,1493
392,Porsche,Panamera EV,2016,,,,,,"$74,391.28",,,,,,12325
393,Nissan,Ariya,2016,,,,,,"$101,247.66",,,,,,8878
394,Geely,Geometry C,2018,,,,,,"$103,445.98",,,,,,3135
395,BYD,Atto 3,2023,,,,,,"$53,246.28",,,,,,1770
396,BYD,Seal,2018,,,,,,"$118,850.03",,,,,,14575
397,Jeep,Wagoneer S,2021,,,,,,"$43,215.94",,,,,,2409
398,Jeep,Recon (upcoming),2015,,,,,,"$74,818.21",,,,,,18634
399,Toyota,bZ4X,2016,,,,,,"$56,382.43",,,,,,18112
400,Hyundai,Ioniq 7 (upcoming),2023,,,,,,"$63,500.51",,,,,,19391
401,Ferrari,SF90 Stradale (PHEV),2021,,,,,,"$77,318.42",,,,,,13324
402,Volkswagen,ID.5,2019,,,,,,"$66,580.39",,,,,,4542
403,XPeng,G6,2020,,,,,,"$38,483.83",,,,,,17774
404,VinFast,VF 7,2025,,,,,,"$139,200.49",,,,,,12007
405,Genesis,GV60,2023,,,,,,"$43,626.92",,,,,,10500
406,Toyota,Lexus UX 300e,2025,,,,,,"$88,347.23",,,,,,14810
407,BYD,Seagull,2016,,,,,,"$137,753.50",,,,,,4931
408,Lotus,Evija,2015,,,,,,"$80,415.60",,,,,,11006
409,Jeep,Wagoneer S,2025,,,,,,"$98,070.20",,,,,,1550
410,Fisker,Pear (upcoming),2022,,,,,,"$51,043.12",,,,,,14447
411,BYD,Tang EV,2018,,,,,,"$47,753.31",,,,,,16364
412,Changan,Deepal S07,2017,,,,,,"$65,466.82",,,,,,3680
413,Great Wall Motors,ORA Good Cat,2017,,,,,,"$130,905.23",,,,,,17250
414,VinFast,VF 8,2018,,,,,,"$144,914.84",,,,,,11831
415,Ford,Explorer EV (Europe),2020,,,,,,"$147,302.84",,,,,,9457
416,Faraday Future,FF 91,2021,,,,,,"$66,387.74",,,,,,216
417,Acura,ZDX (with GM Ultium),2021,,,,,,"$129,874.05",,,,,,15186
418,Nissan,Leaf,2017,,,,,,"$109,909.62",,,,,,9083
419,Audi,A6 e-tron (upcoming),2020,,,,,,"$87,124.89",,,,,,19059
420,Ford,E-Transit,2022,,,,,,"$73,339.61",,,,,,16838
421,Opel,Grandland Electric,2017,,,,,,"$134,693.18",,,,,,19006
422,Canoo,Lifestyle Vehicle,2015,,,,,,"$140,508.89",,,,,,17224
423,Dacia,Jogger Hybrid,2021,,,,,,"$87,542.19",,,,,,11208
424,Dacia,Bigster EV (upcoming),2015,,,,,,"$47,083.12",,,,,,3660
425,Nissan,Ariya,2021,,,,,,"$139,023.52",,,,,,6730
426,Lucid Motors,Lucid Air,2025,,,,,,"$71,740.39",,,,,,18944
427,Lotus,Eletre,2018,,,,,,"$41,842.29",,,,,,3516
428,Fisker,Pear (upcoming),2021,,,,,,"$67,713.63",,,,,,1330
429,Rimac,Nevera,2016,,,,,,"$130,930.82",,,,,,15586
430,BYD,Tang EV,2015,,,,,,"$109,025.79",,,,,,5528
431,BYD,Tang EV,2020,,,,,,"$80,964.50",,,,,,13114
432,Great Wall Motors,ORA Ballet Cat,2024,,,,,,"$84,556.17",,,,,,1731
433,Mahindra,XUV400,2017,,,,,,"$104,787.91",,,,,,9619
434,Mahindra,Born Electric (upcoming range),2023,,,,,,"$33,791.82",,,,,,1076
435,Lamborghini,Lanzador (upcoming EV),2017,,,,,,"$43,125.84",,,,,,5121
436,BMW,i7,2019,,,,,,"$64,132.50",,,,,,19135
437,Citroen,Ami,2020,,,,,,"$36,773.91",,,,,,9991
438,Pininfarina,Battista,2015,,,,,,"$138,169.18",,,,,,12789
439,Ferrari,SF90 Stradale (PHEV),2022,,,,,,"$127,374.86",,,,,,2468
440,Rivian,R1S,2019,,,,,,"$104,948.67",,,,,,17401
441,Zeekr,Zeekr X,2020,,,,,,"$65,989.08",,,,,,17942
442,Nissan,Leaf,2024,,,,,,"$106,551.16",,,,,,17113
443,BYD,Dolphin,2017,,,,,,"$79,231.23",,,,,,8403
444,Cadillac,Lyriq,2021,,,,,,"$129,267.46",,,,,,5221
445,Volkswagen,ID.3,2019,,,,,,"$35,067.88",,,,,,19713
446,Audi,Q8 e-tron,2020,,,,,,"$116,908.13",,,,,,19019
447,Honda,Honda Prologue,2016,,,,,,"$100,119.15",,,,,,14400
448,Honda,Honda e (discontinued),2015,,,,,,"$80,853.76",,,,,,690
449,Cadillac,Lyriq,2025,,,,,,"$76,162.83",,,,,,12729
450,XPeng,G9,2019,,,,,,"$133,130.01",,,,,,2624
451,Great Wall Motors,ORA Ballet Cat,2021,,,,,,"$128,428.96",,,,,,17947
452,Rimac,Nevera,2015,,,,,,"$124,922.32",,,,,,5171
453,Lotus,Evija,2025,,,,,,"$68,327.90",,,,,,6509
454,Li Auto,L9,2017,,,,,,"$32,756.41",,,,,,5529
455,XPeng,X9,2021,,,,,,"$98,069.15",,,,,,6656
456,Canoo,Pickup,2019,,,,,,"$102,009.93",,,,,,942
457,Honda,e:Ny1,2024,,,,,,"$86,265.79",,,,,,8396
458,Kia,Soul EV,2015,,,,,,"$142,718.63",,,,,,9912
459,Mini,Mini Cooper SE,2017,,,,,,"$90,449.61",,,,,,8532
460,Rimac,Nevera,2017,,,,,,"$141,148.45",,,,,,10339
461,Mahindra,XUV400,2023,,,,,,"$47,834.50",,,,,,3801
462,Chevrolet,Silverado EV,2020,,,,,,"$116,371.68",,,,,,16670
463,Ferrari,Ferrari EV (2025+),2024,,,,,,"$98,494.54",,,,,,9315
464,Skoda,Enyaq,2021,,,,,,"$48,453.06",,,,,,19470
465,Tesla,Model X,2015,,,,,,"$149,978.53",,,,,,10589
466,Peugeot,e-208,2023,,,,,,"$145,805.92",,,,,,9336
467,Citroen,Ami,2017,,,,,,"$140,603.98",,,,,,6549
468,Geely,Geometry C,2022,,,,,,"$127,319.32",,,,,,7347
469,Skoda,Elroq (upcoming),2017,,,,,,"$82,482.66",,,,,,17140
470,Mazda,MX-30,2023,,,,,,"$79,562.33",,,,,,16496
471,Jaguar,I-PACE,2017,,,,,,"$135,210.64",,,,,,11184
472,Rivian,R1T,2016,,,,,,"$32,149.83",,,,,,19722
473,Mahindra,Born Electric (upcoming range),2024,,,,,,"$40,516.22",,,,,,6856
474,Genesis,GV70 Electric,2025,,,,,,"$122,366.54",,,,,,14590
475,Great Wall Motors,ORA Good Cat,2022,,,,,,"$30,944.91",,,,,,9528
476,Mahindra,Born Electric (upcoming range),2022,,,,,,"$37,284.56",,,,,,15510
477,Mahindra,Born Electric (upcoming range),2022,,,,,,"$86,308.85",,,,,,15350
478,Mazda,Mazda EV (upcoming models),2021,,,,,,"$125,970.61",,,,,,15823
479,Porsche,Macan EV,2017,,,,,,"$89,247.01",,,,,,5197
480,Canoo,MPDV,2015,,,,,,"$44,482.56",,,,,,8765
481,Seat,Avenger,2015,,,,,,"$120,691.72",,,,,,3454
482,Acura,ZDX (with GM Ultium),2018,,,,,,"$121,435.76",,,,,,14388
483,Opel,Corsa-e,2018,,,,,,"$40,228.06",,,,,,13818
484,Volkswagen,ID.2all,2021,,,,,,"$91,938.64",,,,,,16952
485,Hyundai,Ioniq 6,2020,,,,,,"$121,103.09",,,,,,17032
486,Li Auto,MEGA,2025,,,,,,"$30,948.27",,,,,,17839
487,VinFast,VFe34 (discontinued),2025,,,,,,"$135,716.96",,,,,,17054
488,Mazda,MX-30,2016,,,,,,"$49,203.28",,,,,,16556
489,Renault,Megane E-Tech,2020,,,,,,"$108,115.49",,,,,,19057
490,Dacia,Jogger Hybrid,2020,,,,,,"$92,360.00",,,,,,3210
491,Dacia,Bigster EV (upcoming),2021,,,,,,"$83,539.69",,,,,,19146
492,Acura,ZDX (with GM Ultium),2022,,,,,,"$47,321.54",,,,,,3868
493,Rivian,R1S,2022,,,,,,"$44,251.93",,,,,,5023
494,BYD,Seal,2020,,,,,,"$100,754.91",,,,,,4008
495,Fisker,Ocean,2015,,,,,,"$123,761.92",,,,,,14715
496,Renault,Scenic E-Tech,2016,,,,,,"$138,029.33",,,,,,2900
497,Dacia,Jogger Hybrid,2024,,,,,,"$44,853.79",,,,,,17096
498,Citroen,ë-Spacetourer,2023,,,,,,"$62,995.50",,,,,,10499
499,Jeep,Wrangler 4xe (PHEV),2022,,,,,,"$32,886.83",,,,,,5510
500,Ford,F-150 Lightning,2019,,,,,,"$37,069.65",,,,,,4668
501,Rimac,Nevera,2021,,,,,,"$101,640.55",,,,,,10431
502,Lamborghini,Lanzador (upcoming EV),2016,,,,,,"$32,234.74",,,,,,9981
503,Li Auto,MEGA,2016,,,,,,"$148,237.05",,,,,,32
504,GMC,Hummer EV SUV,2025,,,,,,"$60,106.67",,,,,,1490
505,Peugeot,e-208,2019,,,,,,"$149,858.55",,,,,,8564
506,Geely,Geometry C,2018,,,,,,"$101,941.64",,,,,,313
507,Porsche,Cayenne Electric (upcoming),2023,,,,,,"$124,476.63",,,,,,19703
508,NIO,ET9,2015,,,,,,"$56,582.49",,,,,,9934
509,Volvo,C40 Recharge,2022,,,,,,"$148,111.62",,,,,,18080
510,Mini,Mini Aceman,2024,,,,,,"$45,389.57",,,,,,8989
511,Skoda,Enyaq,2025,,,,,,"$81,253.74",,,,,,3988
512,Lotus,Emeya,2022,,,,,,"$140,206.98",,,,,,18737
513,Peugeot,e-2008,2021,,,,,,"$37,541.29",,,,,,10954
514,Polestar,Polestar 2,2022,,,,,,"$92,361.01",,,,,,14629
515,Jaguar,I-PACE,2015,,,,,,"$37,440.27",,,,,,1828
516,BMW,i4,2021,,,,,,"$101,949.10",,,,,,3318
517,Genesis,GV60,2022,,,,,,"$101,421.01",,,,,,8397
518,Li Auto,MEGA,2024,,,,,,"$67,400.02",,,,,,4830
519,Subaru,Solterra,2019,,,,,,"$90,852.94",,,,,,6594
520,Pininfarina,Battista,2025,,,,,,"$97,931.63",,,,,,16250
521,Tesla,Roadster (upcoming),2018,,,,,,"$118,150.34",,,,,,11888
522,Audi,Q4 e-tron,2015,,,,,,"$100,282.37",,,,,,7174
523,Renault,5 E-Tech,2020,,,,,,"$131,145.77",,,,,,11088
524,Subaru,Solterra,2018,,,,,,"$147,252.22",,,,,,6214
525,Maserati,GranTurismo Folgore,2020,,,,,,"$121,569.88",,,,,,9177
526,MG,MG ES5,2018,,,,,,"$76,573.90",,,,,,17218
527,Great Wall Motors,ORA Ballet Cat,2022,,,,,,"$137,386.16",,,,,,12258
528,Lamborghini,Revuelto (PHEV),2017,,,,,,"$34,937.15",,,,,,10388
529,NIO,ET5,2017,,,,,,"$39,890.22",,,,,,3224
530,Audi,Q4 e-tron,2015,,,,,,"$119,425.36",,,,,,17797
531,Tesla,Model X,2019,,,,,,"$120,936.73",,,,,,6877
532,Volvo,EX90,2022,,,,,,"$143,031.57",,,,,,10012
533,Tesla,Model Y,2025,,,,,,"$120,315.14",,,,,,5036
534,Ferrari,Ferrari EV (2025+),2024,,,,,,"$54,504.55",,,,,,9982
535,Mercedes-Benz,EQS,2025,,,,,,"$53,879.85",,,,,,1882
536,Lotus,Eletre,2017,,,,,,"$43,289.27",,,,,,4257
537,Subaru,Solterra,2025,,,,,,"$90,297.00",,,,,,19819
538,Lotus,Emeya,2024,,,,,,"$64,549.41",,,,,,13600
539,Porsche,Cayenne Electric (upcoming),2022,,,,,,"$143,482.48",,,,,,7119
540,Li Auto,L7,2020,,,,,,"$49,780.69",,,,,,15135
541,Pininfarina,Battista,2018,,,,,,"$46,377.67",,,,,,14343
542,Great Wall Motors,ORA Lightning Cat,2017,,,,,,"$44,898.17",,,,,,14439
543,Porsche,Macan EV,2015,,,,,,"$130,380.14",,,,,,10103
544,BMW,iX1,2015,,,,,,"$74,957.36",,,,,,6296
545,Mini,Mini Electric,2018,,,,,,"$35,281.50",,,,,,17750
546,Zeekr,Zeekr 001,2018,,,,,,"$108,479.13",,,,,,12090
547,Audi,e-tron GT,2021,,,,,,"$124,951.17",,,,,,12732
548,Opel,Grandland Electric,2017,,,,,,"$109,964.47",,,,,,7616
549,Jeep,Wrangler 4xe (PHEV),2018,,,,,,"$118,549.59",,,,,,4969
550,Rivian,EDV (Electric Delivery Van),2015,,,,,,"$69,442.78",,,,,,9452
551,Volvo,EX30,2020,,,,,,"$113,553.37",,,,,,2117
552,Audi,e-tron GT,2015,,,,,,"$50,841.10",,,,,,6472
553,Zeekr,Zeekr X,2024,,,,,,"$54,168.12",,,,,,15424
554,Zeekr,Zeekr 007,2017,,,,,,"$81,287.67",,,,,,15192
555,Changan,Deepal S07,2021,,,,,,"$86,311.02",,,,,,16103
556,Li Auto,MEGA,2020,,,,,,"$34,659.23",,,,,,11422
557,Dacia,Bigster EV (upcoming),2025,,,,,,"$118,279.70",,,,,,925
558,Mini,Mini Aceman,2017,,,,,,"$102,257.92",,,,,,13030
559,Jeep,Wrangler 4xe (PHEV),2023,,,,,,"$60,344.55",,,,,,13487
560,Hyundai,Kona Electric,2025,,,,,,"$55,143.07",,,,,,3174
561,Opel,Grandland Electric,2021,,,,,,"$74,958.17",,,,,,6965
562,Lucid Motors,Lucid Air,2017,,,,,,"$139,556.57",,,,,,11211
563,Jeep,Grand Cherokee 4xe (PHEV),2022,,,,,,"$120,215.84",,,,,,12309
564,Lotus,Emeya,2022,,,,,,"$111,823.20",,,,,,11666
565,Faraday Future,FF 91,2015,,,,,,"$44,747.34",,,,,,15571
566,Li Auto,L8,2015,,,,,,"$73,224.67",,,,,,2666
567,Zeekr,Zeekr 007,2025,,,,,,"$53,409.23",,,,,,9874
568,Lamborghini,Lanzador (upcoming EV),2017,,,,,,"$58,908.19",,,,,,957
569,Rimac,Nevera,2019,,,,,,"$110,472.15",,,,,,10905
570,Ferrari,Ferrari EV (2025+),2016,,,,,,"$124,209.83",,,,,,2920
571,Peugeot,e-2008,2016,,,,,,"$99,230.02",,,,,,10474
572,Faraday Future,FF 91,2023,,,,,,"$94,595.15",,,,,,14935
573,Cadillac,Celestiq,2017,,,,,,"$67,066.97",,,,,,16220
574,Dacia,Bigster EV (upcoming),2015,,,,,,"$142,131.95",,,,,,5216
575,Lamborghini,Lanzador (upcoming EV),2020,,,,,,"$93,341.33",,,,,,4289
576,Citroen,Ami,2015,,,,,,"$99,258.89",,,,,,299
577,Renault,Megane E-Tech,2025,,,,,,"$81,253.33",,,,,,3845
578,Genesis,GV80 Electric,2024,,,,,,"$44,256.31",,,,,,2936
579,Canoo,MPDV,2021,,,,,,"$43,995.32",,,,,,15712
580,Seat,Avenger,2024,,,,,,"$45,028.37",,,,,,12903
581,Canoo,MPDV,2023,,,,,,"$54,895.65",,,,,,14654
582,Jaguar,I-PACE,2017,,,,,,"$132,174.01",,,,,,13862
583,Tesla,Model 3,2019,,,,,,"$83,390.43",,,,,,17636
584,Rivian,EDV (Electric Delivery Van),2016,,,,,,"$65,965.11",,,,,,4210
585,GMC,Hummer EV SUV,2016,,,,,,"$39,990.49",,,,,,8827
586,Seat,Avenger,2020,,,,,,"$48,418.97",,,,,,3604
587,Lamborghini,Lanzador (upcoming EV),2016,,,,,,"$47,559.56",,,,,,3440
588,Porsche,Panamera EV,2024,,,,,,"$133,847.80",,,,,,5920
589,Faraday Future,FF 91,2022,,,,,,"$47,120.42",,,,,,8162
590,Cadillac,Celestiq,2022,,,,,,"$63,098.76",,,,,,13320
591,Hyundai,Kona Electric,2016,,,,,,"$40,150.21",,,,,,4470
592,Mahindra,XUV400,2021,,,,,,"$114,311.01",,,,,,19962
593,Cadillac,Celestiq,2017,,,,,,"$74,046.11",,,,,,3710
594,Skoda,Enyaq,2023,,,,,,"$65,225.40",,,,,,16892
595,Changan,Q05,2022,,,,,,"$72,467.13",,,,,,14116
596,Lucid Motors,Lucid Air,2023,,,,,,"$30,829.25",,,,,,17577
597,Kia,EV9,2025,,,,,,"$30,697.23",,,,,,10853
598,Mercedes-Benz,EQB,2022,,,,,,"$89,468.11",,,,,,4306
599,Kia,Soul EV,2017,,,,,,"$129,580.29",,,,,,14055
600,GMC,Hummer EV Pickup,2023,,,,,,"$149,310.85",,,,,,16460
601,Porsche,Macan EV,2024,,,,,,"$34,603.97",,,,,,13346
602,Subaru,Solterra,2018,,,,,,"$66,514.80",,,,,,5955
603,Tesla,Model S,2025,,,,,,"$102,782.62",,,,,,447
604,Lamborghini,Revuelto (PHEV),2020,,,,,,"$63,113.63",,,,,,3943
605,Jeep,Grand Cherokee 4xe (PHEV),2018,,,,,,"$104,281.24",,,,,,6281
606,Lamborghini,Lanzador (upcoming EV),2023,,,,,,"$38,125.02",,,,,,4224
607,Chevrolet,Equinox EV,2015,,,,,,"$93,896.38",,,,,,19897
608,Rivian,R1T,2015,,,,,,"$124,877.63",,,,,,8798
609,Jaguar,I-PACE,2018,,,,,,"$143,045.52",,,,,,17517
610,Tesla,Roadster (upcoming),2020,,,,,,"$114,655.41",,,,,,341
611,Volvo,EX30,2017,,,,,,"$112,573.85",,,,,,7229
612,Toyota,bZ4X,2024,,,,,,"$57,806.78",,,,,,5770
613,Ferrari,Roma PHEV,2017,,,,,,"$128,099.90",,,,,,13189
614,Renault,5 E-Tech,2015,,,,,,"$31,626.25",,,,,,19648
615,VinFast,VF 6,2016,,,,,,"$87,651.05",,,,,,17810
616,Toyota,Lexus UX 300e,2023,,,,,,"$42,307.93",,,,,,13996
617,Ford,E-Transit,2025,,,,,,"$115,782.14",,,,,,11708
618,GMC,Hummer EV SUV,2016,,,,,,"$102,540.77",,,,,,9881
619,Canoo,Pickup,2020,,,,,,"$141,945.82",,,,,,12799
620,Renault,Kangoo E-Tech,2016,,,,,,"$68,766.41",,,,,,13564
621,VinFast,VF 8,2017,,,,,,"$95,920.71",,,,,,13822
622,Ferrari,Ferrari EV (2025+),2018,,,,,,"$132,071.41",,,,,,11447
623,Opel,Corsa-e,2019,,,,,,"$129,338.62",,,,,,863
624,Zeekr,Zeekr 009,2015,,,,,,"$101,271.08",,,,,,18650
625,Ford,F-150 Lightning,2022,,,,,,"$116,706.89",,,,,,5687
626,Mercedes-Benz,EQC,2021,,,,,,"$129,542.19",,,,,,17088
627,Volkswagen,ID.Buzz,2018,,,,,,"$119,519.49",,,,,,13274
628,Mercedes-Benz,EQC,2020,,,,,,"$73,524.20",,,,,,6943
629,Tesla,Model X,2018,,,,,,"$40,204.72",,,,,,10308
630,Subaru,Solterra,2020,,,,,,"$76,876.96",,,,,,3309
631,Faraday Future,FF 91,2015,,,,,,"$48,184.54",,,,,,4615
632,Mercedes-Benz,EQE SUV,2022,,,,,,"$142,816.94",,,,,,16302
633,Faraday Future,FF 91,2017,,,,,,"$84,576.94",,,,,,5871
634,Opel,Mokka-e,2019,,,,,,"$46,853.67",,,,,,4226
635,BYD,Atto 3,2024,,,,,,"$61,539.29",,,,,,18376
636,Ford,Mustang Mach-E,2019,,,,,,"$134,899.07",,,,,,3575
637,Porsche,Taycan,2021,,,,,,"$71,090.83",,,,,,17861
638,Great Wall Motors,ORA Good Cat,2025,,,,,,"$127,024.03",,,,,,13858
639,Honda,Honda e (discontinued),2017,,,,,,"$134,853.11",,,,,,3029
640,Pininfarina,Battista,2017,,,,,,"$112,659.66",,,,,,19566
641,Audi,A6 e-tron (upcoming),2024,,,,,,"$137,580.13",,,,,,17062
642,Tesla,Model Y,2017,,,,,,"$119,484.90",,,,,,6263
643,Ferrari,SF90 Stradale (PHEV),2020,,,,,,"$134,130.98",,,,,,13954
644,Citroen,ë-Spacetourer,2016,,,,,,"$101,387.02",,,,,,3251
645,Faraday Future,FF 91,2016,,,,,,"$119,993.24",,,,,,9499
646,Rivian,R1T,2022,,,,,,"$72,073.64",,,,,,12276
647,MG,MG5 EV,2019,,,,,,"$30,498.91",,,,,,19659
648,Pininfarina,Battista,2024,,,,,,"$107,332.12",,,,,,5692
649,Rimac,Nevera,2021,,,,,,"$105,772.93",,,,,,10564
650,Hyundai,Kona Electric,2015,,,,,,"$114,909.11",,,,,,11734
651,Polestar,Polestar 3,2019,,,,,,"$109,110.92",,,,,,3635
652,Cadillac,Lyriq,2016,,,,,,"$89,309.41",,,,,,2500
653,Skoda,Enyaq Coupe,2021,,,,,,"$51,576.77",,,,,,11233
654,Great Wall Motors,ORA Ballet Cat,2024,,,,,,"$53,141.43",,,,,,3761
655,Nissan,Ariya,2017,,,,,,"$87,788.98",,,,,,14288
656,XPeng,G6,2019,,,,,,"$42,347.35",,,,,,13885
657,Peugeot,e-3008,2020,,,,,,"$72,349.86",,,,,,9616
658,Canoo,MPDV,2023,,,,,,"$81,526.42",,,,,,4007
659,Rimac,Nevera,2020,,,,,,"$97,396.87",,,,,,19919
660,Audi,A6 e-tron (upcoming),2025,,,,,,"$53,778.05",,,,,,19707
661,Jeep,Recon (upcoming),2018,,,,,,"$64,123.90",,,,,,533
662,Great Wall Motors,ORA Good Cat,2021,,,,,,"$96,774.02",,,,,,3978
663,GMC,Hummer EV Pickup,2015,,,,,,"$68,743.08",,,,,,17614
664,Seat,Avenger,2019,,,,,,"$39,005.06",,,,,,19118
665,Jaguar,I-PACE,2020,,,,,,"$110,188.23",,,,,,15817
666,Hyundai,Ioniq 6,2019,,,,,,"$118,232.19",,,,,,7082
667,Canoo,Pickup,2018,,,,,,"$67,419.05",,,,,,12634
668,GMC,Hummer EV Pickup,2021,,,,,,"$144,179.35",,,,,,543
669,Porsche,Panamera EV,2015,,,,,,"$141,231.33",,,,,,1741
670,Toyota,Lexus RZ,2016,,,,,,"$52,733.96",,,,,,1634
671,Polestar,Polestar 2,2018,,,,,,"$93,855.81",,,,,,7205
672,Canoo,MPDV,2019,,,,,,"$64,559.11",,,,,,15622
673,Subaru,Solterra,2017,,,,,,"$84,625.96",,,,,,5594
674,Citroen,ë-C4,2024,,,,,,"$59,701.25",,,,,,17212
675,Mercedes-Benz,EQE,2016,,,,,,"$118,177.80",,,,,,11554
676,Dacia,Bigster EV (upcoming),2023,,,,,,"$112,294.10",,,,,,11704
677,Nissan,Leaf,2024,,,,,,"$40,712.88",,,,,,17265
678,Honda,Honda e (discontinued),2020,,,,,,"$63,149.66",,,,,,14910
679,VinFast,VF 8,2019,,,,,,"$48,027.33",,,,,,510
680,Chevrolet,Bolt EUV,2019,,,,,,"$81,638.74",,,,,,18374
681,Hyundai,Ioniq 6,2017,,,,,,"$33,856.40",,,,,,8560
682,Cadillac,Celestiq,2017,,,,,,"$46,701.16",,,,,,9743
683,Acura,ZDX (with GM Ultium),2023,,,,,,"$93,188.57",,,,,,15287
684,Li Auto,MEGA,2015,,,,,,"$46,870.27",,,,,,9612
685,Citroen,ë-Spacetourer,2017,,,,,,"$40,159.09",,,,,,10856
686,Jaguar,I-PACE,2018,,,,,,"$137,406.28",,,,,,6576
687,Audi,e-tron,2017,,,,,,"$42,432.84",,,,,,6030
688,Maserati,GranTurismo Folgore,2024,,,,,,"$106,343.66",,,,,,17913
689,Great Wall Motors,ORA Lightning Cat,2019,,,,,,"$63,021.76",,,,,,18488
690,Tesla,Cybertruck,2019,,,,,,"$138,847.01",,,,,,16404
691,Rivian,R1S,2023,,,,,,"$116,305.09",,,,,,12908
692,Genesis,G80 Electric,2021,,,,,,"$68,889.19",,,,,,5215
693,Kia,Soul EV,2022,,,,,,"$127,026.66",,,,,,13764
694,BMW,iX1,2019,,,,,,"$74,918.65",,,,,,18801
695,Lucid Motors,Lucid Air,2019,,,,,,"$49,450.75",,,,,,3152
696,Chevrolet,Bolt EUV,2015,,,,,,"$111,883.34",,,,,,11681
697,Lamborghini,Revuelto (PHEV),2016,,,,,,"$45,263.09",,,,,,17712
698,Nissan,Leaf,2019,,,,,,"$134,576.80",,,,,,10231
699,GMC,Hummer EV Pickup,2023,,,,,,"$148,192.07",,,,,,4564
700,Lamborghini,Lanzador (upcoming EV),2025,,,,,,"$143,759.71",,,,,,2640
701,Great Wall Motors,ORA Good Cat,2019,,,,,,"$108,040.44",,,,,,6428
702,Cadillac,Celestiq,2025,,,,,,"$121,881.78",,,,,,12049
703,Lucid Motors,Lucid Gravity,2021,,,,,,"$57,255.11",,,,,,2510
704,Volkswagen,ID.6,2017,,,,,,"$45,565.95",,,,,,6745
705,Dacia,Bigster EV (upcoming),2018,,,,,,"$65,122.01",,,,,,1769
706,Li Auto,MEGA,2019,,,,,,"$96,355.88",,,,,,14868
707,Nissan,Ariya,2015,,,,,,"$40,139.20",,,,,,7354
708,NIO,ET9,2025,,,,,,"$121,559.56",,,,,,7095
709,Pininfarina,Battista,2021,,,,,,"$96,395.30",,,,,,17003
710,Mercedes-Benz,EQS SUV,2022,,,,,,"$63,684.02",,,,,,18713
711,Chevrolet,Equinox EV,2019,,,,,,"$98,212.93",,,,,,1212
712,Great Wall Motors,ORA Ballet Cat,2023,,,,,,"$103,239.42",,,,,,4168
713,Acura,ZDX (with GM Ultium),2017,,,,,,"$34,620.21",,,,,,1992
714,Honda,Honda Prologue,2015,,,,,,"$35,367.97",,,,,,7765
715,Rimac,Nevera,2025,,,,,,"$69,184.87",,,,,,1020
716,BYD,Han EV,2019,,,,,,"$55,377.56",,,,,,7040
717,Jeep,Wrangler 4xe (PHEV),2025,,,,,,"$145,035.02",,,,,,3972
718,Faraday Future,FF 91,2024,,,,,,"$53,402.83",,,,,,7565
719,Rimac,Nevera,2018,,,,,,"$72,238.15",,,,,,7528
720,Canoo,Lifestyle Vehicle,2023,,,,,,"$125,502.71",,,,,,18874
721,Acura,ZDX (with GM Ultium),2017,,,,,,"$121,861.15",,,,,,5470
722,Volkswagen,ID.7,2023,,,,,,"$113,631.44",,,,,,19947
723,Kia,Soul EV,2016,,,,,,"$105,699.84",,,,,,19318
724,Hyundai,Ioniq 5,2015,,,,,,"$82,630.44",,,,,,18485
725,Lotus,Evija,2023,,,,,,"$120,876.03",,,,,,17011
726,Ferrari,Ferrari EV (2025+),2020,,,,,,"$88,396.29",,,,,,9130
727,Kia,Niro EV,2023,,,,,,"$34,769.40",,,,,,6656
728,Ferrari,Roma PHEV,2022,,,,,,"$115,950.11",,,,,,4483
729,Renault,Megane E-Tech,2020,,,,,,"$69,253.89",,,,,,10315
730,Zeekr,Zeekr 001,2023,,,,,,"$105,274.21",,,,,,15876
731,Renault,Kangoo E-Tech,2019,,,,,,"$132,858.82",,,,,,5836
732,Li Auto,L9,2024,,,,,,"$108,832.92",,,,,,12851
733,Fisker,Pear (upcoming),2019,,,,,,"$83,660.75",,,,,,11389
734,XPeng,G6,2022,,,,,,"$33,475.51",,,,,,10407
735,XPeng,P5,2021,,,,,,"$56,273.78",,,,,,6756
736,Jaguar,I-PACE,2017,,,,,,"$40,830.33",,,,,,6896
737,Maserati,Grecale Folgore,2017,,,,,,"$49,368.50",,,,,,656
738,Kia,EV9,2022,,,,,,"$122,689.40",,,,,,4298
739,Toyota,bZ4X,2016,,,,,,"$119,118.24",,,,,,19847
740,VinFast,VF 8,2021,,,,,,"$41,961.51",,,,,,18382
741,Great Wall Motors,ORA Lightning Cat,2023,,,,,,"$144,174.89",,,,,,7605
742,BYD,Dolphin,2024,,,,,,"$147,098.09",,,,,,13211
743,Great Wall Motors,ORA Ballet Cat,2024,,,,,,"$67,374.59",,,,,,8786
744,Rivian,EDV (Electric Delivery Van),2022,,,,,,"$115,064.18",,,,,,2539
745,Volkswagen,ID.2all,2015,,,,,,"$134,369.90",,,,,,4583
746,Lamborghini,Lanzador (upcoming EV),2021,,,,,,"$135,627.14",,,,,,17145
747,Rivian,EDV (Electric Delivery Van),2020,,,,,,"$69,621.26",,,,,,13641
748,Ford,Explorer EV (Europe),2016,,,,,,"$94,527.78",,,,,,18322
749,Fisker,Ocean,2018,,,,,,"$66,690.04",,,,,,19419
750,Kia,Niro EV,2019,,,,,,"$100,478.05",,,,,,15512
751,Mercedes-Benz,EQC,2018,,,,,,"$87,055.68",,,,,,13939
752,Great Wall Motors,ORA Lightning Cat,2019,,,,,,"$76,263.58",,,,,,19837
753,Mercedes-Benz,EQA,2017,,,,,,"$60,064.68",,,,,,11982
754,Opel,Grandland Electric,2020,,,,,,"$51,480.67",,,,,,10170
755,Kia,EV6,2019,,,,,,"$62,994.17",,,,,,1875
756,Canoo,Lifestyle Vehicle,2022,,,,,,"$134,992.42",,,,,,5019
757,Peugeot,e-2008,2017,,,,,,"$106,497.38",,,,,,546
758,Skoda,Enyaq Coupe,2017,,,,,,"$142,865.42",,,,,,4833
759,Toyota,bZ4X,2017,,,,,,"$79,110.18",,,,,,2821
760,Changan,SL03,2016,,,,,,"$100,937.82",,,,,,8084
761,Skoda,Elroq (upcoming),2018,,,,,,"$114,709.68",,,,,,8939
762,Porsche,Panamera EV,2019,,,,,,"$73,633.58",,,,,,12637
763,Maserati,Grecale Folgore,2021,,,,,,"$113,958.46",,,,,,7151
764,Honda,e:Ny1,2016,,,,,,"$100,418.49",,,,,,11759
765,Mercedes-Benz,EQS SUV,2022,,,,,,"$72,960.54",,,,,,18873
766,Zeekr,Zeekr 007,2022,,,,,,"$87,906.91",,,,,,3534
767,Zeekr,Zeekr 009,2024,,,,,,"$136,391.43",,,,,,1762
768,Subaru,Solterra,2020,,,,,,"$54,048.78",,,,,,8019
769,Skoda,Elroq (upcoming),2020,,,,,,"$112,414.37",,,,,,3139
770,Volkswagen,ID.5,2017,,,,,,"$117,644.65",,,,,,881
771,Cadillac,Lyriq,2018,,,,,,"$120,202.14",,,,,,3042
772,NIO,ET9,2021,,,,,,"$145,021.53",,,,,,11347
773,Renault,Megane E-Tech,2025,,,,,,"$45,448.74",,,,,,13843
774,Subaru,Solterra,2019,,,,,,"$123,720.42",,,,,,17423
775,Skoda,Enyaq,2017,,,,,,"$127,540.21",,,,,,15081
776,BMW,iX1,2025,,,,,,"$32,823.64",,,,,,1167
777,Jaguar,I-PACE,2015,,,,,,"$41,348.71",,,,,,7998
778,Canoo,MPDV,2024,,,,,,"$103,122.42",,,,,,9895
779,XPeng,P7,2017,,,,,,"$82,012.23",,,,,,1600
780,Ferrari,Roma PHEV,2018,,,,,,"$110,572.76",,,,,,6787
781,VinFast,VF 9,2025,,,,,,"$56,978.97",,,,,,19264
782,Acura,ZDX (with GM Ultium),2023,,,,,,"$68,357.14",,,,,,12781
783,XPeng,P7,2025,,,,,,"$71,435.90",,,,,,968
784,GMC,Hummer EV Pickup,2024,,,,,,"$64,066.52",,,,,,4046
785,XPeng,G6,2018,,,,,,"$148,125.93",,,,,,11900
786,Kia,EV6,2023,,,,,,"$85,669.67",,,,,,10946
787,Genesis,GV70 Electric,2025,,,,,,"$79,235.26",,,,,,19646
788,Renault,Kangoo E-Tech,2015,,,,,,"$144,221.53",,,,,,5288
789,BYD,Seagull,2018,,,,,,"$65,157.83",,,,,,5795
790,MG,MG ZS EV,2024,,,,,,"$116,645.55",,,,,,12626
791,VinFast,VF 9,2019,,,,,,"$129,330.46",,,,,,16762
792,Genesis,G80 Electric,2021,,,,,,"$99,577.44",,,,,,15813
793,Honda,e:Ny1,2020,,,,,,"$120,837.67",,,,,,9020
794,Chevrolet,Bolt EUV,2017,,,,,,"$115,656.38",,,,,,5060
795,Faraday Future,FF 91,2017,,,,,,"$33,360.56",,,,,,16935
796,Great Wall Motors,ORA Ballet Cat,2017,,,,,,"$75,357.45",,,,,,2121
797,Volvo,EX30,2018,,,,,,"$72,780.18",,,,,,7483
798,Lucid Motors,Lucid Gravity,2025,,,,,,"$62,576.83",,,,,,8390
799,Porsche,Macan EV,2018,,,,,,"$61,891.60",,,,,,4343
800,Subaru,Solterra,2018,,,,,,"$94,432.04",,,,,,2732
801,Lucid Motors,Lucid Air,2023,,,,,,"$99,805.63",,,,,,16
802,Citroen,ë-Spacetourer,2024,,,,,,"$91,704.03",,,,,,16484
803,Acura,ZDX (with GM Ultium),2016,,,,,,"$146,922.53",,,,,,14522
804,Acura,ZDX (with GM Ultium),2018,,,,,,"$66,646.06",,,,,,5065
805,Mercedes-Benz,EQB,2021,,,,,,"$91,975.96",,,,,,9948
806,Ford,E-Transit,2020,,,,,,"$81,035.75",,,,,,13395
807,Genesis,GV70 Electric,2022,,,,,,"$116,000.72",,,,,,18349
808,Lucid Motors,Lucid Air,2024,,,,,,"$49,250.15",,,,,,12781
809,Dacia,Bigster EV (upcoming),2018,,,,,,"$36,733.75",,,,,,2424
810,Opel,Grandland Electric,2021,,,,,,"$97,420.37",,,,,,9549
811,Nissan,Leaf,2016,,,,,,"$73,347.55",,,,,,11868
812,Lucid Motors,Lucid DreamDrive,2019,,,,,,"$107,068.83",,,,,,16785
813,Nissan,Ariya,2015,,,,,,"$70,050.31",,,,,,2874
814,Changan,Q05,2025,,,,,,"$85,885.82",,,,,,17292
815,Peugeot,e-5008,2015,,,,,,"$57,027.59",,,,,,14999
816,Mini,Mini Electric,2024,,,,,,"$47,794.06",,,,,,4172
817,Fisker,Ocean,2020,,,,,,"$49,594.67",,,,,,14406
818,NIO,ET5,2022,,,,,,"$83,617.49",,,,,,16603
819,Renault,Megane E-Tech,2017,,,,,,"$73,006.84",,,,,,16670
820,Changan,SL03,2015,,,,,,"$143,487.81",,,,,,12769
821,Nissan,Ariya,2025,,,,,,"$31,112.87",,,,,,19536
822,Peugeot,e-3008,2020,,,,,,"$142,354.99",,,,,,6687
823,XPeng,G9,2019,,,,,,"$136,658.45",,,,,,17209
824,Mercedes-Benz,EQS,2015,,,,,,"$43,489.27",,,,,,23
825,Great Wall Motors,ORA Lightning Cat,2019,,,,,,"$110,211.83",,,,,,4672
826,Mini,Mini Electric,2016,,,,,,"$60,080.48",,,,,,8740
827,Rimac,Nevera,2020,,,,,,"$125,972.57",,,,,,5304
828,Rimac,Nevera,2024,,,,,,"$128,038.74",,,,,,3860
829,Toyota,Lexus UX 300e,2023,,,,,,"$126,838.62",,,,,,8613
830,VinFast,VF 8,2021,,,,,,"$147,010.55",,,,,,10060
831,Zeekr,Zeekr 001,2023,,,,,,"$111,668.92",,,,,,18444
832,Lotus,Eletre,2023,,,,,,"$42,016.57",,,,,,13894
833,Toyota,bZ4X,2021,,,,,,"$86,160.50",,,,,,6840
834,GMC,Hummer EV Pickup,2015,,,,,,"$121,751.15",,,,,,8145
835,Audi,e-tron GT,2019,,,,,,"$47,089.01",,,,,,19609
836,Volvo,EX90,2019,,,,,,"$135,627.23",,,,,,15287
837,Jeep,Grand Cherokee 4xe (PHEV),2022,,,,,,"$117,811.12",,,,,,13817
838,Acura,ZDX (with GM Ultium),2019,,,,,,"$69,459.56",,,,,,7954
839,Mahindra,XUV400,2024,,,,,,"$130,489.44",,,,,,3230
840,Kia,Soul EV,2018,,,,,,"$116,194.68",,,,,,1221
841,Canoo,MPDV,2021,,,,,,"$143,513.97",,,,,,11750
842,Fisker,Pear (upcoming),2018,,,,,,"$148,917.08",,,,,,5637
843,Hyundai,Ioniq 6,2020,,,,,,"$66,700.22",,,,,,6624
844,Dacia,Bigster EV (upcoming),2020,,,,,,"$145,117.00",,,,,,18365
845,Citroen,Ami,2023,,,,,,"$40,865.07",,,,,,4359
846,Kia,EV6,2024,,,,,,"$34,892.74",,,,,,7175
847,Volvo,EX90,2025,,,,,,"$32,492.87",,,,,,13511
848,Lotus,Evija,2021,,,,,,"$114,809.51",,,,,,17706
849,Audi,e-tron GT,2020,,,,,,"$99,475.02",,,,,,7465
850,Fisker,Ocean,2022,,,,,,"$89,655.95",,,,,,1885
851,Great Wall Motors,ORA Ballet Cat,2017,,,,,,"$143,682.14",,,,,,12984
852,Mini,Mini Cooper SE,2019,,,,,,"$125,809.96",,,,,,222
853,BMW,iX3,2020,,,,,,"$93,572.64",,,,,,5938
854,Genesis,G80 Electric,2016,,,,,,"$143,883.59",,,,,,10197
855,Porsche,Cayenne Electric (upcoming),2019,,,,,,"$72,144.08",,,,,,19862
856,Lamborghini,Revuelto (PHEV),2025,,,,,,"$76,170.42",,,,,,16325
857,Maserati,Grecale Folgore,2020,,,,,,"$98,878.20",,,,,,17615
858,Faraday Future,FF 91,2019,,,,,,"$89,718.13",,,,,,12741
859,Jaguar,I-PACE,2020,,,,,,"$78,514.16",,,,,,19370
860,Lotus,Eletre,2025,,,,,,"$107,183.82",,,,,,13969
861,Zeekr,Zeekr 007,2016,,,,,,"$103,159.59",,,,,,1364
862,Hyundai,Ioniq 6,2024,,,,,,"$118,710.85",,,,,,1718
863,Zeekr,Zeekr X,2023,,,,,,"$143,995.72",,,,,,510
864,NIO,ES6,2016,,,,,,"$139,829.40",,,,,,5109
865,Cadillac,Lyriq,2024,,,,,,"$115,220.69",,,,,,335
866,Canoo,Pickup,2021,,,,,,"$31,251.56",,,,,,7306
867,Acura,ZDX (with GM Ultium),2016,,,,,,"$69,285.43",,,,,,9386
868,Ferrari,Roma PHEV,2016,,,,,,"$96,570.00",,,,,,3650
869,Chevrolet,Silverado EV,2017,,,,,,"$103,838.50",,,,,,6895
870,Rimac,Nevera,2024,,,,,,"$72,014.07",,,,,,6028
871,Lucid Motors,Lucid Gravity,2025,,,,,,"$59,493.13",,,,,,2134
872,Lotus,Evija,2015,,,,,,"$47,218.38",,,,,,12698
873,Jaguar,I-PACE,2025,,,,,,"$139,297.37",,,,,,16074
874,Honda,Honda Prologue,2025,,,,,,"$135,533.32",,,,,,5253
875,Peugeot,e-208,2021,,,,,,"$135,576.60",,,,,,13799
876,Changan,Q05,2022,,,,,,"$109,844.81",,,,,,11908
877,Lamborghini,Lanzador (upcoming EV),2020,,,,,,"$95,139.44",,,,,,18077
878,Mini,Mini Cooper SE,2023,,,,,,"$76,316.48",,,,,,13168
879,VinFast,VF 7,2017,,,,,,"$88,402.20",,,,,,2809
880,Tesla,Model S,2020,,,,,,"$48,072.35",,,,,,15567
881,Dacia,Jogger Hybrid,2019,,,,,,"$48,242.03",,,,,,15386
882,Toyota,Lexus UX 300e,2018,,,,,,"$34,725.40",,,,,,14448
883,Ferrari,SF90 Stradale (PHEV),2022,,,,,,"$148,537.84",,,,,,3636
884,Lucid Motors,Lucid DreamDrive,2020,,,,,,"$148,028.51",,,,,,6292
885,Toyota,Lexus UX 300e,2015,,,,,,"$114,061.79",,,,,,15010
886,Hyundai,Ioniq 6,2023,,,,,,"$32,305.46",,,,,,12292
887,BYD,Atto 3,2021,,,,,,"$96,285.92",,,,,,10440
888,Jaguar,I-PACE,2017,,,,,,"$37,795.10",,,,,,11178
889,Audi,e-tron GT,2024,,,,,,"$69,708.08",,,,,,2659
890,Hyundai,Kona Electric,2015,,,,,,"$39,529.43",,,,,,6096
891,Mazda,MX-30,2022,,,,,,"$61,591.39",,,,,,6129
892,Citroen,ë-C4,2017,,,,,,"$90,798.53",,,,,,8246
893,Citroen,ë-C4,2016,,,,,,"$128,124.42",,,,,,19272
894,Seat,Avenger,2024,,,,,,"$127,315.84",,,,,,7474
895,Mercedes-Benz,EQC,2020,,,,,,"$131,577.79",,,,,,13749
896,Volkswagen,ID.2all,2020,,,,,,"$31,674.02",,,,,,15475
897,Toyota,Lexus RZ,2018,,,,,,"$132,457.76",,,,,,15969
898,BMW,i4,2016,,,,,,"$46,977.34",,,,,,5197
899,Acura,ZDX (with GM Ultium),2025,,,,,,"$70,931.67",,,,,,8064
900,Rimac,Nevera,2020,,,,,,"$96,599.49",,,,,,7501
901,Jeep,Grand Cherokee 4xe (PHEV),2018,,,,,,"$135,687.38",,,,,,8716
902,Geely,Geometry C,2018,,,,,,"$123,331.11",,,,,,18411
903,VinFast,VF 8,2020,,,,,,"$107,500.99",,,,,,17154
904,Mazda,MX-30,2021,,,,,,"$54,508.80",,,,,,15235
905,Geely,Emgrand EV,2021,,,,,,"$62,826.25",,,,,,555
906,BMW,i4,2023,,,,,,"$105,466.84",,,,,,9270
907,Ferrari,Ferrari EV (2025+),2015,,,,,,"$141,233.85",,,,,,11806
908,Pininfarina,Battista,2021,,,,,,"$92,961.52",,,,,,5212
909,Citroen,ë-Spacetourer,2018,,,,,,"$131,147.18",,,,,,4511
910,Rimac,Nevera,2021,,,,,,"$64,756.73",,,,,,7520
911,Mahindra,XUV400,2020,,,,,,"$129,484.40",,,,,,8704
912,BYD,Atto 3,2021,,,,,,"$69,246.97",,,,,,19771
913,Mini,Mini Aceman,2021,,,,,,"$119,137.61",,,,,,7023
914,Canoo,Pickup,2020,,,,,,"$136,125.65",,,,,,6761
915,Renault,Kangoo E-Tech,2020,,,,,,"$87,621.07",,,,,,3514
916,Nissan,Leaf,2015,,,,,,"$98,173.31",,,,,,12216
917,Toyota,Lexus RZ,2025,,,,,,"$61,527.08",,,,,,15614
918,Tesla,Model S,2016,,,,,,"$114,345.21",,,,,,979
919,Mahindra,Born Electric (upcoming range),2022,,,,,,"$145,131.47",,,,,,8911
920,Polestar,Polestar 5 (upcoming),2015,,,,,,"$114,353.63",,,,,,12035
921,Canoo,Pickup,2023,,,,,,"$94,892.04",,,,,,9582
922,Canoo,MPDV,2022,,,,,,"$60,384.04",,,,,,5383
923,Pininfarina,Battista,2024,,,,,,"$98,843.11",,,,,,16429
924,Chevrolet,Equinox EV,2016,,,,,,"$112,081.28",,,,,,12942
925,Mini,Mini Cooper SE,2018,,,,,,"$107,268.27",,,,,,10045
926,Citroen,ë-Spacetourer,2019,,,,,,"$52,920.79",,,,,,2196
927,Geely,Geometry A,2021,,,,,,"$74,989.91",,,,,,16100
928,Mahindra,Born Electric (upcoming range),2020,,,,,,"$122,374.49",,,,,,12450
929,Mahindra,XUV400,2022,,,,,,"$115,873.02",,,,,,10579
930,Lamborghini,Lanzador (upcoming EV),2018,,,,,,"$111,029.12",,,,,,12719
931,Genesis,GV60,2019,,,,,,"$84,207.11",,,,,,5072
932,Lucid Motors,Lucid Gravity,2022,,,,,,"$35,264.96",,,,,,14570
933,Jaguar,I-PACE,2017,,,,,,"$74,001.08",,,,,,17808
934,Li Auto,MEGA,2015,,,,,,"$40,469.15",,,,,,3965
935,Mercedes-Benz,EQS,2024,,,,,,"$87,345.57",,,,,,9841
936,Peugeot,e-5008,2015,,,,,,"$109,909.34",,,,,,15741
937,Lucid Motors,Lucid DreamDrive,2022,,,,,,"$106,007.59",,,,,,15652
938,Audi,A6 e-tron (upcoming),2017,,,,,,"$129,357.08",,,,,,6311
939,Renault,Scenic E-Tech,2021,,,,,,"$45,279.16",,,,,,19627
940,Mazda,Mazda EV (upcoming models),2016,,,,,,"$114,536.92",,,,,,11189
941,Maserati,GranTurismo Folgore,2019,,,,,,"$134,539.09",,,,,,4497
942,Pininfarina,Battista,2022,,,,,,"$62,185.40",,,,,,18547
943,Fisker,Pear (upcoming),2018,,,,,,"$101,731.26",,,,,,11845
944,Maserati,GranTurismo Folgore,2018,,,,,,"$116,729.11",,,,,,16284
945,Polestar,Polestar 5 (upcoming),2022,,,,,,"$47,560.79",,,,,,2180
946,Faraday Future,FF 91,2022,,,,,,"$80,459.18",,,,,,14325
947,Rimac,Nevera,2017,,,,,,"$38,433.60",,,,,,13869
948,Chevrolet,Equinox EV,2015,,,,,,"$58,881.63",,,,,,4971
949,Lamborghini,Lanzador (upcoming EV),2018,,,,,,"$103,955.60",,,,,,4081
950,Polestar,Polestar 5 (upcoming),2018,,,,,,"$63,536.48",,,,,,14619
951,Volvo,XC40 Recharge,2016,,,,,,"$76,137.06",,,,,,16106
952,VinFast,VFe34 (discontinued),2020,,,,,,"$102,786.47",,,,,,13238
953,Rivian,R1S,2020,,,,,,"$75,533.29",,,,,,716
954,Ferrari,Roma PHEV,2020,,,,,,"$40,735.31",,,,,,5522
955,Jeep,Grand Cherokee 4xe (PHEV),2015,,,,,,"$139,901.99",,,,,,14847
956,Mazda,MX-30,2021,,,,,,"$49,995.46",,,,,,5765
957,Lamborghini,Lanzador (upcoming EV),2021,,,,,,"$39,245.70",,,,,,12089
958,Porsche,Macan EV,2023,,,,,,"$50,615.35",,,,,,4422
959,BMW,i7,2017,,,,,,"$63,513.25",,,,,,1385
960,NIO,ET9,2015,,,,,,"$77,402.03",,,,,,19841
961,Dacia,Bigster EV (upcoming),2019,,,,,,"$34,370.00",,,,,,12318
962,BYD,Han EV,2020,,,,,,"$106,614.44",,,,,,8011
963,Nissan,Leaf,2022,,,,,,"$54,563.09",,,,,,9680
964,BMW,i4,2022,,,,,,"$65,274.12",,,,,,2220
965,Pininfarina,Battista,2019,,,,,,"$115,332.60",,,,,,14691
966,Pininfarina,Battista,2020,,,,,,"$100,274.54",,,,,,18558
967,Audi,e-tron GT,2021,,,,,,"$121,453.05",,,,,,9925
968,Volkswagen,ID.4,2021,,,,,,"$98,182.42",,,,,,2165
969,Changan,SL03,2025,,,,,,"$71,128.46",,,,,,10833
970,Mini,Mini Cooper SE,2023,,,,,,"$123,395.53",,,,,,9849
971,Renault,Kangoo E-Tech,2015,,,,,,"$47,756.64",,,,,,17767
972,BYD,Dolphin,2021,,,,,,"$104,766.98",,,,,,13573
973,Nissan,Ariya,2020,,,,,,"$77,561.36",,,,,,11013
974,Cadillac,Celestiq,2024,,,,,,"$118,491.62",,,,,,4977
975,Tesla,Model Y,2017,,,,,,"$140,170.03",,,,,,3275
976,Jeep,Wrangler 4xe (PHEV),2015,,,,,,"$137,646.74",,,,,,2348
977,Mazda,MX-30,2016,,,,,,"$113,993.13",,,,,,5334
978,Great Wall Motors,ORA Lightning Cat,2020,,,,,,"$141,659.65",,,,,,1205
979,BMW,iX1,2016,,,,,,"$38,813.06",,,,,,4017
980,Mini,Mini Aceman,2023,,,,,,"$108,741.80",,,,,,8263
981,Porsche,Cayenne Electric (upcoming),2022,,,,,,"$127,893.74",,,,,,8211
982,Hyundai,Ioniq 7 (upcoming),2020,,,,,,"$89,442.92",,,,,,11820
983,Pininfarina,Battista,2020,,,,,,"$69,902.15",,,,,,6444
984,Opel,Grandland Electric,2015,,,,,,"$120,692.83",,,,,,15548
985,Changan,Q05,2024,,,,,,"$66,033.90",,,,,,140
986,Volvo,XC40 Recharge,2018,,,,,,"$145,036.49",,,,,,10033
987,Mini,Mini Electric,2022,,,,,,"$132,628.07",,,,,,14073
988,Pininfarina,Battista,2022,,,,,,"$65,078.00",,,,,,9462
989,Maserati,Grecale Folgore,2016,,,,,,"$37,917.87",,,,,,17517
990,MG,MG ZS EV,2022,,,,,,"$41,043.61",,,,,,2831
991,Mercedes-Benz,EQE,2020,,,,,,"$140,965.67",,,,,,3393
992,Opel,Mokka-e,2018,,,,,,"$119,728.12",,,,,,12087
993,Chevrolet,Bolt EV,2022,,,,,,"$142,070.41",,,,,,4393
994,Cadillac,Optiq (upcoming),2023,,,,,,"$149,536.28",,,,,,10389
995,Subaru,Solterra,2019,,,,,,"$149,808.37",,,,,,17398
996,Audi,Q8 e-tron,2019,,,,,,"$69,330.46",,,,,,3715
997,Honda,Honda Prologue,2020,,,,,,"$39,460.66",,,,,,17987
998,Seat,Avenger,2023,,,,,,"$34,888.49",,,,,,19277
999,Kia,EV9,2015,,,,,,"$100,902.46",,,,,,3403
1000,Faraday Future,FF 91,2022,,,,,,"$128,661.08",,,,,,18897
1001,Opel,Corsa-e,2022,,,,,,"$76,612.94",,,,,,9426
1002,Polestar,Polestar 2,2021,,,,,,"$78,665.40",,,,,,8152
1003,Dacia,Jogger Hybrid,2018,,,,,,"$45,955.45",,,,,,450
1004,Kia,EV6,2018,,,,,,"$69,013.39",,,,,,4781
1005,NIO,ES8,2018,,,,,,"$143,897.16",,,,,,1952
1006,Changan,Q05,2019,,,,,,"$63,519.37",,,,,,7350
1007,Lucid Motors,Lucid DreamDrive,2019,,,,,,"$56,467.88",,,,,,16701
1008,Ford,Mustang Mach-E,2019,,,,,,"$108,995.26",,,,,,7904
1009,Honda,e:Ny1,2025,,,,,,"$147,294.21",,,,,,18610
1010,Tesla,Model Y,2018,,,,,,"$126,551.18",,,,,,11694
1011,NIO,EL7,2024,,,,,,"$72,825.68",,,,,,2499
1012,Ferrari,SF90 Stradale (PHEV),2018,,,,,,"$149,514.73",,,,,,7029
1013,BYD,Han EV,2015,,,,,,"$63,649.31",,,,,,3064
1014,VinFast,VFe34 (discontinued),2023,,,,,,"$112,679.60",,,,,,7089
1015,Pininfarina,Battista,2016,,,,,,"$113,565.49",,,,,,18733
1016,Mini,Mini Cooper SE,2018,,,,,,"$53,502.73",,,,,,4407
1017,Jaguar,I-PACE,2020,,,,,,"$81,818.70",,,,,,12272
1018,Maserati,Grecale Folgore,2025,,,,,,"$55,414.22",,,,,,17047
1019,Lamborghini,Lanzador (upcoming EV),2022,,,,,,"$80,986.36",,,,,,6431
1020,Mazda,Mazda EV (upcoming models),2023,,,,,,"$45,213.47",,,,,,12930
1021,Jeep,Grand Cherokee 4xe (PHEV),2015,,,,,,"$58,857.95",,,,,,2738
1022,Lotus,Evija,2016,,,,,,"$35,282.23",,,,,,16972
1023,GMC,Hummer EV SUV,2016,,,,,,"$68,621.09",,,,,,793
1024,Nissan,Leaf,2020,,,,,,"$52,850.64",,,,,,19820
1025,Renault,5 E-Tech,2020,,,,,,"$61,296.49",,,,,,16093
1026,Opel,Corsa-e,2017,,,,,,"$86,264.93",,,,,,8561
1027,NIO,ES8,2025,,,,,,"$78,622.00",,,,,,12109
1028,BMW,i4,2019,,,,,,"$96,305.20",,,,,,18293
1029,GMC,Hummer EV SUV,2015,,,,,,"$37,285.41",,,,,,17343
1030,Tesla,Model X,2025,,,,,,"$86,837.01",,,,,,13097
1031,Polestar,Polestar 3,2025,,,,,,"$92,606.82",,,,,,4276
1032,Renault,Kangoo E-Tech,2018,,,,,,"$134,813.30",,,,,,9522
1033,Porsche,Cayenne Electric (upcoming),2018,,,,,,"$145,106.21",,,,,,9522
1034,Ferrari,Ferrari EV (2025+),2023,,,,,,"$74,204.62",,,,,,19991
1035,BMW,iX3,2020,,,,,,"$64,965.15",,,,,,10324
1036,Jaguar,I-PACE,2018,,,,,,"$101,982.62",,,,,,7900
1037,Hyundai,Ioniq 5,2022,,,,,,"$34,705.34",,,,,,16274
1038,NIO,ET7,2022,,,,,,"$52,179.46",,,,,,3670
1039,Volkswagen,ID.2all,2024,,,,,,"$106,420.01",,,,,,100
1040,Skoda,Enyaq,2021,,,,,,"$39,150.23",,,,,,17669
1041,Volvo,C40 Recharge,2021,,,,,,"$120,782.54",,,,,,16575
1042,Audi,e-tron GT,2022,,,,,,"$142,053.35",,,,,,12020
1043,Nissan,Ariya,2018,,,,,,"$119,250.86",,,,,,1381
1044,BMW,iX1,2018,,,,,,"$121,528.34",,,,,,5751
1045,Honda,Honda Prologue,2020,,,,,,"$43,052.84",,,,,,17186
1046,Mazda,MX-30,2016,,,,,,"$148,217.63",,,,,,17321
1047,Li Auto,L7,2018,,,,,,"$110,043.09",,,,,,2124
1048,Mazda,MX-30,2015,,,,,,"$101,742.04",,,,,,9712
1049,Genesis,G80 Electric,2016,,,,,,"$106,413.24",,,,,,10144
1050,GMC,Hummer EV Pickup,2017,,,,,,"$46,955.07",,,,,,15498
1051,XPeng,P7,2022,,,,,,"$50,869.75",,,,,,19739
1052,Genesis,GV70 Electric,2023,,,,,,"$147,712.40",,,,,,18555
1053,Zeekr,Zeekr 009,2015,,,,,,"$121,572.63",,,,,,12396
1054,Li Auto,L7,2018,,,,,,"$129,673.70",,,,,,8255
1055,Opel,Mokka-e,2021,,,,,,"$62,628.17",,,,,,16839
1056,Cadillac,Celestiq,2021,,,,,,"$39,006.81",,,,,,1570
1057,NIO,ET5,2024,,,,,,"$68,567.13",,,,,,13472
1058,Ford,Mustang Mach-E,2020,,,,,,"$82,877.95",,,,,,13212
1059,Mini,Mini Electric,2024,,,,,,"$89,051.29",,,,,,2188
1060,Nissan,Ariya,2023,,,,,,"$84,463.97",,,,,,11296
1061,Kia,EV9,2023,,,,,,"$137,893.67",,,,,,13824
1062,Canoo,MPDV,2025,,,,,,"$52,846.46",,,,,,5527
1063,Rimac,Nevera,2017,,,,,,"$41,341.95",,,,,,13053
1064,Maserati,Grecale Folgore,2017,,,,,,"$50,438.18",,,,,,16107
1065,Maserati,Grecale Folgore,2016,,,,,,"$95,535.01",,,,,,7590
1066,Polestar,Polestar 2,2023,,,,,,"$57,468.99",,,,,,14047
1067,Skoda,Enyaq,2022,,,,,,"$78,610.16",,,,,,17715
1068,Hyundai,Ioniq 5,2017,,,,,,"$77,202.81",,,,,,8680
1069,Ferrari,SF90 Stradale (PHEV),2016,,,,,,"$98,474.19",,,,,,19353
1070,Opel,Grandland Electric,2019,,,,,,"$134,169.32",,,,,,7530
1071,Maserati,GranTurismo Folgore,2024,,,,,,"$65,776.47",,,,,,2752
1072,Fisker,Pear (upcoming),2025,,,,,,"$82,968.67",,,,,,17670
1073,Porsche,Taycan,2024,,,,,,"$37,617.73",,,,,,18828
1074,MG,MG ES5,2017,,,,,,"$119,971.74",,,,,,7781
1075,BMW,iX3,2019,,,,,,"$76,818.53",,,,,,4090
1076,Toyota,Lexus UX 300e,2017,,,,,,"$51,906.72",,,,,,9639
1077,Acura,ZDX (with GM Ultium),2025,,,,,,"$129,637.00",,,,,,8543
1078,Skoda,Elroq (upcoming),2020,,,,,,"$143,402.93",,,,,,7283
1079,Lotus,Evija,2025,,,,,,"$76,946.32",,,,,,10629
1080,GMC,Hummer EV SUV,2022,,,,,,"$53,299.14",,,,,,2441
1081,Great Wall Motors,ORA Ballet Cat,2022,,,,,,"$62,296.05",,,,,,9622
1082,Kia,EV6,2020,,,,,,"$136,331.87",,,,,,10397
1083,Nissan,Ariya,2017,,,,,,"$122,371.13",,,,,,19389
1084,Great Wall Motors,ORA Ballet Cat,2015,,,,,,"$73,318.39",,,,,,18265
1085,Li Auto,L7,2020,,,,,,"$83,973.56",,,,,,11052
1086,Mini,Mini Cooper SE,2023,,,,,,"$125,592.29",,,,,,2719
1087,Zeekr,Zeekr 009,2015,,,,,,"$126,194.58",,,,,,3792
1088,Rimac,Nevera,2018,,,,,,"$106,010.14",,,,,,17196
1089,NIO,EC6,2024,,,,,,"$132,041.04",,,,,,13542
1090,Peugeot,e-208,2017,,,,,,"$64,549.59",,,,,,4381
1091,Audi,e-tron GT,2018,,,,,,"$104,888.14",,,,,,5247
1092,Dacia,Bigster EV (upcoming),2020,,,,,,"$114,740.00",,,,,,8530
1093,BYD,Atto 3,2025,,,,,,"$143,056.53",,,,,,14862
1094,Mini,Mini Aceman,2018,,,,,,"$145,242.07",,,,,,7119
1095,Genesis,GV70 Electric,2015,,,,,,"$135,787.05",,,,,,9935
1096,Lamborghini,Revuelto (PHEV),2018,,,,,,"$59,342.54",,,,,,16026
1097,Genesis,G80 Electric,2022,,,,,,"$32,347.24",,,,,,3816
1098,Geely,Emgrand EV,2024,,,,,,"$49,450.75",,,,,,3686
1099,Mahindra,Born Electric (upcoming range),2017,,,,,,"$33,369.41",,,,,,1778
1100,Lucid Motors,Lucid Air,2015,,,,,,"$142,767.23",,,,,,12196
1101,MG,MG5 EV,2017,,,,,,"$140,705.69",,,,,,2687
1102,VinFast,VFe34 (discontinued),2020,,,,,,"$134,640.79",,,,,,19230
1103,Fisker,Ocean,2016,,,,,,"$128,789.90",,,,,,3045
1104,Jaguar,I-PACE,2021,,,,,,"$48,888.55",,,,,,2924
1105,Jaguar,I-PACE,2021,,,,,,"$116,600.48",,,,,,8148
1106,GMC,Hummer EV Pickup,2015,,,,,,"$94,337.82",,,,,,4903
1107,Porsche,Taycan,2016,,,,,,"$46,873.35",,,,,,12306
1108,Nissan,Leaf,2020,,,,,,"$118,317.99",,,,,,19118
1109,Canoo,Lifestyle Vehicle,2016,,,,,,"$80,863.45",,,,,,6947
1110,Honda,e:Ny1,2017,,,,,,"$73,418.71",,,,,,2015
1111,Renault,Megane E-Tech,2021,,,,,,"$45,177.93",,,,,,248
1112,Seat,Avenger,2015,,,,,,"$78,664.80",,,,,,2126
1113,Geely,Emgrand EV,2025,,,,,,"$50,697.90",,,,,,14227
1114,Jaguar,I-PACE,2023,,,,,,"$33,197.45",,,,,,16023
1115,Zeekr,Zeekr 001,2023,,,,,,"$47,775.86",,,,,,16658
1116,Li Auto,MEGA,2016,,,,,,"$146,253.04",,,,,,13127
1117,Jaguar,I-PACE,2015,,,,,,"$93,374.68",,,,,,3948
1118,Tesla,Model X,2018,,,,,,"$48,790.14",,,,,,2586
1119,Jeep,Wrangler 4xe (PHEV),2023,,,,,,"$36,909.71",,,,,,817
1120,VinFast,VF 6,2015,,,,,,"$60,277.99",,,,,,18445
1121,Dacia,Bigster EV (upcoming),2024,,,,,,"$50,654.47",,,,,,16282
1122,VinFast,VFe34 (discontinued),2023,,,,,,"$100,838.06",,,,,,13463
1123,Kia,Niro EV,2018,,,,,,"$61,940.89",,,,,,19365
1124,Mazda,MX-30,2024,,,,,,"$81,694.44",,,,,,5620
1125,Hyundai,Ioniq 7 (upcoming),2015,,,,,,"$109,252.82",,,,,,12103
1126,Seat,Avenger,2017,,,,,,"$117,714.81",,,,,,17911
1127,Honda,Honda Prologue,2023,,,,,,"$136,012.96",,,,,,12248
1128,Tesla,Cybertruck,2017,,,,,,"$68,423.78",,,,,,9815
1129,XPeng,P7,2025,,,,,,"$100,851.59",,,,,,12848
1130,Mini,Mini Cooper SE,2025,,,,,,"$44,149.68",,,,,,18082
1131,Polestar,Polestar 3,2022,,,,,,"$75,286.42",,,,,,1480
1132,Li Auto,L9,2024,,,,,,"$81,516.99",,,,,,18377
1133,Kia,EV9,2017,,,,,,"$78,795.71",,,,,,8713
1134,XPeng,X9,2023,,,,,,"$61,023.79",,,,,,722
1135,Audi,e-tron,2019,,,,,,"$120,802.63",,,,,,13349
1136,Volvo,C40 Recharge,2022,,,,,,"$59,835.04",,,,,,718
1137,BYD,Seal,2019,,,,,,"$108,034.29",,,,,,15867
1138,Audi,A6 e-tron (upcoming),2017,,,,,,"$144,771.13",,,,,,2608
1139,Toyota,Lexus RZ,2023,,,,,,"$104,705.70",,,,,,8158
1140,Jeep,Recon (upcoming),2024,,,,,,"$112,642.70",,,,,,3625
1141,GMC,Hummer EV Pickup,2024,,,,,,"$59,567.58",,,,,,2027
1142,Cadillac,Optiq (upcoming),2023,,,,,,"$147,103.71",,,,,,1828
1143,Mahindra,XUV400,2015,,,,,,"$65,845.61",,,,,,8977
1144,Lamborghini,Lanzador (upcoming EV),2021,,,,,,"$31,722.61",,,,,,956
1145,Geely,Geometry C,2020,,,,,,"$59,102.00",,,,,,6039
1146,Pininfarina,Battista,2015,,,,,,"$36,443.89",,,,,,14808
1147,Great Wall Motors,ORA Ballet Cat,2025,,,,,,"$76,817.22",,,,,,16494
1148,Maserati,GranTurismo Folgore,2015,,,,,,"$100,657.19",,,,,,18934
1149,Fisker,Pear (upcoming),2015,,,,,,"$79,025.84",,,,,,1752
1150,Lotus,Emeya,2018,,,,,,"$71,486.31",,,,,,5531
1151,Honda,Honda e (discontinued),2017,,,,,,"$135,437.99",,,,,,12039
1152,Genesis,G80 Electric,2020,,,,,,"$143,335.72",,,,,,2780
1153,Geely,Geometry C,2018,,,,,,"$33,684.61",,,,,,15556
1154,Dacia,Jogger Hybrid,2025,,,,,,"$76,442.98",,,,,,19951
1155,Rimac,Nevera,2019,,,,,,"$31,417.84",,,,,,9391
1156,Audi,Q8 e-tron,2020,,,,,,"$81,299.70",,,,,,19751
1157,Rivian,R1S,2023,,,,,,"$101,490.77",,,,,,12648
1158,Ferrari,Ferrari EV (2025+),2021,,,,,,"$121,720.10",,,,,,3429
1159,Geely,Emgrand EV,2017,,,,,,"$148,379.48",,,,,,7418
1160,Geely,Geometry A,2023,,,,,,"$43,527.55",,,,,,6884
1161,Lotus,Evija,2015,,,,,,"$44,535.19",,,,,,2065
1162,Lotus,Emeya,2022,,,,,,"$105,765.49",,,,,,17948
1163,Canoo,Pickup,2018,,,,,,"$116,940.71",,,,,,16722
1164,VinFast,VF 9,2019,,,,,,"$67,119.60",,,,,,14976
1165,Porsche,Taycan,2020,,,,,,"$100,599.16",,,,,,12777
1166,Toyota,bZ4X,2016,,,,,,"$40,385.01",,,,,,13068
1167,Canoo,MPDV,2019,,,,,,"$97,403.74",,,,,,18594
1168,GMC,Hummer EV SUV,2017,,,,,,"$94,792.27",,,,,,15902
1169,Audi,Q4 e-tron,2015,,,,,,"$131,267.15",,,,,,2850
1170,Zeekr,Zeekr 009,2022,,,,,,"$66,327.08",,,,,,15105
1171,Pininfarina,Battista,2016,,,,,,"$46,556.37",,,,,,18069
1172,Toyota,bZ4X,2024,,,,,,"$51,243.14",,,,,,1749
1173,Honda,Honda e (discontinued),2020,,,,,,"$74,741.81",,,,,,4139
1174,Mahindra,XUV400,2024,,,,,,"$56,346.88",,,,,,9124
1175,Porsche,Macan EV,2023,,,,,,"$40,675.13",,,,,,4464
1176,Audi,Q8 e-tron,2023,,,,,,"$37,909.33",,,,,,3806
1177,BYD,Han EV,2024,,,,,,"$108,832.47",,,,,,14437
1178,Canoo,MPDV,2017,,,,,,"$101,237.81",,,,,,2838
1179,Ferrari,Roma PHEV,2023,,,,,,"$46,901.91",,,,,,11292
1180,Cadillac,Celestiq,2019,,,,,,"$125,163.78",,,,,,6986
1181,Opel,Corsa-e,2015,,,,,,"$109,678.54",,,,,,11794
1182,Honda,Honda e (discontinued),2018,,,,,,"$78,675.79",,,,,,7177
1183,Honda,Honda Prologue,2023,,,,,,"$57,342.18",,,,,,14598
1184,Toyota,Lexus UX 300e,2015,,,,,,"$73,706.65",,,,,,1114
1185,Pininfarina,Battista,2016,,,,,,"$109,929.89",,,,,,16630
1186,Kia,Soul EV,2017,,,,,,"$36,478.01",,,,,,10326
1187,Seat,Avenger,2025,,,,,,"$51,868.91",,,,,,1663
1188,Rimac,Nevera,2020,,,,,,"$71,642.94",,,,,,9257
1189,Mahindra,XUV400,2022,,,,,,"$35,942.10",,,,,,1577
1190,XPeng,G9,2025,,,,,,"$137,671.49",,,,,,1494
1191,GMC,Hummer EV SUV,2016,,,,,,"$148,858.28",,,,,,12248
1192,Ferrari,Roma PHEV,2017,,,,,,"$145,650.49",,,,,,1926
1193,Maserati,GranTurismo Folgore,2022,,,,,,"$90,114.46",,,,,,10051
1194,Seat,Avenger,2018,,,,,,"$131,767.95",,,,,,2388
1195,Rivian,R1S,2020,,,,,,"$85,125.42",,,,,,4897
1196,VinFast,VF 7,2019,,,,,,"$33,833.80",,,,,,17727
1197,Li Auto,L9,2018,,,,,,"$77,109.85",,,,,,10947
1198,Lamborghini,Lanzador (upcoming EV),2020,,,,,,"$118,433.60",,,,,,13732
1199,Faraday Future,FF 91,2015,,,,,,"$52,384.63",,,,,,3753
1200,Faraday Future,FF 91,2017,,,,,,"$81,773.89",,,,,,17184
1201,Lotus,Evija,2022,,,,,,"$122,736.31",,,,,,19285
1202,Ferrari,Ferrari EV (2025+),2022,,,,,,"$92,011.68",,,,,,19787
1203,Audi,A6 e-tron (upcoming),2021,,,,,,"$126,444.70",,,,,,4525
1204,Renault,Kangoo E-Tech,2017,,,,,,"$94,398.55",,,,,,2905
1205,Toyota,Lexus RZ,2019,,,,,,"$146,872.57",,,,,,427
1206,Chevrolet,Bolt EUV,2015,,,,,,"$45,744.07",,,,,,6355
1207,Opel,Corsa-e,2023,,,,,,"$77,504.75",,,,,,15060
1208,XPeng,X9,2016,,,,,,"$108,211.35",,,,,,9782
1209,Cadillac,Lyriq,2017,,,,,,"$124,218.98",,,,,,12684
1210,Mercedes-Benz,EQE,2024,,,,,,"$31,679.05",,,,,,15089
1211,NIO,ES6,2021,,,,,,"$37,253.35",,,,,,14138
1212,Lucid Motors,Lucid DreamDrive,2019,,,,,,"$71,254.79",,,,,,4413
1213,Jaguar,I-PACE,2019,,,,,,"$140,356.22",,,,,,3323
1214,MG,MG ZS EV,2023,,,,,,"$141,636.62",,,,,,12460
1215,Volvo,C40 Recharge,2023,,,,,,"$145,488.68",,,,,,17420
1216,Volvo,C40 Recharge,2019,,,,,,"$114,768.70",,,,,,15299
1217,NIO,ES7,2022,,,,,,"$143,128.97",,,,,,15472
1218,XPeng,P5,2024,,,,,,"$138,713.37",,,,,,18765
1219,GMC,Hummer EV SUV,2023,,,,,,"$68,771.58",,,,,,443
1220,Toyota,bZ4X,2018,,,,,,"$76,176.72",,,,,,19120
1221,Polestar,Polestar 3,2021,,,,,,"$55,618.92",,,,,,3416
1222,Nissan,Leaf,2023,,,,,,"$128,634.20",,,,,,18251
1223,Rimac,Nevera,2018,,,,,,"$51,146.18",,,,,,3684
1224,Lucid Motors,Lucid DreamDrive,2017,,,,,,"$79,310.66",,,,,,13117
1225,Rimac,Nevera,2018,,,,,,"$107,484.66",,,,,,12041
1226,Genesis,GV60,2015,,,,,,"$37,885.51",,,,,,9867
1227,Ferrari,Ferrari EV (2025+),2016,,,,,,"$105,305.58",,,,,,11333
1228,Dacia,Jogger Hybrid,2023,,,,,,"$52,378.44",,,,,,11542
1229,Skoda,Enyaq,2018,,,,,,"$103,913.83",,,,,,7276
1230,Volvo,C40 Recharge,2018,,,,,,"$86,345.09",,,,,,16313
1231,Citroen,Ami,2017,,,,,,"$88,967.06",,,,,,7283
1232,Skoda,Elroq (upcoming),2025,,,,,,"$131,017.74",,,,,,14503
1233,Volkswagen,ID.4,2018,,,,,,"$140,357.12",,,,,,18357
1234,Peugeot,e-2008,2025,,,,,,"$72,448.68",,,,,,1615
1235,Polestar,Polestar 5 (upcoming),2018,,,,,,"$112,040.90",,,,,,7507
1236,Subaru,Solterra,2025,,,,,,"$76,244.01",,,,,,15516
1237,BYD,Dolphin,2016,,,,,,"$68,210.45",,,,,,8770
1238,Audi,A6 e-tron (upcoming),2025,,,,,,"$110,463.03",,,,,,11722
1239,BMW,i7,2015,,,,,,"$48,995.49",,,,,,2942
1240,Subaru,Solterra,2018,,,,,,"$104,436.50",,,,,,15550
1241,Audi,e-tron GT,2021,,,,,,"$148,210.80",,,,,,11112
1242,Ferrari,Ferrari EV (2025+),2023,,,,,,"$130,879.21",,,,,,3004
1243,Opel,Mokka-e,2020,,,,,,"$44,962.71",,,,,,15934
1244,Toyota,Lexus RZ,2024,,,,,,"$115,315.97",,,,,,14262
1245,XPeng,G9,2024,,,,,,"$40,683.23",,,,,,10833
1246,Nissan,Ariya,2018,,,,,,"$100,663.60",,,,,,3601
1247,Ferrari,Ferrari EV (2025+),2020,,,,,,"$35,945.44",,,,,,17334
1248,Changan,Deepal S07,2025,,,,,,"$103,689.78",,,,,,9230
1249,Mini,Mini Cooper SE,2018,,,,,,"$143,051.48",,,,,,3975
1250,Ferrari,Ferrari EV (2025+),2024,,,,,,"$84,106.85",,,,,,18394
1251,Ford,F-150 Lightning,2015,,,,,,"$87,243.36",,,,,,8834
1252,Polestar,Polestar 3,2016,,,,,,"$112,952.63",,,,,,11394
1253,Mazda,Mazda EV (upcoming models),2020,,,,,,"$45,079.31",,,,,,12501
1254,Ford,F-150 Lightning,2024,,,,,,"$123,454.22",,,,,,12832
1255,Pininfarina,Battista,2025,,,,,,"$81,629.29",,,,,,11812
1256,Subaru,Solterra,2019,,,,,,"$56,738.67",,,,,,5163
1257,Peugeot,e-2008,2015,,,,,,"$61,814.78",,,,,,13621
1258,Peugeot,e-5008,2023,,,,,,"$137,662.37",,,,,,2938
1259,Mini,Mini Cooper SE,2022,,,,,,"$34,504.78",,,,,,1537
1260,Mercedes-Benz,EQA,2021,,,,,,"$120,467.00",,,,,,305
1261,Nissan,Leaf,2020,,,,,,"$31,195.30",,,,,,4025
1262,Zeekr,Zeekr 007,2020,,,,,,"$87,406.57",,,,,,9109
1263,BYD,Tang EV,2015,,,,,,"$96,735.43",,,,,,1529
1264,Maserati,GranTurismo Folgore,2022,,,,,,"$116,123.92",,,,,,13552
1265,Mini,Mini Aceman,2022,,,,,,"$112,918.06",,,,,,8641
1266,NIO,ES8,2025,,,,,,"$111,316.59",,,,,,19167
1267,Pininfarina,Battista,2021,,,,,,"$116,964.85",,,,,,6104
1268,Volkswagen,ID.3,2016,,,,,,"$71,598.67",,,,,,14890
1269,Canoo,Pickup,2019,,,,,,"$72,302.61",,,,,,3584
1270,Kia,Niro EV,2017,,,,,,"$59,972.80",,,,,,3702
1271,Porsche,Cayenne Electric (upcoming),2025,,,,,,"$53,082.92",,,,,,14510
1272,Subaru,Solterra,2023,,,,,,"$32,497.15",,,,,,11447
1273,GMC,Hummer EV SUV,2018,,,,,,"$138,452.85",,,,,,10372
1274,Volvo,EX30,2017,,,,,,"$49,202.16",,,,,,2743
1275,Faraday Future,FF 91,2015,,,,,,"$64,300.50",,,,,,10348
1276,Seat,Avenger,2018,,,,,,"$50,683.26",,,,,,8493
1277,MG,MG ZS EV,2025,,,,,,"$42,836.30",,,,,,5145
1278,Canoo,MPDV,2016,,,,,,"$74,653.58",,,,,,17807
1279,Maserati,GranTurismo Folgore,2021,,,,,,"$61,457.27",,,,,,31
1280,VinFast,VF 9,2017,,,,,,"$92,930.09",,,,,,13084
1281,Subaru,Solterra,2024,,,,,,"$43,415.17",,,,,,2095
1282,Mazda,MX-30,2024,,,,,,"$88,271.71",,,,,,14631
1283,Canoo,Pickup,2024,,,,,,"$93,221.51",,,,,,7187
1284,Zeekr,Zeekr 007,2015,,,,,,"$71,740.26",,,,,,126
1285,Acura,ZDX (with GM Ultium),2020,,,,,,"$30,229.32",,,,,,18499
1286,BMW,i3,2022,,,,,,"$120,754.38",,,,,,19969
1287,Skoda,Enyaq,2018,,,,,,"$106,199.97",,,,,,14223
1288,Subaru,Solterra,2015,,,,,,"$57,073.06",,,,,,11446
1289,Changan,Q05,2024,,,,,,"$142,547.47",,,,,,1423
1290,Citroen,Ami,2020,,,,,,"$127,586.24",,,,,,15094
1291,Seat,Avenger,2020,,,,,,"$65,869.03",,,,,,4937
1292,XPeng,P5,2020,,,,,,"$103,396.27",,,,,,16620
1293,Ferrari,SF90 Stradale (PHEV),2020,,,,,,"$31,083.90",,,,,,8785
1294,Great Wall Motors,ORA Good Cat,2024,,,,,,"$98,891.32",,,,,,10059
1295,Skoda,Enyaq Coupe,2019,,,,,,"$39,032.16",,,,,,7947
1296,Changan,Q05,2025,,,,,,"$65,156.08",,,,,,19822
1297,Mini,Mini Aceman,2023,,,,,,"$44,192.11",,,,,,19720
1298,Nissan,Leaf,2019,,,,,,"$30,065.37",,,,,,17722
1299,Polestar,Polestar 5 (upcoming),2019,,,,,,"$133,859.25",,,,,,20
1300,Chevrolet,Volt (PHEV),2021,,,,,,"$32,074.49",,,,,,17739
1301,Mazda,Mazda EV (upcoming models),2022,,,,,,"$139,471.94",,,,,,1023
1302,Acura,ZDX (with GM Ultium),2021,,,,,,"$140,272.08",,,,,,15858
1303,Mini,Mini Cooper SE,2021,,,,,,"$142,799.82",,,,,,19574
1304,Great Wall Motors,ORA Good Cat,2020,,,,,,"$51,696.00",,,,,,14404
1305,Honda,Honda Prologue,2019,,,,,,"$69,081.64",,,,,,17510
1306,Rimac,Nevera,2022,,,,,,"$71,723.78",,,,,,4185
1307,Porsche,Taycan,2016,,,,,,"$106,811.10",,,,,,8073
1308,Fisker,Pear (upcoming),2025,,,,,,"$66,632.86",,,,,,16461
1309,Mahindra,Born Electric (upcoming range),2024,,,,,,"$93,491.16",,,,,,8822
1310,Volvo,EX30,2025,,,,,,"$93,470.93",,,,,,19024
1311,Seat,Avenger,2018,,,,,,"$57,764.16",,,,,,2724
1312,Seat,Avenger,2018,,,,,,"$34,492.15",,,,,,5704
1313,Maserati,GranTurismo Folgore,2018,,,,,,"$112,112.55",,,,,,6969
1314,Renault,5 E-Tech,2022,,,,,,"$97,743.01",,,,,,16271
1315,Peugeot,e-5008,2022,,,,,,"$37,836.53",,,,,,12323
1316,VinFast,VF 9,2019,,,,,,"$43,459.86",,,,,,7666
1317,Dacia,Bigster EV (upcoming),2017,,,,,,"$64,861.13",,,,,,9749
1318,Citroen,Ami,2024,,,,,,"$139,300.64",,,,,,16984
1319,Jaguar,I-PACE,2017,,,,,,"$103,104.33",,,,,,14806
1320,Changan,SL03,2020,,,,,,"$127,306.22",,,,,,17140
1321,Lotus,Eletre,2016,,,,,,"$90,333.30",,,,,,16111
1322,Hyundai,Ioniq 6,2020,,,,,,"$104,063.42",,,,,,1539
1323,Rimac,Nevera,2023,,,,,,"$124,718.24",,,,,,389
1324,Rimac,Nevera,2017,,,,,,"$58,935.73",,,,,,15542
1325,Volkswagen,ID.Buzz,2020,,,,,,"$37,088.50",,,,,,9286
1326,BMW,iX,2019,,,,,,"$71,190.12",,,,,,2584
1327,Seat,Avenger,2023,,,,,,"$59,039.34",,,,,,2960
1328,Acura,ZDX (with GM Ultium),2022,,,,,,"$128,449.36",,,,,,3318
1329,Mazda,MX-30,2021,,,,,,"$139,321.63",,,,,,12393
1330,Tesla,Model X,2018,,,,,,"$60,770.97",,,,,,15133
1331,Acura,ZDX (with GM Ultium),2020,,,,,,"$61,872.12",,,,,,16069
1332,Tesla,Model X,2017,,,,,,"$91,093.22",,,,,,7533
1333,Rimac,Nevera,2015,,,,,,"$78,255.83",,,,,,16569
1334,Citroen,ë-Spacetourer,2024,,,,,,"$72,072.60",,,,,,16087
1335,Changan,Deepal S07,2018,,,,,,"$120,907.08",,,,,,16511
1336,Audi,A6 e-tron (upcoming),2022,,,,,,"$56,693.36",,,,,,7620
1337,Tesla,Cybertruck,2015,,,,,,"$129,108.56",,,,,,1294
1338,Audi,e-tron GT,2018,,,,,,"$46,074.06",,,,,,19384
1339,Toyota,bZ4X,2024,,,,,,"$107,189.59",,,,,,4725
1340,Maserati,GranTurismo Folgore,2015,,,,,,"$76,772.95",,,,,,16253
1341,VinFast,VF 7,2017,,,,,,"$41,961.45",,,,,,3251
1342,NIO,ES6,2015,,,,,,"$108,335.73",,,,,,12809
1343,Renault,5 E-Tech,2016,,,,,,"$85,781.56",,,,,,18451
1344,Nissan,Ariya,2018,,,,,,"$50,599.82",,,,,,2476
1345,NIO,EL7,2017,,,,,,"$140,645.92",,,,,,17929
1346,Great Wall Motors,ORA Good Cat,2022,,,,,,"$47,363.97",,,,,,13019
1347,Ford,E-Transit,2017,,,,,,"$117,908.21",,,,,,5907
1348,GMC,Hummer EV Pickup,2018,,,,,,"$56,957.92",,,,,,18258
1349,Skoda,Enyaq,2019,,,,,,"$34,446.65",,,,,,2979
1350,Faraday Future,FF 91,2023,,,,,,"$126,280.05",,,,,,13805
1351,Rivian,R1S,2021,,,,,,"$61,058.15",,,,,,18499
1352,Ferrari,SF90 Stradale (PHEV),2022,,,,,,"$66,093.06",,,,,,12879
1353,Renault,5 E-Tech,2018,,,,,,"$91,183.38",,,,,,17294
1354,Rimac,Nevera,2021,,,,,,"$149,744.53",,,,,,10775
1355,Rivian,R1T,2015,,,,,,"$65,002.90",,,,,,16913
1356,Ferrari,Ferrari EV (2025+),2016,,,,,,"$144,593.40",,,,,,16202
1357,Changan,Q05,2024,,,,,,"$104,133.11",,,,,,17944
1358,Great Wall Motors,ORA Lightning Cat,2021,,,,,,"$59,884.94",,,,,,3149
1359,Hyundai,Ioniq 6,2016,,,,,,"$69,567.13",,,,,,8512
1360,Tesla,Model S,2020,,,,,,"$33,596.56",,,,,,8956
1361,Zeekr,Zeekr 007,2017,,,,,,"$107,275.49",,,,,,4514
1362,Volvo,EX90,2024,,,,,,"$136,881.95",,,,,,10641
1363,Changan,SL03,2020,,,,,,"$141,666.25",,,,,,18350
1364,Lamborghini,Lanzador (upcoming EV),2016,,,,,,"$124,356.21",,,,,,1038
1365,Changan,Q05,2017,,,,,,"$40,230.37",,,,,,5759
1366,Volkswagen,ID.7,2025,,,,,,"$138,533.93",,,,,,7352
1367,Citroen,ë-Spacetourer,2019,,,,,,"$137,260.04",,,,,,3508
1368,Hyundai,Ioniq 6,2018,,,,,,"$67,095.32",,,,,,13429
1369,Mercedes-Benz,EQE,2020,,,,,,"$110,181.42",,,,,,12695
1370,Seat,Avenger,2017,,,,,,"$79,052.37",,,,,,2638
1371,Mercedes-Benz,EQC,2025,,,,,,"$43,062.37",,,,,,7710
1372,Toyota,bZ4X,2019,,,,,,"$143,696.91",,,,,,11674
1373,Fisker,Pear (upcoming),2024,,,,,,"$63,169.47",,,,,,17914
1374,Hyundai,Ioniq 5,2022,,,,,,"$57,041.68",,,,,,2122
1375,Lotus,Emeya,2024,,,,,,"$133,940.56",,,,,,12159
1376,Lucid Motors,Lucid DreamDrive,2019,,,,,,"$44,215.66",,,,,,16274
1377,Kia,EV9,2015,,,,,,"$83,606.62",,,,,,432
1378,Subaru,Solterra,2016,,,,,,"$100,763.28",,,,,,5098
1379,Skoda,Elroq (upcoming),2024,,,,,,"$107,761.70",,,,,,3947
1380,Rivian,R1S,2020,,,,,,"$140,714.88",,,,,,4508
1381,Cadillac,Lyriq,2018,,,,,,"$96,302.98",,,,,,19520
1382,Acura,ZDX (with GM Ultium),2019,,,,,,"$130,500.15",,,,,,5965
1383,Lamborghini,Revuelto (PHEV),2025,,,,,,"$146,433.67",,,,,,6988
1384,Porsche,Macan EV,2016,,,,,,"$121,610.20",,,,,,14499
1385,Skoda,Enyaq Coupe,2016,,,,,,"$147,905.13",,,,,,9771
1386,NIO,ET7,2015,,,,,,"$147,507.02",,,,,,3686
1387,Maserati,Grecale Folgore,2024,,,,,,"$56,446.88",,,,,,506
1388,Volvo,XC40 Recharge,2017,,,,,,"$73,767.41",,,,,,7572
1389,GMC,Hummer EV SUV,2018,,,,,,"$128,422.25",,,,,,16566
1390,VinFast,VF 9,2016,,,,,,"$121,790.20",,,,,,3227
1391,Volvo,EX30,2024,,,,,,"$75,165.67",,,,,,618
1392,Mazda,Mazda EV (upcoming models),2021,,,,,,"$85,509.12",,,,,,16385
1393,Jaguar,I-PACE,2021,,,,,,"$106,946.08",,,,,,7479
1394,Nissan,Leaf,2022,,,,,,"$68,918.11",,,,,,17304
1395,Ford,Explorer EV (Europe),2017,,,,,,"$81,433.29",,,,,,6767
1396,Rivian,EDV (Electric Delivery Van),2023,,,,,,"$45,045.64",,,,,,989
1397,Lotus,Evija,2021,,,,,,"$123,620.65",,,,,,4744
1398,Lucid Motors,Lucid DreamDrive,2021,,,,,,"$83,924.64",,,,,,1893
1399,Great Wall Motors,ORA Ballet Cat,2024,,,,,,"$49,054.23",,,,,,4822
1400,Great Wall Motors,ORA Good Cat,2021,,,,,,"$114,739.99",,,,,,16059
1401,Cadillac,Lyriq,2022,,,,,,"$135,964.91",,,,,,12281
1402,Kia,EV9,2024,,,,,,"$137,818.65",,,,,,8720
1403,Skoda,Enyaq Coupe,2019,,,,,,"$134,202.18",,,,,,13109
1404,Geely,Geometry A,2020,,,,,,"$55,041.43",,,,,,14436
1405,Ferrari,Roma PHEV,2022,,,,,,"$144,948.33",,,,,,18023
1406,Kia,Niro EV,2024,,,,,,"$89,190.75",,,,,,1564
1407,Opel,Grandland Electric,2021,,,,,,"$107,505.80",,,,,,19271
1408,Honda,Honda e (discontinued),2025,,,,,,"$95,535.79",,,,,,5558
1409,Maserati,Grecale Folgore,2025,,,,,,"$49,908.47",,,,,,9158
1410,Maserati,Grecale Folgore,2024,,,,,,"$59,671.94",,,,,,12263
1411,Faraday Future,FF 91,2020,,,,,,"$64,041.59",,,,,,9333
1412,VinFast,VF 7,2024,,,,,,"$65,345.19",,,,,,17609
1413,Fisker,Ocean,2016,,,,,,"$40,855.90",,,,,,19698
1414,Volkswagen,ID.3,2016,,,,,,"$87,734.65",,,,,,5972
1415,Opel,Mokka-e,2025,,,,,,"$148,318.04",,,,,,7506
1416,Great Wall Motors,ORA Lightning Cat,2018,,,,,,"$62,888.34",,,,,,3371
1417,Seat,Avenger,2024,,,,,,"$98,529.83",,,,,,5446
1418,Kia,Soul EV,2020,,,,,,"$41,290.46",,,,,,1617
1419,Geely,Geometry C,2024,,,,,,"$45,221.98",,,,,,8335
1420,Faraday Future,FF 91,2023,,,,,,"$95,127.79",,,,,,7683
1421,Jeep,Recon (upcoming),2020,,,,,,"$86,072.39",,,,,,16497
1422,Peugeot,e-2008,2023,,,,,,"$87,339.11",,,,,,19152
1423,BYD,Seal,2018,,,,,,"$39,618.37",,,,,,3482
1424,Porsche,Panamera EV,2025,,,,,,"$96,296.48",,,,,,5555
1425,Polestar,Polestar 4,2016,,,,,,"$102,658.14",,,,,,8
1426,Pininfarina,Battista,2024,,,,,,"$64,204.84",,,,,,18839
1427,Polestar,Polestar 4,2018,,,,,,"$85,641.64",,,,,,17330
1428,Changan,Deepal S07,2025,,,,,,"$112,210.48",,,,,,17226
1429,Fisker,Ocean,2015,,,,,,"$80,839.11",,,,,,13446
1430,Tesla,Roadster (upcoming),2024,,,,,,"$142,642.95",,,,,,6443
1431,Porsche,Cayenne Electric (upcoming),2022,,,,,,"$80,426.79",,,,,,5900
1432,Chevrolet,Volt (PHEV),2021,,,,,,"$96,057.48",,,,,,9823
1433,Porsche,Taycan,2017,,,,,,"$62,078.29",,,,,,16416
1434,Ferrari,Roma PHEV,2022,,,,,,"$65,210.63",,,,,,18606
1435,Toyota,Lexus UX 300e,2022,,,,,,"$31,450.55",,,,,,15784
1436,Toyota,bZ4X,2016,,,,,,"$102,408.71",,,,,,14003
1437,Subaru,Solterra,2025,,,,,,"$90,622.66",,,,,,17767
1438,Genesis,GV80 Electric,2021,,,,,,"$135,220.69",,,,,,2855
1439,BYD,Atto 3,2024,,,,,,"$140,940.34",,,,,,14890
1440,Lamborghini,Lanzador (upcoming EV),2015,,,,,,"$81,408.56",,,,,,16685
1441,Rivian,R1T,2021,,,,,,"$78,546.18",,,,,,15577
1442,Genesis,GV80 Electric,2016,,,,,,"$90,848.00",,,,,,12688
1443,Citroen,ë-C4,2024,,,,,,"$113,231.94",,,,,,10572
1444,Mini,Mini Aceman,2019,,,,,,"$37,041.92",,,,,,14509
1445,Li Auto,MEGA,2018,,,,,,"$49,543.12",,,,,,2624
1446,Ferrari,Ferrari EV (2025+),2017,,,,,,"$145,893.06",,,,,,17494
1447,Canoo,Pickup,2024,,,,,,"$54,749.62",,,,,,7779
1448,Subaru,Solterra,2016,,,,,,"$149,266.07",,,,,,65
1449,Honda,Honda e (discontinued),2023,,,,,,"$91,515.56",,,,,,2468
1450,Renault,Megane E-Tech,2021,,,,,,"$75,228.62",,,,,,19002
1451,Kia,EV9,2025,,,,,,"$108,485.87",,,,,,15596
1452,Cadillac,Lyriq,2021,,,,,,"$91,581.30",,,,,,5426
1453,Li Auto,L8,2025,,,,,,"$69,149.88",,,,,,18512
1454,Genesis,G80 Electric,2025,,,,,,"$101,080.36",,,,,,13308
1455,Volkswagen,ID.3,2023,,,,,,"$44,405.63",,,,,,9195
1456,Rivian,R1S,2024,,,,,,"$92,630.48",,,,,,4672
1457,Mercedes-Benz,EQE SUV,2018,,,,,,"$48,745.21",,,,,,14789
1458,Canoo,MPDV,2015,,,,,,"$140,194.90",,,,,,1377
1459,Fisker,Ocean,2021,,,,,,"$123,466.14",,,,,,17917
1460,Jaguar,I-PACE,2024,,,,,,"$115,476.02",,,,,,13213
1461,Cadillac,Optiq (upcoming),2023,,,,,,"$67,249.43",,,,,,8407
1462,Cadillac,Optiq (upcoming),2021,,,,,,"$80,034.35",,,,,,12352
1463,Jeep,Grand Cherokee 4xe (PHEV),2024,,,,,,"$120,179.48",,,,,,14776
1464,Porsche,Panamera EV,2021,,,,,,"$35,862.69",,,,,,6212
1465,Hyundai,Ioniq 5,2017,,,,,,"$35,960.44",,,,,,9992
1466,Genesis,GV70 Electric,2015,,,,,,"$44,185.05",,,,,,15403
1467,Chevrolet,Equinox EV,2024,,,,,,"$119,073.94",,,,,,4958
1468,Lotus,Eletre,2018,,,,,,"$81,372.86",,,,,,18624
1469,Canoo,Lifestyle Vehicle,2025,,,,,,"$40,221.01",,,,,,17242
1470,Ferrari,Roma PHEV,2022,,,,,,"$30,807.31",,,,,,6362
1471,Mini,Mini Aceman,2020,,,,,,"$89,504.17",,,,,,13731
1472,Citroen,Ami,2025,,,,,,"$119,305.30",,,,,,15060
1473,Lucid Motors,Lucid Gravity,2017,,,,,,"$64,393.34",,,,,,13630
1474,Opel,Corsa-e,2020,,,,,,"$86,452.32",,,,,,18263
1475,Hyundai,Ioniq 7 (upcoming),2018,,,,,,"$72,201.03",,,,,,16675
1476,Fisker,Pear (upcoming),2023,,,,,,"$130,220.14",,,,,,3832
1477,BMW,iX3,2022,,,,,,"$59,499.59",,,,,,602
1478,Cadillac,Optiq (upcoming),2023,,,,,,"$100,627.96",,,,,,17825
1479,XPeng,G9,2025,,,,,,"$31,493.71",,,,,,9256
1480,Zeekr,Zeekr X,2018,,,,,,"$36,659.25",,,,,,16620
1481,Citroen,ë-Spacetourer,2022,,,,,,"$35,107.21",,,,,,17722
1482,Canoo,MPDV,2025,,,,,,"$53,963.06",,,,,,18138
1483,Lamborghini,Revuelto (PHEV),2020,,,,,,"$43,372.61",,,,,,5207
1484,Nissan,Ariya,2018,,,,,,"$144,236.76",,,,,,4508
1485,Lucid Motors,Lucid Air,2022,,,,,,"$98,675.39",,,,,,13375
1486,Li Auto,L8,2018,,,,,,"$73,596.25",,,,,,12254
1487,Canoo,MPDV,2022,,,,,,"$141,375.16",,,,,,12155
1488,Volkswagen,ID.Buzz,2023,,,,,,"$30,961.71",,,,,,3875
1489,BMW,iX3,2018,,,,,,"$61,475.08",,,,,,19577
1490,Volvo,XC40 Recharge,2024,,,,,,"$104,793.72",,,,,,9675
1491,Rimac,Nevera,2019,,,,,,"$119,659.99",,,,,,18266
1492,Acura,ZDX (with GM Ultium),2023,,,,,,"$64,007.22",,,,,,19566
1493,BYD,Tang EV,2016,,,,,,"$75,586.34",,,,,,13862
1494,Geely,Geometry A,2019,,,,,,"$78,732.60",,,,,,12270
1495,Skoda,Enyaq,2016,,,,,,"$127,075.60",,,,,,4225
1496,Honda,Honda Prologue,2016,,,,,,"$61,841.79",,,,,,10481
1497,Changan,Q05,2015,,,,,,"$141,888.71",,,,,,13258
1498,Rivian,R1S,2020,,,,,,"$68,672.30",,,,,,12263
1499,Changan,SL03,2017,,,,,,"$126,154.66",,,,,,5372
1500,Cadillac,Celestiq,2021,,,,,,"$102,444.53",,,,,,9473
1501,Chevrolet,Bolt EUV,2023,,,,,,"$142,172.56",,,,,,15512
1502,GMC,Hummer EV Pickup,2018,,,,,,"$58,595.82",,,,,,13870
1503,Lucid Motors,Lucid Air,2017,,,,,,"$89,357.28",,,,,,15835
1504,Canoo,Pickup,2016,,,,,,"$76,680.48",,,,,,18058
1505,Jaguar,I-PACE,2015,,,,,,"$55,613.29",,,,,,4203
1506,Geely,Geometry C,2022,,,,,,"$90,747.84",,,,,,14514
1507,Rivian,EDV (Electric Delivery Van),2020,,,,,,"$67,583.03",,,,,,1231
1508,Great Wall Motors,ORA Ballet Cat,2019,,,,,,"$111,047.70",,,,,,4512
1509,Ferrari,SF90 Stradale (PHEV),2021,,,,,,"$78,580.56",,,,,,8597
1510,Renault,Megane E-Tech,2019,,,,,,"$55,063.89",,,,,,18819
1511,Dacia,Bigster EV (upcoming),2024,,,,,,"$118,811.14",,,,,,6800
1512,Canoo,Pickup,2021,,,,,,"$60,871.19",,,,,,17487
1513,Audi,e-tron,2020,,,,,,"$31,954.04",,,,,,4504
1514,Canoo,MPDV,2023,,,,,,"$129,205.31",,,,,,2104
1515,Opel,Grandland Electric,2023,,,,,,"$107,155.20",,,,,,2208
1516,Lotus,Eletre,2021,,,,,,"$60,650.14",,,,,,8880
1517,Nissan,Ariya,2023,,,,,,"$125,613.57",,,,,,5051
1518,XPeng,P7,2015,,,,,,"$76,102.93",,,,,,14733
1519,MG,MG ES5,2019,,,,,,"$120,192.95",,,,,,224
1520,NIO,EL7,2020,,,,,,"$36,898.78",,,,,,9913
1521,Audi,A6 e-tron (upcoming),2024,,,,,,"$131,763.61",,,,,,7647
1522,Canoo,Pickup,2015,,,,,,"$35,469.82",,,,,,13474
1523,Porsche,Taycan,2020,,,,,,"$103,045.60",,,,,,2169
1524,Great Wall Motors,ORA Ballet Cat,2022,,,,,,"$62,728.32",,,,,,431
1525,Rimac,Nevera,2022,,,,,,"$89,057.16",,,,,,8231
1526,Nissan,Ariya,2024,,,,,,"$147,910.92",,,,,,7643
1527,Fisker,Ocean,2020,,,,,,"$131,326.08",,,,,,9361
1528,Zeekr,Zeekr 007,2020,,,,,,"$38,003.24",,,,,,16412
1529,Citroen,Ami,2017,,,,,,"$126,717.71",,,,,,14069
1530,Peugeot,e-3008,2023,,,,,,"$80,398.80",,,,,,81
1531,XPeng,G6,2024,,,,,,"$147,807.12",,,,,,11855
1532,Ferrari,Roma PHEV,2021,,,,,,"$141,342.13",,,,,,16468
1533,Nissan,Leaf,2017,,,,,,"$127,506.17",,,,,,14680
1534,Mini,Mini Aceman,2019,,,,,,"$38,472.16",,,,,,17846
1535,GMC,Hummer EV Pickup,2022,,,,,,"$37,776.24",,,,,,12799
1536,XPeng,X9,2018,,,,,,"$93,014.84",,,,,,3564
1537,Jaguar,I-PACE,2025,,,,,,"$98,048.69",,,,,,16736
1538,Canoo,Lifestyle Vehicle,2025,,,,,,"$121,251.01",,,,,,4808
1539,Lamborghini,Revuelto (PHEV),2021,,,,,,"$114,772.81",,,,,,10360
1540,Li Auto,MEGA,2020,,,,,,"$52,921.07",,,,,,5597
1541,Rivian,R1T,2020,,,,,,"$138,608.20",,,,,,7295
1542,Toyota,Lexus UX 300e,2019,,,,,,"$39,161.99",,,,,,7432
1543,VinFast,VF 8,2015,,,,,,"$120,006.24",,,,,,14627
1544,BMW,iX,2018,,,,,,"$91,485.37",,,,,,7598
1545,Renault,Kangoo E-Tech,2019,,,,,,"$103,578.72",,,,,,19080
1546,BYD,Dolphin,2017,,,,,,"$58,022.57",,,,,,18511
1547,Pininfarina,Battista,2025,,,,,,"$66,010.31",,,,,,8108
1548,Zeekr,Zeekr 007,2015,,,,,,"$131,587.08",,,,,,11689
1549,Mazda,MX-30,2025,,,,,,"$83,034.41",,,,,,18498
1550,Audi,Q4 e-tron,2016,,,,,,"$76,392.48",,,,,,9430
1551,Peugeot,e-2008,2024,,,,,,"$106,430.63",,,,,,11399
1552,Nissan,Ariya,2017,,,,,,"$85,161.56",,,,,,4572
1553,Peugeot,e-5008,2018,,,,,,"$131,883.56",,,,,,2371
1554,Renault,Kangoo E-Tech,2021,,,,,,"$118,844.33",,,,,,9046
1555,Jaguar,I-PACE,2019,,,,,,"$72,055.42",,,,,,1721
1556,Lamborghini,Lanzador (upcoming EV),2018,,,,,,"$100,146.78",,,,,,11665
1557,Citroen,ë-C4,2025,,,,,,"$61,524.98",,,,,,10596
1558,Porsche,Panamera EV,2020,,,,,,"$141,043.15",,,,,,18765
1559,Subaru,Solterra,2018,,,,,,"$117,745.81",,,,,,11717
1560,Jaguar,I-PACE,2024,,,,,,"$46,081.57",,,,,,14268
1561,Kia,Niro EV,2015,,,,,,"$116,770.40",,,,,,3017
1562,Honda,e:Ny1,2021,,,,,,"$31,773.86",,,,,,13283
1563,Lotus,Emeya,2021,,,,,,"$78,785.54",,,,,,8008
1564,Audi,Q4 e-tron,2019,,,,,,"$36,335.26",,,,,,10981
1565,Nissan,Ariya,2017,,,,,,"$48,408.30",,,,,,19294
1566,Ford,Mustang Mach-E,2016,,,,,,"$118,822.63",,,,,,10469
1567,Jeep,Grand Cherokee 4xe (PHEV),2017,,,,,,"$33,303.76",,,,,,10051
1568,Volvo,XC40 Recharge,2018,,,,,,"$144,642.82",,,,,,9283
1569,Volkswagen,ID.4,2019,,,,,,"$81,383.62",,,,,,1786
1570,Faraday Future,FF 91,2018,,,,,,"$134,036.35",,,,,,15463
1571,Fisker,Pear (upcoming),2016,,,,,,"$69,901.87",,,,,,16741
1572,GMC,Hummer EV SUV,2021,,,,,,"$78,518.37",,,,,,14231
1573,Rimac,Nevera,2020,,,,,,"$106,054.84",,,,,,12722
1574,Jeep,Grand Cherokee 4xe (PHEV),2019,,,,,,"$133,609.35",,,,,,8894
1575,Mini,Mini Cooper SE,2021,,,,,,"$99,330.14",,,,,,7745
1576,Cadillac,Optiq (upcoming),2025,,,,,,"$90,011.17",,,,,,957
1577,Nissan,Ariya,2018,,,,,,"$123,001.86",,,,,,18149
1578,Nissan,Leaf,2021,,,,,,"$44,698.33",,,,,,13004
1579,Rimac,Nevera,2017,,,,,,"$114,303.75",,,,,,19171
1580,Acura,ZDX (with GM Ultium),2015,,,,,,"$109,793.25",,,,,,18584
1581,Hyundai,Ioniq 7 (upcoming),2022,,,,,,"$56,480.84",,,,,,902
1582,XPeng,G6,2024,,,,,,"$39,756.46",,,,,,15795
1583,Faraday Future,FF 91,2025,,,,,,"$97,602.21",,,,,,14226
1584,Cadillac,Lyriq,2015,,,,,,"$31,250.63",,,,,,816
1585,Subaru,Solterra,2015,,,,,,"$141,099.55",,,,,,1296
1586,Mazda,MX-30,2016,,,,,,"$61,335.98",,,,,,15664
1587,Mini,Mini Electric,2022,,,,,,"$95,225.42",,,,,,16236
1588,Rivian,R1T,2016,,,,,,"$66,414.61",,,,,,3015
1589,Volkswagen,ID.2all,2023,,,,,,"$88,149.47",,,,,,12075
1590,NIO,ES7,2021,,,,,,"$106,458.26",,,,,,9380
1591,Polestar,Polestar 3,2016,,,,,,"$39,888.14",,,,,,6079
1592,Audi,Q8 e-tron,2023,,,,,,"$51,060.04",,,,,,15943
1593,Faraday Future,FF 91,2022,,,,,,"$139,788.17",,,,,,7238
1594,Nissan,Ariya,2016,,,,,,"$71,744.17",,,,,,6036
1595,Acura,ZDX (with GM Ultium),2022,,,,,,"$33,106.84",,,,,,8993
1596,Volvo,XC40 Recharge,2021,,,,,,"$61,281.24",,,,,,13495
1597,Maserati,Grecale Folgore,2025,,,,,,"$94,355.84",,,,,,5286
1598,Volvo,C40 Recharge,2023,,,,,,"$94,326.00",,,,,,19513
1599,Chevrolet,Bolt EV,2019,,,,,,"$126,304.05",,,,,,973
1600,Lucid Motors,Lucid Gravity,2022,,,,,,"$30,918.69",,,,,,18236
1601,Cadillac,Celestiq,2023,,,,,,"$32,847.56",,,,,,10909
1602,VinFast,VFe34 (discontinued),2016,,,,,,"$125,984.09",,,,,,19996
1603,Nissan,Ariya,2018,,,,,,"$57,281.34",,,,,,14569
1604,Polestar,Polestar 5 (upcoming),2024,,,,,,"$144,938.60",,,,,,9117
1605,Ferrari,Ferrari EV (2025+),2015,,,,,,"$35,860.67",,,,,,12362
1606,Renault,Megane E-Tech,2021,,,,,,"$62,804.21",,,,,,7296
1607,Mini,Mini Aceman,2016,,,,,,"$56,394.24",,,,,,13034
1608,Toyota,Lexus RZ,2022,,,,,,"$135,172.73",,,,,,5705
1609,Subaru,Solterra,2015,,,,,,"$116,417.55",,,,,,10332
1610,Mazda,MX-30,2021,,,,,,"$63,306.05",,,,,,4731
1611,VinFast,VF 8,2025,,,,,,"$68,659.02",,,,,,4581
1612,Zeekr,Zeekr 007,2017,,,,,,"$41,905.05",,,,,,15204
1613,Opel,Corsa-e,2016,,,,,,"$75,893.97",,,,,,1081
1614,Jaguar,I-PACE,2024,,,,,,"$48,146.85",,,,,,6935
1615,GMC,Hummer EV Pickup,2022,,,,,,"$107,535.32",,,,,,12339
1616,Dacia,Bigster EV (upcoming),2022,,,,,,"$67,092.52",,,,,,9360
1617,Renault,5 E-Tech,2017,,,,,,"$86,246.77",,,,,,9435
1618,Geely,Geometry A,2016,,,,,,"$103,713.46",,,,,,11140
1619,Fisker,Ocean,2025,,,,,,"$33,180.33",,,,,,13329
1620,Audi,A6 e-tron (upcoming),2015,,,,,,"$105,127.63",,,,,,6700
1621,Polestar,Polestar 3,2017,,,,,,"$38,593.48",,,,,,13568
1622,Mahindra,XUV400,2016,,,,,,"$34,805.09",,,,,,18500
1623,Ford,F-150 Lightning,2016,,,,,,"$105,164.29",,,,,,8449
1624,Mahindra,XUV400,2025,,,,,,"$70,899.27",,,,,,993
1625,Faraday Future,FF 91,2017,,,,,,"$133,895.84",,,,,,10352
1626,Volvo,C40 Recharge,2022,,,,,,"$76,308.34",,,,,,5396
1627,Canoo,MPDV,2019,,,,,,"$105,056.91",,,,,,12552
1628,Pininfarina,Battista,2017,,,,,,"$120,083.26",,,,,,14445
1629,Opel,Corsa-e,2019,,,,,,"$99,063.36",,,,,,4828
1630,Mazda,Mazda EV (upcoming models),2022,,,,,,"$71,386.67",,,,,,1701
1631,Nissan,Leaf,2018,,,,,,"$96,660.07",,,,,,1838
1632,Seat,Avenger,2020,,,,,,"$117,581.26",,,,,,13970
1633,Tesla,Model S,2016,,,,,,"$143,897.80",,,,,,6669
1634,Citroen,ë-C4,2021,,,,,,"$124,798.03",,,,,,6777
1635,Tesla,Model X,2025,,,,,,"$135,204.97",,,,,,18620
1636,BMW,i3,2018,,,,,,"$141,663.41",,,,,,12828
1637,Great Wall Motors,ORA Lightning Cat,2023,,,,,,"$35,854.51",,,,,,2232
1638,Mazda,MX-30,2019,,,,,,"$70,791.66",,,,,,16877
1639,Rivian,R1S,2019,,,,,,"$104,935.85",,,,,,3604
1640,Canoo,Pickup,2023,,,,,,"$85,510.76",,,,,,6691
1641,Seat,Avenger,2021,,,,,,"$125,859.98",,,,,,14370
1642,Jeep,Grand Cherokee 4xe (PHEV),2025,,,,,,"$116,330.06",,,,,,17665
1643,Jeep,Wagoneer S,2021,,,,,,"$144,222.64",,,,,,4653
1644,Changan,Q05,2022,,,,,,"$62,122.16",,,,,,6632
1645,Ford,E-Transit,2018,,,,,,"$76,109.84",,,,,,12156
1646,Dacia,Jogger Hybrid,2017,,,,,,"$81,176.29",,,,,,17536
1647,Great Wall Motors,ORA Good Cat,2015,,,,,,"$115,802.95",,,,,,3960
1648,Mazda,MX-30,2020,,,,,,"$123,627.93",,,,,,4638
1649,Toyota,bZ4X,2018,,,,,,"$145,717.44",,,,,,13998
1650,Skoda,Elroq (upcoming),2024,,,,,,"$82,140.30",,,,,,19968
1651,Skoda,Enyaq Coupe,2023,,,,,,"$103,799.19",,,,,,11944
1652,Opel,Mokka-e,2024,,,,,,"$99,534.65",,,,,,9322
1653,Mini,Mini Electric,2021,,,,,,"$100,409.26",,,,,,13007
1654,Ford,Explorer EV (Europe),2015,,,,,,"$98,618.47",,,,,,7230
1655,Mazda,MX-30,2020,,,,,,"$98,454.60",,,,,,16559
1656,Acura,ZDX (with GM Ultium),2019,,,,,,"$54,920.21",,,,,,4652
1657,XPeng,X9,2020,,,,,,"$89,767.20",,,,,,4628
1658,Maserati,GranTurismo Folgore,2025,,,,,,"$68,355.55",,,,,,3753
1659,Genesis,GV70 Electric,2015,,,,,,"$68,432.19",,,,,,2929
1660,BMW,iX3,2015,,,,,,"$83,204.07",,,,,,5684
1661,Genesis,GV70 Electric,2020,,,,,,"$143,199.02",,,,,,7229
1662,Geely,Geometry C,2021,,,,,,"$139,942.80",,,,,,14060
1663,Audi,Q4 e-tron,2024,,,,,,"$131,616.50",,,,,,11431
1664,Lamborghini,Revuelto (PHEV),2025,,,,,,"$54,336.36",,,,,,10106
1665,Mini,Mini Cooper SE,2024,,,,,,"$120,896.17",,,,,,16228
1666,XPeng,G6,2025,,,,,,"$58,342.50",,,,,,12992
1667,Mercedes-Benz,G-Class Electric (upcoming),2021,,,,,,"$83,262.39",,,,,,13011
1668,XPeng,G9,2017,,,,,,"$99,693.62",,,,,,15737
1669,Ford,Explorer EV (Europe),2020,,,,,,"$130,632.55",,,,,,2373
1670,Mazda,MX-30,2022,,,,,,"$96,172.33",,,,,,12991
1671,Faraday Future,FF 91,2023,,,,,,"$67,004.38",,,,,,19774
1672,Honda,Honda Prologue,2024,,,,,,"$136,679.23",,,,,,4629
1673,Lucid Motors,Lucid Air,2016,,,,,,"$37,656.94",,,,,,13156
1674,Genesis,GV80 Electric,2017,,,,,,"$55,298.47",,,,,,16334
1675,Lucid Motors,Lucid Air,2017,,,,,,"$80,816.94",,,,,,9446
1676,Seat,Avenger,2022,,,,,,"$143,524.45",,,,,,12465
1677,Mahindra,XUV400,2020,,,,,,"$69,636.76",,,,,,13724
1678,MG,MG4 Electric,2025,,,,,,"$97,387.72",,,,,,5243
1679,Mahindra,XUV400,2021,,,,,,"$33,515.82",,,,,,9526
1680,Mercedes-Benz,EQS SUV,2024,,,,,,"$134,552.10",,,,,,779
1681,VinFast,VF 8,2020,,,,,,"$93,841.40",,,,,,19775
1682,Ferrari,SF90 Stradale (PHEV),2022,,,,,,"$131,344.36",,,,,,7919
1683,Nissan,Leaf,2021,,,,,,"$111,190.09",,,,,,3087
1684,Rivian,R1S,2018,,,,,,"$122,613.44",,,,,,6163
1685,Faraday Future,FF 91,2016,,,,,,"$134,272.47",,,,,,12461
1686,Faraday Future,FF 91,2016,,,,,,"$53,092.66",,,,,,1342
1687,Canoo,MPDV,2016,,,,,,"$138,225.25",,,,,,1024
1688,Volkswagen,ID.6,2017,,,,,,"$83,071.42",,,,,,12273
1689,Renault,5 E-Tech,2021,,,,,,"$60,904.63",,,,,,1940
1690,Ferrari,SF90 Stradale (PHEV),2016,,,,,,"$58,184.56",,,,,,10183
1691,Chevrolet,Volt (PHEV),2024,,,,,,"$114,467.86",,,,,,9188
1692,Canoo,MPDV,2023,,,,,,"$40,854.18",,,,,,9757
1693,Chevrolet,Bolt EUV,2023,,,,,,"$45,901.75",,,,,,10853
1694,Jeep,Wrangler 4xe (PHEV),2019,,,,,,"$114,869.76",,,,,,1249
1695,Genesis,GV70 Electric,2025,,,,,,"$78,960.03",,,,,,12773
1696,Faraday Future,FF 91,2022,,,,,,"$46,950.55",,,,,,5099
1697,Kia,Niro EV,2021,,,,,,"$111,527.69",,,,,,14785
1698,Tesla,Model Y,2025,,,,,,"$53,579.61",,,,,,12362
1699,Faraday Future,FF 91,2023,,,,,,"$67,161.43",,,,,,1547
1700,Genesis,GV60,2019,,,,,,"$112,181.29",,,,,,13892
1701,MG,MG ZS EV,2015,,,,,,"$38,600.51",,,,,,17874
1702,Mercedes-Benz,EQE,2015,,,,,,"$58,325.51",,,,,,12672
1703,Jaguar,I-PACE,2018,,,,,,"$114,169.65",,,,,,15928
1704,Great Wall Motors,ORA Good Cat,2015,,,,,,"$116,072.57",,,,,,18370
1705,VinFast,VF 6,2025,,,,,,"$56,002.99",,,,,,8677
1706,Subaru,Solterra,2019,,,,,,"$77,451.35",,,,,,7743
1707,Geely,Emgrand EV,2025,,,,,,"$131,574.88",,,,,,14438
1708,Volvo,XC40 Recharge,2020,,,,,,"$131,528.08",,,,,,9459
1709,NIO,ET7,2019,,,,,,"$80,911.55",,,,,,13634
1710,Skoda,Enyaq Coupe,2017,,,,,,"$57,211.71",,,,,,8582
1711,Nissan,Ariya,2021,,,,,,"$138,287.29",,,,,,9119
1712,Volvo,EX90,2025,,,,,,"$112,811.43",,,,,,19459
1713,Mini,Mini Aceman,2017,,,,,,"$63,619.15",,,,,,3086
1714,Maserati,GranTurismo Folgore,2017,,,,,,"$53,109.55",,,,,,1750
1715,Pininfarina,Battista,2023,,,,,,"$87,247.72",,,,,,3488
1716,Jaguar,I-PACE,2019,,,,,,"$72,713.54",,,,,,14177
1717,Mahindra,XUV400,2025,,,,,,"$59,190.48",,,,,,11547
1718,Canoo,Lifestyle Vehicle,2021,,,,,,"$139,662.71",,,,,,19332
1719,Jeep,Wrangler 4xe (PHEV),2021,,,,,,"$54,861.78",,,,,,5627
1720,NIO,ES6,2018,,,,,,"$103,670.43",,,,,,19728
1721,Polestar,Polestar 5 (upcoming),2025,,,,,,"$123,182.99",,,,,,19585
1722,Lamborghini,Revuelto (PHEV),2017,,,,,,"$48,495.26",,,,,,19667
1723,Peugeot,e-2008,2020,,,,,,"$134,117.56",,,,,,3981
1724,Maserati,GranTurismo Folgore,2018,,,,,,"$54,949.10",,,,,,19762
1725,Tesla,Model Y,2024,,,,,,"$104,611.49",,,,,,17641
1726,Volkswagen,ID.Buzz,2019,,,,,,"$85,308.27",,,,,,6756
1727,GMC,Hummer EV SUV,2018,,,,,,"$44,522.87",,,,,,5624
1728,Mercedes-Benz,EQA,2016,,,,,,"$37,359.71",,,,,,3084
1729,Kia,EV6,2019,,,,,,"$148,229.97",,,,,,19691
1730,Geely,Geometry C,2020,,,,,,"$91,770.46",,,,,,18872
1731,Kia,EV6,2022,,,,,,"$86,094.97",,,,,,1828
1732,Canoo,Lifestyle Vehicle,2021,,,,,,"$53,956.08",,,,,,1154
1733,Porsche,Macan EV,2022,,,,,,"$123,044.13",,,,,,2143
1734,Canoo,MPDV,2018,,,,,,"$66,665.25",,,,,,6154
1735,Li Auto,L8,2018,,,,,,"$60,882.51",,,,,,8336
1736,Chevrolet,Equinox EV,2021,,,,,,"$59,890.72",,,,,,682
1737,Toyota,bZ4X,2020,,,,,,"$121,094.19",,,,,,270
1738,Ferrari,Roma PHEV,2024,,,,,,"$102,112.77",,,,,,17138
1739,Tesla,Model S,2024,,,,,,"$143,944.79",,,,,,12363
1740,Zeekr,Zeekr 007,2022,,,,,,"$79,029.96",,,,,,19144
1741,Hyundai,Ioniq 6,2024,,,,,,"$55,787.14",,,,,,12851
1742,Fisker,Pear (upcoming),2021,,,,,,"$117,356.56",,,,,,5921
1743,Mazda,MX-30,2020,,,,,,"$147,168.59",,,,,,18894
1744,Mahindra,Born Electric (upcoming range),2019,,,,,,"$125,448.57",,,,,,14604
1745,Subaru,Solterra,2017,,,,,,"$134,555.19",,,,,,13476
1746,Lotus,Evija,2019,,,,,,"$134,180.69",,,,,,2771
1747,Opel,Corsa-e,2017,,,,,,"$126,781.50",,,,,,4830
1748,Mahindra,Born Electric (upcoming range),2020,,,,,,"$76,474.95",,,,,,9962
1749,Mazda,MX-30,2025,,,,,,"$116,247.70",,,,,,14409
1750,Li Auto,L7,2022,,,,,,"$56,380.90",,,,,,13548
1751,NIO,ES6,2021,,,,,,"$138,207.46",,,,,,8933
1752,Mazda,MX-30,2019,,,,,,"$131,813.00",,,,,,12756
1753,Li Auto,MEGA,2019,,,,,,"$87,602.22",,,,,,2892
1754,Rimac,Nevera,2018,,,,,,"$107,201.97",,,,,,11700
1755,MG,MG4 Electric,2018,,,,,,"$147,982.91",,,,,,6562
1756,Volkswagen,ID.6,2021,,,,,,"$34,418.30",,,,,,8045
1757,Jeep,Wagoneer S,2021,,,,,,"$149,234.21",,,,,,14674
1758,XPeng,P5,2016,,,,,,"$41,161.13",,,,,,19121
1759,XPeng,P5,2023,,,,,,"$115,441.78",,,,,,2221
1760,Dacia,Jogger Hybrid,2018,,,,,,"$52,312.30",,,,,,17531
1761,Porsche,Macan EV,2016,,,,,,"$93,832.09",,,,,,19358
1762,Honda,Honda Prologue,2023,,,,,,"$129,313.66",,,,,,5455
1763,Volvo,EX90,2025,,,,,,"$141,080.54",,,,,,2501
1764,Skoda,Enyaq,2015,,,,,,"$143,361.17",,,,,,17628
1765,Acura,ZDX (with GM Ultium),2016,,,,,,"$126,807.74",,,,,,5597
1766,NIO,ES8,2020,,,,,,"$71,419.42",,,,,,7220
1767,Maserati,Grecale Folgore,2023,,,,,,"$145,262.08",,,,,,10215
1768,Kia,EV6,2024,,,,,,"$118,260.66",,,,,,9672
1769,Hyundai,Ioniq 6,2021,,,,,,"$72,763.02",,,,,,9726
1770,Geely,Geometry C,2023,,,,,,"$136,559.93",,,,,,13329
1771,Dacia,Bigster EV (upcoming),2018,,,,,,"$97,003.41",,,,,,8745
1772,Ford,Mustang Mach-E,2021,,,,,,"$146,603.88",,,,,,1929
1773,Renault,5 E-Tech,2017,,,,,,"$46,967.44",,,,,,11660
1774,XPeng,G6,2025,,,,,,"$33,657.24",,,,,,11313
1775,Volvo,C40 Recharge,2025,,,,,,"$121,207.60",,,,,,15181
1776,Lamborghini,Lanzador (upcoming EV),2024,,,,,,"$142,713.07",,,,,,10852
1777,MG,MG ZS EV,2017,,,,,,"$75,612.40",,,,,,419
1778,VinFast,VF 8,2019,,,,,,"$102,838.46",,,,,,16471
1779,Jeep,Wagoneer S,2021,,,,,,"$138,069.61",,,,,,16667
1780,Geely,Emgrand EV,2021,,,,,,"$76,722.34",,,,,,2889
1781,Faraday Future,FF 91,2023,,,,,,"$63,251.30",,,,,,16676
1782,Rivian,R1S,2016,,,,,,"$97,214.34",,,,,,15060
1783,Renault,Megane E-Tech,2020,,,,,,"$135,924.60",,,,,,7243
1784,Mini,Mini Aceman,2021,,,,,,"$121,096.70",,,,,,4890
1785,Mercedes-Benz,EQE SUV,2025,,,,,,"$49,769.96",,,,,,6870
1786,Zeekr,Zeekr 009,2021,,,,,,"$79,140.51",,,,,,7169
1787,Toyota,Lexus UX 300e,2019,,,,,,"$39,521.93",,,,,,10805
1788,Acura,ZDX (with GM Ultium),2023,,,,,,"$40,438.27",,,,,,14042
1789,Rimac,Nevera,2025,,,,,,"$70,157.42",,,,,,14281
1790,Jaguar,I-PACE,2022,,,,,,"$35,978.45",,,,,,1233
1791,Citroen,Ami,2020,,,,,,"$63,693.82",,,,,,19667
1792,Great Wall Motors,ORA Lightning Cat,2021,,,,,,"$113,298.94",,,,,,18138
1793,Audi,Q4 e-tron,2018,,,,,,"$119,624.50",,,,,,8029
1794,Ford,Explorer EV (Europe),2015,,,,,,"$128,963.45",,,,,,9794
1795,Ferrari,SF90 Stradale (PHEV),2016,,,,,,"$118,666.30",,,,,,11711
1796,Renault,5 E-Tech,2023,,,,,,"$134,970.22",,,,,,7128
1797,BYD,Dolphin,2022,,,,,,"$97,341.44",,,,,,18661
1798,Cadillac,Optiq (upcoming),2016,,,,,,"$111,310.34",,,,,,6750
1799,Kia,EV9,2019,,,,,,"$107,291.13",,,,,,19082
1800,Great Wall Motors,ORA Good Cat,2020,,,,,,"$115,003.58",,,,,,11019
1801,Faraday Future,FF 91,2017,,,,,,"$133,031.49",,,,,,6897
1802,Jeep,Recon (upcoming),2022,,,,,,"$143,969.60",,,,,,7877
1803,Audi,Q4 e-tron,2023,,,,,,"$90,057.78",,,,,,15984
1804,Kia,EV9,2023,,,,,,"$109,822.96",,,,,,578
1805,Peugeot,e-3008,2022,,,,,,"$90,190.21",,,,,,3852
1806,Li Auto,L8,2018,,,,,,"$66,069.96",,,,,,3146
1807,Renault,Kangoo E-Tech,2025,,,,,,"$44,938.27",,,,,,12217
1808,Opel,Mokka-e,2015,,,,,,"$39,339.97",,,,,,1155
1809,Changan,Q05,2025,,,,,,"$51,371.76",,,,,,11965
1810,Faraday Future,FF 91,2025,,,,,,"$111,222.71",,,,,,11666
1811,Lotus,Evija,2021,,,,,,"$94,599.71",,,,,,239
1812,Toyota,bZ4X,2015,,,,,,"$106,230.35",,,,,,18604
1813,Geely,Geometry A,2019,,,,,,"$139,700.76",,,,,,12774
1814,MG,MG4 Electric,2020,,,,,,"$117,535.17",,,,,,16599
1815,NIO,EC6,2024,,,,,,"$125,611.67",,,,,,2706
1816,Jeep,Recon (upcoming),2025,,,,,,"$127,201.44",,,,,,8940
1817,BYD,Seagull,2018,,,,,,"$140,944.12",,,,,,11226
1818,Rivian,R1S,2022,,,,,,"$54,729.30",,,,,,14052
1819,Subaru,Solterra,2023,,,,,,"$61,220.49",,,,,,7960
1820,Toyota,bZ4X,2016,,,,,,"$31,370.15",,,,,,1514
1821,Ferrari,SF90 Stradale (PHEV),2021,,,,,,"$58,468.60",,,,,,13797
1822,Great Wall Motors,ORA Ballet Cat,2016,,,,,,"$35,015.60",,,,,,16416
1823,Canoo,MPDV,2018,,,,,,"$65,684.76",,,,,,2730
1824,Chevrolet,Volt (PHEV),2025,,,,,,"$139,406.73",,,,,,506
1825,Subaru,Solterra,2020,,,,,,"$44,805.94",,,,,,18991
1826,Changan,SL03,2022,,,,,,"$38,038.16",,,,,,4607
1827,Jaguar,I-PACE,2024,,,,,,"$63,161.33",,,,,,17866
1828,Citroen,Ami,2019,,,,,,"$73,450.53",,,,,,18805
1829,Opel,Grandland Electric,2020,,,,,,"$138,881.54",,,,,,10827
1830,MG,MG ES5,2024,,,,,,"$133,478.74",,,,,,6299
1831,Fisker,Pear (upcoming),2023,,,,,,"$60,437.90",,,,,,7597
1832,Acura,ZDX (with GM Ultium),2018,,,,,,"$96,882.30",,,,,,12706
1833,Volvo,EX30,2020,,,,,,"$110,195.57",,,,,,7398
1834,Honda,Honda e (discontinued),2021,,,,,,"$120,591.61",,,,,,17787
1835,Maserati,Grecale Folgore,2024,,,,,,"$94,968.16",,,,,,1686
1836,Cadillac,Optiq (upcoming),2020,,,,,,"$79,626.79",,,,,,12851
1837,Geely,Geometry C,2019,,,,,,"$91,408.33",,,,,,11070
1838,Skoda,Enyaq,2018,,,,,,"$75,627.07",,,,,,19577
1839,Genesis,G80 Electric,2016,,,,,,"$87,162.94",,,,,,6721
1840,Ferrari,Roma PHEV,2017,,,,,,"$126,947.65",,,,,,11717
1841,Volkswagen,ID.7,2024,,,,,,"$146,020.29",,,,,,1700
1842,Rivian,EDV (Electric Delivery Van),2024,,,,,,"$78,136.27",,,,,,7424
1843,Tesla,Model Y,2024,,,,,,"$135,594.57",,,,,,1591
1844,VinFast,VF 9,2019,,,,,,"$87,465.18",,,,,,321
1845,Mercedes-Benz,EQE SUV,2020,,,,,,"$146,931.18",,,,,,18256
1846,Lamborghini,Lanzador (upcoming EV),2023,,,,,,"$100,811.01",,,,,,3048
1847,Dacia,Bigster EV (upcoming),2023,,,,,,"$123,082.30",,,,,,17019
1848,Lucid Motors,Lucid DreamDrive,2016,,,,,,"$125,664.43",,,,,,9844
1849,Zeekr,Zeekr 001,2018,,,,,,"$32,326.34",,,,,,694
1850,Skoda,Enyaq,2025,,,,,,"$73,988.88",,,,,,2233
1851,Toyota,Lexus RZ,2021,,,,,,"$72,661.41",,,,,,13049
1852,Great Wall Motors,ORA Ballet Cat,2020,,,,,,"$98,743.79",,,,,,13038
1853,Dacia,Jogger Hybrid,2021,,,,,,"$147,338.79",,,,,,17417
1854,MG,MG ZS EV,2024,,,,,,"$42,822.89",,,,,,4231
1855,Audi,A6 e-tron (upcoming),2017,,,,,,"$116,504.46",,,,,,8803
1856,Genesis,GV70 Electric,2022,,,,,,"$145,759.98",,,,,,14536
1857,Mazda,MX-30,2015,,,,,,"$133,105.37",,,,,,19097
1858,Mercedes-Benz,EQS SUV,2017,,,,,,"$51,338.07",,,,,,14229
1859,VinFast,VF 9,2022,,,,,,"$66,685.99",,,,,,19778
1860,BYD,Dolphin,2016,,,,,,"$92,223.29",,,,,,7418
1861,Maserati,Grecale Folgore,2025,,,,,,"$105,178.11",,,,,,15824
1862,Great Wall Motors,ORA Lightning Cat,2017,,,,,,"$146,280.66",,,,,,7235
1863,VinFast,VFe34 (discontinued),2018,,,,,,"$105,543.49",,,,,,3724
1864,Porsche,Macan EV,2021,,,,,,"$69,391.06",,,,,,7299
1865,Pininfarina,Battista,2022,,,,,,"$145,539.26",,,,,,2700
1866,Polestar,Polestar 2,2017,,,,,,"$85,796.80",,,,,,18440
1867,Ferrari,SF90 Stradale (PHEV),2025,,,,,,"$133,759.83",,,,,,10645
1868,Honda,Honda e (discontinued),2015,,,,,,"$104,309.18",,,,,,8770
1869,Volvo,C40 Recharge,2019,,,,,,"$132,440.60",,,,,,7288
1870,Changan,SL03,2018,,,,,,"$59,552.80",,,,,,1653
1871,Volvo,EX90,2019,,,,,,"$142,008.56",,,,,,7920
1872,Fisker,Ocean,2020,,,,,,"$45,848.28",,,,,,16339
1873,Faraday Future,FF 91,2025,,,,,,"$128,138.36",,,,,,5120
1874,Canoo,Pickup,2016,,,,,,"$122,483.37",,,,,,698
1875,Dacia,Jogger Hybrid,2019,,,,,,"$134,938.34",,,,,,14163
1876,Porsche,Macan EV,2019,,,,,,"$79,262.08",,,,,,14174
1877,Rimac,Nevera,2015,,,,,,"$67,519.30",,,,,,11747
1878,Genesis,G80 Electric,2024,,,,,,"$55,892.63",,,,,,3581
1879,Hyundai,Ioniq 6,2021,,,,,,"$88,271.06",,,,,,12803
1880,Jaguar,I-PACE,2018,,,,,,"$118,063.09",,,,,,11485
1881,Chevrolet,Equinox EV,2021,,,,,,"$51,131.67",,,,,,18152
1882,Skoda,Elroq (upcoming),2019,,,,,,"$80,397.00",,,,,,7272
1883,Opel,Mokka-e,2024,,,,,,"$60,636.39",,,,,,12698
1884,Honda,Honda e (discontinued),2015,,,,,,"$38,205.37",,,,,,1488
1885,Mini,Mini Aceman,2020,,,,,,"$40,728.58",,,,,,11452
1886,Fisker,Pear (upcoming),2020,,,,,,"$87,853.32",,,,,,3547
1887,VinFast,VF 7,2021,,,,,,"$31,513.83",,,,,,11043
1888,Nissan,Leaf,2020,,,,,,"$100,337.90",,,,,,16711
1889,Volkswagen,ID.5,2021,,,,,,"$122,632.69",,,,,,2604
1890,Volvo,EX30,2017,,,,,,"$89,006.23",,,,,,13525
1891,Toyota,Lexus RZ,2021,,,,,,"$92,624.27",,,,,,13245
1892,Tesla,Model 3,2017,,,,,,"$75,869.00",,,,,,12090
1893,Ferrari,Ferrari EV (2025+),2015,,,,,,"$90,820.92",,,,,,17768
1894,Porsche,Macan EV,2024,,,,,,"$88,309.70",,,,,,4605
1895,XPeng,X9,2020,,,,,,"$48,635.13",,,,,,17832
1896,Lucid Motors,Lucid DreamDrive,2016,,,,,,"$74,038.95",,,,,,4997
1897,Skoda,Enyaq Coupe,2025,,,,,,"$102,513.93",,,,,,16428
1898,Peugeot,e-208,2016,,,,,,"$131,639.87",,,,,,18094
1899,Opel,Corsa-e,2019,,,,,,"$41,188.36",,,,,,3393
1900,Tesla,Model X,2016,,,,,,"$83,392.11",,,,,,18760
1901,Toyota,bZ4X,2021,,,,,,"$38,305.08",,,,,,15525
1902,Citroen,ë-C4,2022,,,,,,"$84,599.27",,,,,,17211
1903,Tesla,Cybertruck,2018,,,,,,"$146,360.46",,,,,,2320
1904,NIO,ET5,2018,,,,,,"$142,836.38",,,,,,2870
1905,Chevrolet,Bolt EV,2015,,,,,,"$124,416.65",,,,,,9204
1906,Mazda,Mazda EV (upcoming models),2022,,,,,,"$106,337.96",,,,,,397
1907,Polestar,Polestar 5 (upcoming),2016,,,,,,"$30,471.45",,,,,,19513
1908,Faraday Future,FF 91,2015,,,,,,"$98,848.13",,,,,,3041
1909,Mazda,Mazda EV (upcoming models),2016,,,,,,"$57,293.95",,,,,,12256
1910,Volvo,XC40 Recharge,2022,,,,,,"$73,223.17",,,,,,13245
1911,Rivian,EDV (Electric Delivery Van),2021,,,,,,"$84,763.44",,,,,,5071
1912,MG,MG ES5,2017,,,,,,"$75,133.90",,,,,,18134
1913,Mini,Mini Electric,2019,,,,,,"$54,090.98",,,,,,192
1914,BYD,Atto 3,2025,,,,,,"$45,035.45",,,,,,18261
1915,Lucid Motors,Lucid Gravity,2019,,,,,,"$142,640.58",,,,,,7777
1916,Mini,Mini Electric,2022,,,,,,"$119,683.58",,,,,,781
1917,Porsche,Cayenne Electric (upcoming),2015,,,,,,"$119,981.51",,,,,,18410
1918,VinFast,VF 8,2024,,,,,,"$30,144.88",,,,,,12303
1919,GMC,Hummer EV Pickup,2025,,,,,,"$53,597.06",,,,,,15276
1920,Polestar,Polestar 5 (upcoming),2020,,,,,,"$38,618.60",,,,,,17244
1921,XPeng,G9,2016,,,,,,"$48,664.88",,,,,,16604
1922,Rimac,Nevera,2021,,,,,,"$47,681.03",,,,,,11248
1923,VinFast,VFe34 (discontinued),2017,,,,,,"$139,381.12",,,,,,18601
1924,Mercedes-Benz,EQE,2020,,,,,,"$112,055.30",,,,,,17764
1925,MG,MG ZS EV,2016,,,,,,"$81,130.28",,,,,,10942
1926,Seat,Avenger,2024,,,,,,"$139,181.55",,,,,,11676
1927,Kia,Niro EV,2015,,,,,,"$86,155.45",,,,,,7089
1928,Lucid Motors,Lucid Gravity,2023,,,,,,"$68,336.99",,,,,,18718
1929,Cadillac,Celestiq,2022,,,,,,"$145,400.46",,,,,,2109
1930,Skoda,Enyaq,2021,,,,,,"$72,617.56",,,,,,9557
1931,Mercedes-Benz,EQB,2018,,,,,,"$144,748.88",,,,,,18304
1932,MG,MG ES5,2018,,,,,,"$86,604.38",,,,,,13984
1933,Citroen,ë-Spacetourer,2023,,,,,,"$37,686.41",,,,,,2272
1934,Skoda,Elroq (upcoming),2017,,,,,,"$69,149.66",,,,,,638
1935,BYD,Han EV,2015,,,,,,"$45,458.56",,,,,,14804
1936,Volkswagen,ID.4,2020,,,,,,"$138,529.75",,,,,,6707
1937,Jaguar,I-PACE,2024,,,,,,"$43,422.87",,,,,,12632
1938,Great Wall Motors,ORA Ballet Cat,2025,,,,,,"$63,413.78",,,,,,15214
1939,Nissan,Ariya,2019,,,,,,"$117,464.18",,,,,,5569
1940,Tesla,Cybertruck,2017,,,,,,"$32,179.01",,,,,,4003
1941,Mercedes-Benz,EQE SUV,2020,,,,,,"$125,182.00",,,,,,9966
1942,Fisker,Pear (upcoming),2015,,,,,,"$50,922.82",,,,,,10800
1943,Canoo,Pickup,2020,,,,,,"$114,494.92",,,,,,17416
1944,Nissan,Leaf,2015,,,,,,"$101,161.07",,,,,,7215
1945,Seat,Avenger,2019,,,,,,"$118,374.27",,,,,,3505
1946,Lucid Motors,Lucid Gravity,2024,,,,,,"$86,128.31",,,,,,12748
1947,Lamborghini,Lanzador (upcoming EV),2023,,,,,,"$43,083.57",,,,,,12319
1948,Tesla,Cybertruck,2018,,,,,,"$90,910.48",,,,,,9200
1949,Kia,Soul EV,2018,,,,,,"$133,236.00",,,,,,1593
1950,Rivian,EDV (Electric Delivery Van),2025,,,,,,"$47,464.06",,,,,,8460
1951,Ferrari,Roma PHEV,2021,,,,,,"$86,431.68",,,,,,9738
1952,Rimac,Nevera,2025,,,,,,"$131,999.88",,,,,,11251
1953,Genesis,GV70 Electric,2019,,,,,,"$33,719.11",,,,,,16899
1954,Acura,ZDX (with GM Ultium),2022,,,,,,"$132,608.64",,,,,,2360
1955,Great Wall Motors,ORA Ballet Cat,2019,,,,,,"$144,629.42",,,,,,15259
1956,Kia,Niro EV,2020,,,,,,"$94,152.18",,,,,,9257
1957,Polestar,Polestar 3,2021,,,,,,"$69,963.68",,,,,,12864
1958,Lucid Motors,Lucid Air,2022,,,,,,"$64,169.22",,,,,,8050
1959,Great Wall Motors,ORA Lightning Cat,2016,,,,,,"$100,219.21",,,,,,4875
1960,Chevrolet,Silverado EV,2016,,,,,,"$61,856.27",,,,,,3531
1961,Ferrari,SF90 Stradale (PHEV),2025,,,,,,"$117,890.29",,,,,,5040
1962,Ford,F-150 Lightning,2025,,,,,,"$80,309.56",,,,,,11144
1963,Pininfarina,Battista,2017,,,,,,"$89,810.28",,,,,,4485
1964,Li Auto,L8,2024,,,,,,"$92,345.83",,,,,,13896
1965,Nissan,Leaf,2025,,,,,,"$70,459.04",,,,,,15146
1966,Renault,Megane E-Tech,2020,,,,,,"$131,801.21",,,,,,3752
1967,Porsche,Taycan,2023,,,,,,"$106,223.17",,,,,,19968
1968,Jaguar,I-PACE,2020,,,,,,"$80,148.36",,,,,,14564
1969,Toyota,bZ4X,2022,,,,,,"$94,976.85",,,,,,16991
1970,Peugeot,e-208,2016,,,,,,"$61,042.35",,,,,,16091
1971,Tesla,Cybertruck,2021,,,,,,"$144,096.94",,,,,,11855
1972,Rivian,R1S,2023,,,,,,"$94,361.13",,,,,,10422
1973,Changan,Deepal S07,2015,,,,,,"$48,378.38",,,,,,13141
1974,Renault,Megane E-Tech,2025,,,,,,"$70,992.01",,,,,,13035
1975,MG,MG ZS EV,2018,,,,,,"$149,934.83",,,,,,5708
1976,Volkswagen,ID.7,2025,,,,,,"$77,869.15",,,,,,18224
1977,Lotus,Emeya,2015,,,,,,"$123,533.34",,,,,,15313
1978,Kia,Soul EV,2022,,,,,,"$147,005.03",,,,,,9623
1979,Hyundai,Kona Electric,2020,,,,,,"$86,277.82",,,,,,12197
1980,Ford,E-Transit,2025,,,,,,"$104,132.83",,,,,,11943
1981,VinFast,VFe34 (discontinued),2022,,,,,,"$134,178.73",,,,,,5472
1982,Ford,Explorer EV (Europe),2025,,,,,,"$49,891.62",,,,,,9559
1983,VinFast,VF 8,2016,,,,,,"$123,717.20",,,,,,19920
1984,NIO,ET7,2025,,,,,,"$68,427.68",,,,,,17070
1985,GMC,Hummer EV SUV,2023,,,,,,"$55,372.67",,,,,,11648
1986,Honda,Honda Prologue,2020,,,,,,"$61,012.45",,,,,,2966
1987,BMW,iX3,2023,,,,,,"$60,034.24",,,,,,19544
1988,Canoo,Lifestyle Vehicle,2016,,,,,,"$109,921.01",,,,,,272
1989,Ford,F-150 Lightning,2025,,,,,,"$143,792.52",,,,,,18823
1990,Great Wall Motors,ORA Ballet Cat,2016,,,,,,"$126,523.85",,,,,,9656
1991,Jeep,Grand Cherokee 4xe (PHEV),2022,,,,,,"$148,400.00",,,,,,1553
1992,Fisker,Ocean,2024,,,,,,"$130,671.10",,,,,,15106
1993,Pininfarina,Battista,2019,,,,,,"$145,977.14",,,,,,19046
1994,Rivian,R1S,2015,,,,,,"$84,441.41",,,,,,16906
1995,Nissan,Leaf,2017,,,,,,"$87,422.04",,,,,,11801
1996,Lamborghini,Lanzador (upcoming EV),2017,,,,,,"$37,452.30",,,,,,991
1997,Volvo,XC40 Recharge,2021,,,,,,"$65,941.09",,,,,,16123
1998,Maserati,GranTurismo Folgore,2025,,,,,,"$72,257.27",,,,,,17812
1999,Tesla,Model Y,2023,,,,,,"$125,753.56",,,,,,16733
2000,MG,MG ES5,2021,,,,,,"$141,611.08",,,,,,5614
2001,Lotus,Evija,2023,,,,,,"$103,614.33",,,,,,16433
2002,Seat,Avenger,2022,,,,,,"$110,381.86",,,,,,5491
2003,Peugeot,e-2008,2015,,,,,,"$147,619.53",,,,,,17746
2004,Mini,Mini Cooper SE,2017,,,,,,"$116,685.03",,,,,,14340
2005,Peugeot,e-208,2021,,,,,,"$105,995.44",,,,,,4229
2006,Mahindra,XUV400,2015,,,,,,"$86,377.95",,,,,,5577
2007,Fisker,Pear (upcoming),2015,,,,,,"$117,218.51",,,,,,7305
2008,VinFast,VF 9,2022,,,,,,"$146,527.92",,,,,,13098
2009,Changan,SL03,2023,,,,,,"$31,219.10",,,,,,7479
2010,Porsche,Macan EV,2024,,,,,,"$102,274.52",,,,,,13868
2011,Polestar,Polestar 4,2020,,,,,,"$80,609.50",,,,,,2789
2012,Dacia,Jogger Hybrid,2018,,,,,,"$58,958.87",,,,,,8118
2013,Zeekr,Zeekr 001,2020,,,,,,"$110,839.03",,,,,,10684
2014,Changan,SL03,2017,,,,,,"$85,296.88",,,,,,19050
2015,Mazda,Mazda EV (upcoming models),2022,,,,,,"$33,050.17",,,,,,2719
2016,Jaguar,I-PACE,2023,,,,,,"$97,098.09",,,,,,12024
2017,Faraday Future,FF 91,2022,,,,,,"$38,916.71",,,,,,3032
2018,BYD,Dolphin,2019,,,,,,"$34,843.22",,,,,,6634
2019,MG,MG4 Electric,2019,,,,,,"$59,036.69",,,,,,314
2020,Seat,Avenger,2024,,,,,,"$130,259.58",,,,,,1270
2021,Dacia,Jogger Hybrid,2020,,,,,,"$63,877.57",,,,,,7755
2022,Rimac,Nevera,2021,,,,,,"$123,807.42",,,,,,12022
2023,Audi,e-tron GT,2018,,,,,,"$137,099.25",,,,,,3800
2024,Ford,Mustang Mach-E,2017,,,,,,"$149,271.84",,,,,,19737
2025,Lamborghini,Revuelto (PHEV),2024,,,,,,"$44,042.07",,,,,,7109
2026,Rimac,Nevera,2023,,,,,,"$48,192.54",,,,,,9843
2027,Seat,Avenger,2022,,,,,,"$138,229.57",,,,,,1171
2028,Canoo,Lifestyle Vehicle,2016,,,,,,"$136,482.50",,,,,,2510
2029,Lotus,Emeya,2021,,,,,,"$120,135.50",,,,,,6847
2030,XPeng,P7,2018,,,,,,"$146,690.38",,,,,,6159
2031,GMC,Hummer EV SUV,2018,,,,,,"$71,444.40",,,,,,19811
2032,Dacia,Jogger Hybrid,2018,,,,,,"$119,062.74",,,,,,8989
2033,BMW,iX1,2021,,,,,,"$33,674.50",,,,,,17750
2034,Lotus,Evija,2018,,,,,,"$101,973.44",,,,,,4632
2035,BYD,Atto 3,2020,,,,,,"$122,315.52",,,,,,7707
2036,Mahindra,XUV400,2023,,,,,,"$58,862.47",,,,,,10197
2037,Li Auto,L9,2023,,,,,,"$57,706.59",,,,,,11311
2038,Ferrari,Roma PHEV,2022,,,,,,"$30,584.51",,,,,,14398
2039,Maserati,Grecale Folgore,2019,,,,,,"$94,681.79",,,,,,2927
2040,Cadillac,Lyriq,2021,,,,,,"$115,113.27",,,,,,12444
2041,Citroen,ë-Spacetourer,2018,,,,,,"$135,274.20",,,,,,11605
2042,Li Auto,MEGA,2015,,,,,,"$144,633.73",,,,,,19236
2043,Toyota,Lexus UX 300e,2017,,,,,,"$126,350.58",,,,,,10644
2044,Acura,ZDX (with GM Ultium),2015,,,,,,"$102,547.12",,,,,,13495
2045,VinFast,VF 8,2015,,,,,,"$52,658.33",,,,,,18691
2046,Dacia,Bigster EV (upcoming),2016,,,,,,"$103,566.80",,,,,,15596
2047,Seat,Avenger,2021,,,,,,"$43,469.52",,,,,,9324
2048,Citroen,ë-Spacetourer,2024,,,,,,"$115,391.86",,,,,,15938
2049,Hyundai,Kona Electric,2015,,,,,,"$115,452.34",,,,,,18555
2050,Lamborghini,Lanzador (upcoming EV),2016,,,,,,"$136,923.23",,,,,,6618
2051,Rivian,R1S,2017,,,,,,"$109,012.19",,,,,,10672
2052,Toyota,Lexus UX 300e,2022,,,,,,"$97,244.12",,,,,,19481
2053,Audi,e-tron,2022,,,,,,"$66,083.61",,,,,,16542
2054,BMW,iX1,2022,,,,,,"$88,736.73",,,,,,7902
2055,Renault,Kangoo E-Tech,2019,,,,,,"$36,780.73",,,,,,3106
2056,Hyundai,Kona Electric,2023,,,,,,"$100,266.71",,,,,,11815
2057,Rivian,EDV (Electric Delivery Van),2018,,,,,,"$66,892.66",,,,,,6190
2058,Peugeot,e-5008,2015,,,,,,"$127,289.11",,,,,,14242
2059,Volvo,C40 Recharge,2015,,,,,,"$136,716.24",,,,,,14260
2060,Renault,Scenic E-Tech,2023,,,,,,"$71,713.58",,,,,,10376
2061,Volkswagen,ID.6,2022,,,,,,"$91,179.74",,,,,,114
2062,Lucid Motors,Lucid Gravity,2020,,,,,,"$146,996.23",,,,,,12744
2063,Honda,Honda Prologue,2017,,,,,,"$103,414.52",,,,,,12487
2064,Pininfarina,Battista,2021,,,,,,"$77,965.45",,,,,,18833
2065,Nissan,Leaf,2020,,,,,,"$122,048.30",,,,,,4244
2066,Maserati,GranTurismo Folgore,2021,,,,,,"$137,425.14",,,,,,3342
2067,Volvo,C40 Recharge,2022,,,,,,"$113,151.16",,,,,,14607
2068,Toyota,bZ4X,2018,,,,,,"$94,488.74",,,,,,4190
2069,Genesis,G80 Electric,2023,,,,,,"$42,123.32",,,,,,18722
2070,NIO,ET5,2025,,,,,,"$117,348.77",,,,,,15190
2071,Mini,Mini Electric,2021,,,,,,"$84,036.26",,,,,,4351
2072,Lamborghini,Revuelto (PHEV),2025,,,,,,"$102,862.66",,,,,,7799
2073,Kia,EV6,2024,,,,,,"$123,525.29",,,,,,17170
2074,Acura,ZDX (with GM Ultium),2021,,,,,,"$41,234.44",,,,,,11743
2075,GMC,Hummer EV Pickup,2015,,,,,,"$86,364.33",,,,,,14475
2076,Rivian,EDV (Electric Delivery Van),2025,,,,,,"$140,034.46",,,,,,13590
2077,Zeekr,Zeekr 009,2018,,,,,,"$36,429.04",,,,,,6685
2078,Mini,Mini Cooper SE,2018,,,,,,"$108,817.41",,,,,,16547
2079,Toyota,Lexus UX 300e,2018,,,,,,"$41,524.59",,,,,,750
2080,Geely,Geometry A,2017,,,,,,"$96,914.46",,,,,,2993
2081,Zeekr,Zeekr 001,2024,,,,,,"$79,780.04",,,,,,8091
2082,Toyota,Lexus RZ,2021,,,,,,"$112,639.94",,,,,,10668
2083,MG,MG ZS EV,2025,,,,,,"$83,100.25",,,,,,16464
2084,Geely,Geometry C,2018,,,,,,"$104,276.36",,,,,,16760
2085,Genesis,G80 Electric,2019,,,,,,"$56,674.96",,,,,,6116
2086,Skoda,Enyaq Coupe,2021,,,,,,"$92,533.56",,,,,,22
2087,Jeep,Wrangler 4xe (PHEV),2018,,,,,,"$118,158.64",,,,,,11076
2088,Citroen,ë-C4,2024,,,,,,"$96,149.90",,,,,,1455
2089,VinFast,VF 8,2016,,,,,,"$45,722.66",,,,,,16895
2090,Rimac,Nevera,2015,,,,,,"$92,238.99",,,,,,3102
2091,Hyundai,Ioniq 6,2023,,,,,,"$102,910.26",,,,,,12244
2092,Fisker,Pear (upcoming),2016,,,,,,"$99,166.60",,,,,,15827
2093,Maserati,Grecale Folgore,2025,,,,,,"$120,145.63",,,,,,3323
2094,Zeekr,Zeekr 001,2017,,,,,,"$53,365.59",,,,,,1354
2095,BMW,iX,2022,,,,,,"$92,658.04",,,,,,13088
2096,Audi,e-tron GT,2021,,,,,,"$140,022.00",,,,,,3057
2097,Jaguar,I-PACE,2023,,,,,,"$137,906.09",,,,,,19945
2098,Lucid Motors,Lucid Air,2017,,,,,,"$139,833.04",,,,,,11168
2099,Zeekr,Zeekr 001,2015,,,,,,"$78,547.36",,,,,,4619
2100,Rivian,R1S,2015,,,,,,"$142,970.97",,,,,,17731
2101,Audi,A6 e-tron (upcoming),2022,,,,,,"$97,670.76",,,,,,10892
2102,Chevrolet,Silverado EV,2017,,,,,,"$101,294.52",,,,,,8450
2103,Cadillac,Celestiq,2016,,,,,,"$73,090.41",,,,,,17486
2104,Changan,Deepal S07,2021,,,,,,"$41,487.15",,,,,,9617
2105,Dacia,Bigster EV (upcoming),2023,,,,,,"$145,431.60",,,,,,12787
2106,Volkswagen,ID.2all,2023,,,,,,"$92,651.21",,,,,,13535
2107,Genesis,GV60,2016,,,,,,"$128,582.41",,,,,,6759
2108,Dacia,Jogger Hybrid,2020,,,,,,"$70,988.53",,,,,,10122
2109,NIO,ET7,2022,,,,,,"$48,023.85",,,,,,3900
2110,Toyota,Lexus RZ,2021,,,,,,"$47,929.64",,,,,,18961
2111,Honda,Honda e (discontinued),2018,,,,,,"$106,881.03",,,,,,8691
2112,Faraday Future,FF 91,2025,,,,,,"$95,278.98",,,,,,17396
2113,Volvo,XC40 Recharge,2018,,,,,,"$108,377.23",,,,,,17017
2114,Citroen,ë-Spacetourer,2018,,,,,,"$63,868.89",,,,,,4708
2115,Peugeot,e-5008,2025,,,,,,"$68,631.57",,,,,,6113
2116,Nissan,Ariya,2015,,,,,,"$93,272.08",,,,,,12414
2117,Chevrolet,Equinox EV,2017,,,,,,"$113,555.61",,,,,,15487
2118,Rivian,R1T,2025,,,,,,"$102,501.27",,,,,,1129
2119,Mazda,MX-30,2019,,,,,,"$44,613.74",,,,,,19578
2120,Subaru,Solterra,2022,,,,,,"$125,483.60",,,,,,7441
2121,Toyota,Lexus UX 300e,2022,,,,,,"$33,018.07",,,,,,16263
2122,Peugeot,e-3008,2023,,,,,,"$87,139.51",,,,,,16355
2123,Honda,e:Ny1,2022,,,,,,"$64,615.92",,,,,,10534
2124,Lamborghini,Revuelto (PHEV),2022,,,,,,"$117,820.30",,,,,,16265
2125,Tesla,Model Y,2015,,,,,,"$30,447.82",,,,,,3936
2126,VinFast,VFe34 (discontinued),2017,,,,,,"$90,413.44",,,,,,7061
2127,Rivian,R1T,2015,,,,,,"$149,796.00",,,,,,1063
2128,Maserati,GranTurismo Folgore,2018,,,,,,"$70,806.21",,,,,,10134
2129,Fisker,Ocean,2017,,,,,,"$86,121.91",,,,,,7389
2130,Honda,Honda e (discontinued),2023,,,,,,"$141,085.96",,,,,,2400
2131,Polestar,Polestar 5 (upcoming),2024,,,,,,"$79,213.58",,,,,,17028
2132,Great Wall Motors,ORA Lightning Cat,2020,,,,,,"$130,013.90",,,,,,769
2133,Genesis,GV80 Electric,2017,,,,,,"$102,936.67",,,,,,3079
2134,Hyundai,Ioniq 5,2024,,,,,,"$52,011.44",,,,,,19170
2135,Tesla,Model S,2015,,,,,,"$142,052.30",,,,,,19752
2136,Hyundai,Ioniq 6,2022,,,,,,"$103,571.63",,,,,,19137
2137,XPeng,P7,2015,,,,,,"$66,666.32",,,,,,14379
2138,Toyota,Lexus RZ,2024,,,,,,"$111,842.89",,,,,,10998
2139,Skoda,Elroq (upcoming),2016,,,,,,"$127,004.94",,,,,,13313
2140,Lamborghini,Lanzador (upcoming EV),2016,,,,,,"$86,913.93",,,,,,9612
2141,Seat,Avenger,2021,,,,,,"$54,091.75",,,,,,19481
2142,Faraday Future,FF 91,2020,,,,,,"$61,113.95",,,,,,7818
2143,Geely,Geometry C,2020,,,,,,"$122,958.34",,,,,,17177
2144,XPeng,G9,2018,,,,,,"$126,567.54",,,,,,12274
2145,Maserati,Grecale Folgore,2018,,,,,,"$52,383.56",,,,,,1405
2146,Toyota,bZ4X,2022,,,,,,"$30,156.95",,,,,,3386
2147,Faraday Future,FF 91,2021,,,,,,"$81,825.75",,,,,,12913
2148,Peugeot,e-208,2018,,,,,,"$53,587.92",,,,,,18860
2149,Canoo,Lifestyle Vehicle,2015,,,,,,"$87,952.65",,,,,,8597
2150,Changan,Deepal S07,2024,,,,,,"$133,565.05",,,,,,12163
2151,Dacia,Bigster EV (upcoming),2023,,,,,,"$139,354.17",,,,,,13221
2152,Great Wall Motors,ORA Lightning Cat,2021,,,,,,"$139,716.30",,,,,,3108
2153,Ferrari,SF90 Stradale (PHEV),2017,,,,,,"$100,589.96",,,,,,16401
2154,Tesla,Model X,2023,,,,,,"$105,356.22",,,,,,14002
2155,Chevrolet,Silverado EV,2015,,,,,,"$117,690.13",,,,,,15153
2156,Zeekr,Zeekr 009,2025,,,,,,"$104,422.93",,,,,,18156
2157,Polestar,Polestar 5 (upcoming),2019,,,,,,"$92,310.89",,,,,,18049
2158,Mini,Mini Aceman,2020,,,,,,"$146,606.13",,,,,,5063
2159,GMC,Hummer EV Pickup,2016,,,,,,"$102,846.20",,,,,,8057
2160,XPeng,G9,2019,,,,,,"$101,180.23",,,,,,5352
2161,Jaguar,I-PACE,2025,,,,,,"$65,064.75",,,,,,12599
2162,Volkswagen,ID.2all,2015,,,,,,"$139,205.71",,,,,,11760
2163,Citroen,ë-Spacetourer,2024,,,,,,"$116,002.81",,,,,,5138
2164,Ford,F-150 Lightning,2023,,,,,,"$100,425.79",,,,,,17297
2165,Mini,Mini Aceman,2016,,,,,,"$142,423.23",,,,,,8578
2166,MG,MG ES5,2021,,,,,,"$121,464.84",,,,,,997
2167,Ferrari,SF90 Stradale (PHEV),2025,,,,,,"$140,094.00",,,,,,19704
2168,Faraday Future,FF 91,2020,,,,,,"$90,934.75",,,,,,14811
2169,Mahindra,Born Electric (upcoming range),2019,,,,,,"$114,964.73",,,,,,15811
2170,Great Wall Motors,ORA Ballet Cat,2015,,,,,,"$137,124.88",,,,,,8688
2171,Kia,EV9,2021,,,,,,"$109,078.92",,,,,,5529
2172,Zeekr,Zeekr 007,2019,,,,,,"$123,868.61",,,,,,9274
2173,Jaguar,I-PACE,2019,,,,,,"$63,950.12",,,,,,11912
2174,Faraday Future,FF 91,2016,,,,,,"$125,319.84",,,,,,11669
2175,Subaru,Solterra,2015,,,,,,"$39,534.92",,,,,,3063
2176,Dacia,Bigster EV (upcoming),2024,,,,,,"$123,412.37",,,,,,18866
2177,MG,MG5 EV,2025,,,,,,"$124,806.63",,,,,,1432
2178,XPeng,G9,2015,,,,,,"$142,851.72",,,,,,7739
2179,Lamborghini,Lanzador (upcoming EV),2023,,,,,,"$103,792.59",,,,,,14837
2180,XPeng,G6,2019,,,,,,"$65,877.32",,,,,,15752
2181,Ford,Explorer EV (Europe),2019,,,,,,"$53,294.93",,,,,,19460
2182,Rimac,Nevera,2025,,,,,,"$97,977.40",,,,,,12583
2183,Rivian,EDV (Electric Delivery Van),2024,,,,,,"$82,459.49",,,,,,19114
2184,Lamborghini,Lanzador (upcoming EV),2019,,,,,,"$149,519.96",,,,,,18892
2185,Polestar,Polestar 3,2019,,,,,,"$57,186.77",,,,,,12674
2186,Dacia,Jogger Hybrid,2018,,,,,,"$148,723.04",,,,,,19140
2187,Skoda,Enyaq Coupe,2025,,,,,,"$85,244.97",,,,,,4317
2188,Acura,ZDX (with GM Ultium),2025,,,,,,"$79,707.73",,,,,,11636
2189,Honda,Honda Prologue,2017,,,,,,"$91,212.19",,,,,,10675
2190,Acura,ZDX (with GM Ultium),2024,,,,,,"$79,061.75",,,,,,17806
2191,Acura,ZDX (with GM Ultium),2018,,,,,,"$79,290.79",,,,,,4222
2192,Rivian,EDV (Electric Delivery Van),2016,,,,,,"$88,927.87",,,,,,9682
2193,Opel,Mokka-e,2020,,,,,,"$114,394.86",,,,,,10372
2194,Canoo,Lifestyle Vehicle,2015,,,,,,"$137,621.99",,,,,,19508
2195,Volkswagen,ID.3,2021,,,,,,"$54,139.95",,,,,,9287
2196,Hyundai,Ioniq 5,2022,,,,,,"$79,348.02",,,,,,11133
2197,Nissan,Ariya,2017,,,,,,"$84,828.34",,,,,,4717
2198,Renault,Scenic E-Tech,2016,,,,,,"$131,455.05",,,,,,15150
2199,Opel,Corsa-e,2017,,,,,,"$112,578.73",,,,,,7580
2200,Acura,ZDX (with GM Ultium),2019,,,,,,"$134,504.74",,,,,,4760
2201,Dacia,Jogger Hybrid,2015,,,,,,"$93,398.47",,,,,,2255
2202,Audi,Q4 e-tron,2019,,,,,,"$102,815.01",,,,,,6654
2203,Tesla,Model X,2022,,,,,,"$114,066.87",,,,,,7644
2204,Geely,Geometry A,2025,,,,,,"$145,998.83",,,,,,5558
2205,Skoda,Enyaq,2018,,,,,,"$107,033.26",,,,,,12287
2206,Fisker,Ocean,2022,,,,,,"$114,173.39",,,,,,6199
2207,Dacia,Jogger Hybrid,2022,,,,,,"$89,948.12",,,,,,11481
2208,Dacia,Bigster EV (upcoming),2020,,,,,,"$141,767.49",,,,,,12080
2209,Ferrari,Roma PHEV,2021,,,,,,"$108,306.36",,,,,,4216
2210,Mini,Mini Cooper SE,2016,,,,,,"$33,166.75",,,,,,9120
2211,Tesla,Cybertruck,2016,,,,,,"$89,951.30",,,,,,17166
2212,Changan,Deepal S07,2022,,,,,,"$76,283.66",,,,,,19657
2213,Subaru,Solterra,2015,,,,,,"$73,442.04",,,,,,3936
2214,BYD,Dolphin,2018,,,,,,"$117,672.84",,,,,,15301
2215,Toyota,Lexus UX 300e,2023,,,,,,"$96,119.61",,,,,,16355
2216,Cadillac,Lyriq,2020,,,,,,"$66,827.39",,,,,,5814
2217,Ford,Mustang Mach-E,2016,,,,,,"$81,094.29",,,,,,18631
2218,Jeep,Grand Cherokee 4xe (PHEV),2018,,,,,,"$59,437.88",,,,,,16895
2219,Renault,Kangoo E-Tech,2020,,,,,,"$112,745.51",,,,,,15730
2220,Jaguar,I-PACE,2017,,,,,,"$74,206.78",,,,,,2710
2221,Genesis,G80 Electric,2023,,,,,,"$98,118.96",,,,,,16218
2222,Great Wall Motors,ORA Ballet Cat,2016,,,,,,"$55,401.95",,,,,,10827
2223,Fisker,Ocean,2024,,,,,,"$62,600.87",,,,,,13687
2224,GMC,Hummer EV SUV,2018,,,,,,"$124,918.98",,,,,,7465
2225,Genesis,GV80 Electric,2019,,,,,,"$47,508.83",,,,,,4923
2226,Tesla,Model S,2023,,,,,,"$142,567.83",,,,,,8041
2227,Geely,Geometry C,2018,,,,,,"$68,994.09",,,,,,3031
2228,Mazda,MX-30,2021,,,,,,"$64,059.88",,,,,,12759
2229,Dacia,Jogger Hybrid,2017,,,,,,"$133,211.58",,,,,,11158
2230,Great Wall Motors,ORA Ballet Cat,2015,,,,,,"$59,980.24",,,,,,3550
2231,Lucid Motors,Lucid Gravity,2017,,,,,,"$30,054.61",,,,,,16862
2232,Cadillac,Celestiq,2021,,,,,,"$53,009.40",,,,,,16970
2233,Cadillac,Lyriq,2020,,,,,,"$82,709.38",,,,,,10787
2234,Peugeot,e-3008,2024,,,,,,"$42,317.28",,,,,,9314
2235,Citroen,ë-C4,2018,,,,,,"$99,729.71",,,,,,5317
2236,Nissan,Leaf,2022,,,,,,"$90,730.65",,,,,,11927
2237,Subaru,Solterra,2023,,,,,,"$76,270.21",,,,,,18897
2238,Rimac,Nevera,2017,,,,,,"$41,804.87",,,,,,5597
2239,Mazda,MX-30,2023,,,,,,"$47,706.18",,,,,,7952
2240,Tesla,Model 3,2020,,,,,,"$94,427.56",,,,,,6484
2241,Acura,ZDX (with GM Ultium),2025,,,,,,"$66,286.07",,,,,,5848
2242,Seat,Avenger,2015,,,,,,"$74,444.51",,,,,,9294
2243,Faraday Future,FF 91,2020,,,,,,"$82,424.16",,,,,,7665
2244,Lamborghini,Lanzador (upcoming EV),2017,,,,,,"$91,354.71",,,,,,17998
2245,Zeekr,Zeekr 001,2022,,,,,,"$108,085.62",,,,,,19729
2246,Jeep,Grand Cherokee 4xe (PHEV),2016,,,,,,"$108,096.08",,,,,,108
2247,Great Wall Motors,ORA Lightning Cat,2015,,,,,,"$109,034.70",,,,,,16533
2248,Dacia,Bigster EV (upcoming),2017,,,,,,"$139,434.33",,,,,,5613
2249,BYD,Atto 3,2020,,,,,,"$119,099.52",,,,,,11612
2250,Peugeot,e-208,2015,,,,,,"$57,647.10",,,,,,10983
2251,Nissan,Ariya,2016,,,,,,"$61,297.78",,,,,,6511
2252,Porsche,Macan EV,2025,,,,,,"$136,421.16",,,,,,14520
2253,Skoda,Elroq (upcoming),2020,,,,,,"$49,347.77",,,,,,2304
2254,Subaru,Solterra,2018,,,,,,"$58,888.54",,,,,,863
2255,Polestar,Polestar 2,2023,,,,,,"$144,220.20",,,,,,2483
2256,Honda,e:Ny1,2023,,,,,,"$37,521.74",,,,,,2104
2257,Ferrari,Ferrari EV (2025+),2024,,,,,,"$45,403.10",,,,,,6715
2258,Subaru,Solterra,2016,,,,,,"$65,307.45",,,,,,7681
2259,BYD,Seal,2022,,,,,,"$149,820.78",,,,,,15212
2260,Mini,Mini Electric,2022,,,,,,"$138,746.77",,,,,,7134
2261,Great Wall Motors,ORA Lightning Cat,2025,,,,,,"$98,851.29",,,,,,1272
2262,BYD,Han EV,2024,,,,,,"$127,018.54",,,,,,1003
2263,Jeep,Recon (upcoming),2019,,,,,,"$88,135.20",,,,,,10659
2264,Mini,Mini Cooper SE,2017,,,,,,"$122,064.88",,,,,,7467
2265,Rimac,Nevera,2022,,,,,,"$38,964.41",,,,,,11349
2266,Skoda,Elroq (upcoming),2020,,,,,,"$142,436.39",,,,,,15334
2267,MG,MG4 Electric,2025,,,,,,"$33,754.03",,,,,,10169
2268,Citroen,ë-C4,2016,,,,,,"$74,047.32",,,,,,10178
2269,Zeekr,Zeekr 007,2022,,,,,,"$82,008.44",,,,,,13579
2270,Hyundai,Kona Electric,2015,,,,,,"$48,843.62",,,,,,15190
2271,Volkswagen,ID.5,2021,,,,,,"$60,764.04",,,,,,16823
2272,Faraday Future,FF 91,2022,,,,,,"$130,977.70",,,,,,6279
2273,Hyundai,Ioniq 7 (upcoming),2019,,,,,,"$112,720.77",,,,,,19486
2274,Canoo,Pickup,2015,,,,,,"$117,460.47",,,,,,10833
2275,NIO,ET9,2020,,,,,,"$38,764.74",,,,,,4505
2276,NIO,ET5,2022,,,,,,"$33,965.83",,,,,,13888
2277,Genesis,GV70 Electric,2020,,,,,,"$80,930.41",,,,,,18706
2278,GMC,Hummer EV SUV,2019,,,,,,"$132,122.22",,,,,,4169
2279,Genesis,GV80 Electric,2015,,,,,,"$51,956.69",,,,,,16750
2280,Seat,Avenger,2025,,,,,,"$33,631.18",,,,,,14780
2281,BYD,Seal,2019,,,,,,"$86,803.32",,,,,,8037
2282,Subaru,Solterra,2019,,,,,,"$93,848.73",,,,,,14990
2283,Faraday Future,FF 91,2018,,,,,,"$133,841.24",,,,,,798
2284,Mercedes-Benz,EQE SUV,2019,,,,,,"$35,222.81",,,,,,4631
2285,Peugeot,e-3008,2022,,,,,,"$73,268.27",,,,,,7130
2286,BYD,Han EV,2025,,,,,,"$106,154.57",,,,,,11714
2287,Skoda,Enyaq,2021,,,,,,"$117,109.05",,,,,,14955
2288,MG,MG ZS EV,2017,,,,,,"$134,889.82",,,,,,9170
2289,Mercedes-Benz,EQB,2024,,,,,,"$42,283.44",,,,,,12761
2290,Mini,Mini Cooper SE,2016,,,,,,"$144,840.21",,,,,,17429
2291,Cadillac,Lyriq,2015,,,,,,"$50,364.98",,,,,,6759
2292,Rivian,R1S,2019,,,,,,"$124,504.43",,,,,,6131
2293,Canoo,Pickup,2016,,,,,,"$120,790.84",,,,,,17102
2294,Ferrari,Ferrari EV (2025+),2021,,,,,,"$38,193.98",,,,,,18605
2295,Lucid Motors,Lucid Air,2023,,,,,,"$104,723.61",,,,,,6316
2296,Hyundai,Ioniq 6,2023,,,,,,"$84,464.22",,,,,,607
2297,Cadillac,Lyriq,2022,,,,,,"$48,794.65",,,,,,10595
2298,Li Auto,L7,2017,,,,,,"$138,831.96",,,,,,968
2299,Mercedes-Benz,EQB,2015,,,,,,"$133,646.90",,,,,,9164
2300,Volvo,XC40 Recharge,2015,,,,,,"$71,945.83",,,,,,19257
2301,Ferrari,SF90 Stradale (PHEV),2019,,,,,,"$59,772.92",,,,,,11112
2302,Maserati,Grecale Folgore,2019,,,,,,"$140,262.98",,,,,,8495
2303,Ford,Mustang Mach-E,2022,,,,,,"$102,572.90",,,,,,12375
2304,Honda,e:Ny1,2022,,,,,,"$118,293.10",,,,,,2819
2305,XPeng,P5,2022,,,,,,"$90,480.45",,,,,,14893
2306,BMW,i3,2017,,,,,,"$61,916.38",,,,,,14370
2307,Tesla,Model X,2022,,,,,,"$38,192.66",,,,,,19316
2308,Citroen,ë-C4,2018,,,,,,"$55,001.14",,,,,,2371
2309,Polestar,Polestar 2,2015,,,,,,"$43,816.67",,,,,,226
2310,Maserati,Grecale Folgore,2020,,,,,,"$102,689.87",,,,,,13292
2311,Genesis,GV70 Electric,2017,,,,,,"$111,558.43",,,,,,16329
2312,Zeekr,Zeekr 001,2015,,,,,,"$124,461.54",,,,,,2599
2313,Mini,Mini Cooper SE,2019,,,,,,"$39,893.78",,,,,,11723
2314,Dacia,Bigster EV (upcoming),2019,,,,,,"$130,000.81",,,,,,16366
2315,Audi,Q4 e-tron,2017,,,,,,"$60,083.11",,,,,,18741
2316,Hyundai,Ioniq 5,2017,,,,,,"$97,582.43",,,,,,220
2317,Dacia,Bigster EV (upcoming),2023,,,,,,"$125,408.24",,,,,,12447
2318,Tesla,Model X,2020,,,,,,"$137,033.17",,,,,,14749
2319,BYD,Dolphin,2021,,,,,,"$35,624.27",,,,,,4576
2320,Zeekr,Zeekr 009,2020,,,,,,"$37,442.77",,,,,,15979
2321,Changan,Deepal S07,2019,,,,,,"$112,432.69",,,,,,15316
2322,Volvo,EX90,2025,,,,,,"$79,786.27",,,,,,8099
2323,Lucid Motors,Lucid Air,2023,,,,,,"$32,378.18",,,,,,11588
2324,MG,MG5 EV,2020,,,,,,"$72,657.50",,,,,,14990
2325,Fisker,Pear (upcoming),2023,,,,,,"$135,563.39",,,,,,13900
2326,Zeekr,Zeekr X,2025,,,,,,"$119,345.97",,,,,,12683
2327,Seat,Avenger,2024,,,,,,"$133,285.39",,,,,,12888
2328,Maserati,GranTurismo Folgore,2017,,,,,,"$100,782.57",,,,,,2964
2329,Volkswagen,ID.Buzz,2022,,,,,,"$149,616.97",,,,,,3304
2330,Jaguar,I-PACE,2025,,,,,,"$117,721.16",,,,,,1168
2331,XPeng,G9,2021,,,,,,"$148,249.33",,,,,,10585
2332,Skoda,Elroq (upcoming),2016,,,,,,"$143,327.97",,,,,,4624
2333,Lotus,Emeya,2018,,,,,,"$31,737.92",,,,,,18514
2334,VinFast,VF 9,2015,,,,,,"$54,265.40",,,,,,7720
2335,Pininfarina,Battista,2017,,,,,,"$72,551.88",,,,,,11060
2336,Subaru,Solterra,2019,,,,,,"$42,690.33",,,,,,5873
2337,Dacia,Jogger Hybrid,2017,,,,,,"$60,562.00",,,,,,17681
2338,Genesis,GV80 Electric,2023,,,,,,"$55,826.21",,,,,,7243
2339,Jaguar,I-PACE,2017,,,,,,"$110,154.90",,,,,,6126
2340,Chevrolet,Silverado EV,2025,,,,,,"$116,056.97",,,,,,8224
2341,Canoo,Lifestyle Vehicle,2024,,,,,,"$48,757.21",,,,,,13040
2342,MG,MG4 Electric,2020,,,,,,"$68,352.92",,,,,,7144
2343,Tesla,Model S,2024,,,,,,"$147,056.35",,,,,,10836
2344,XPeng,G9,2023,,,,,,"$108,506.70",,,,,,9405
2345,Fisker,Pear (upcoming),2023,,,,,,"$119,827.74",,,,,,16864
2346,Kia,EV9,2021,,,,,,"$79,006.57",,,,,,7173
2347,Peugeot,e-3008,2017,,,,,,"$106,491.31",,,,,,8702
2348,Fisker,Pear (upcoming),2024,,,,,,"$45,655.41",,,,,,10056
2349,BMW,iX,2024,,,,,,"$88,402.77",,,,,,4869
2350,Mini,Mini Electric,2024,,,,,,"$115,955.90",,,,,,14172
2351,Genesis,GV80 Electric,2018,,,,,,"$55,490.12",,,,,,14362
2352,Ford,E-Transit,2019,,,,,,"$112,539.96",,,,,,6893
2353,Li Auto,L8,2025,,,,,,"$70,246.83",,,,,,12353
2354,Ferrari,SF90 Stradale (PHEV),2018,,,,,,"$127,754.12",,,,,,19848
2355,Mercedes-Benz,G-Class Electric (upcoming),2015,,,,,,"$110,636.88",,,,,,3281
2356,Cadillac,Optiq (upcoming),2021,,,,,,"$127,650.66",,,,,,8907
2357,Cadillac,Celestiq,2015,,,,,,"$144,849.17",,,,,,18397
2358,Volvo,C40 Recharge,2016,,,,,,"$118,944.19",,,,,,16186
2359,Cadillac,Lyriq,2025,,,,,,"$135,198.93",,,,,,5910
2360,Tesla,Roadster (upcoming),2017,,,,,,"$141,381.68",,,,,,159
2361,Lamborghini,Revuelto (PHEV),2016,,,,,,"$101,376.52",,,,,,8024
2362,Mini,Mini Cooper SE,2022,,,,,,"$30,684.38",,,,,,6965
2363,Mazda,Mazda EV (upcoming models),2023,,,,,,"$139,577.44",,,,,,1919
2364,Seat,Avenger,2015,,,,,,"$131,251.93",,,,,,17868
2365,Lucid Motors,Lucid Gravity,2025,,,,,,"$50,127.75",,,,,,5831
2366,Seat,Avenger,2023,,,,,,"$84,104.19",,,,,,7216
2367,Kia,EV9,2022,,,,,,"$138,642.80",,,,,,13136
2368,MG,MG ZS EV,2016,,,,,,"$119,036.44",,,,,,6186
2369,XPeng,G9,2017,,,,,,"$34,895.50",,,,,,6839
2370,Nissan,Ariya,2025,,,,,,"$63,721.43",,,,,,17288
2371,MG,MG5 EV,2017,,,,,,"$57,922.19",,,,,,227
2372,Genesis,GV70 Electric,2015,,,,,,"$70,769.10",,,,,,5354
2373,Mercedes-Benz,G-Class Electric (upcoming),2025,,,,,,"$97,764.94",,,,,,2071
2374,Honda,e:Ny1,2021,,,,,,"$104,154.12",,,,,,2167
2375,Great Wall Motors,ORA Ballet Cat,2019,,,,,,"$85,306.59",,,,,,14274
2376,Lamborghini,Lanzador (upcoming EV),2018,,,,,,"$83,739.72",,,,,,8075
2377,Mini,Mini Aceman,2016,,,,,,"$143,859.70",,,,,,13634
2378,Jeep,Wagoneer S,2017,,,,,,"$34,681.26",,,,,,15292
2379,Volkswagen,ID.4,2025,,,,,,"$66,640.04",,,,,,4874
2380,GMC,Hummer EV SUV,2025,,,,,,"$96,675.45",,,,,,19912
2381,Rivian,EDV (Electric Delivery Van),2020,,,,,,"$138,136.99",,,,,,19871
2382,Subaru,Solterra,2019,,,,,,"$96,868.41",,,,,,18123
2383,Lamborghini,Lanzador (upcoming EV),2025,,,,,,"$70,018.84",,,,,,3419
2384,Zeekr,Zeekr X,2018,,,,,,"$45,983.11",,,,,,13618
2385,XPeng,G6,2023,,,,,,"$85,124.41",,,,,,10042
2386,Toyota,Lexus RZ,2017,,,,,,"$99,103.63",,,,,,18160
2387,Dacia,Bigster EV (upcoming),2017,,,,,,"$43,159.28",,,,,,16092
2388,GMC,Hummer EV Pickup,2019,,,,,,"$82,911.25",,,,,,18675
2389,BYD,Tang EV,2015,,,,,,"$147,788.67",,,,,,5813
2390,Polestar,Polestar 2,2020,,,,,,"$118,818.03",,,,,,7818
2391,Great Wall Motors,ORA Ballet Cat,2025,,,,,,"$119,373.26",,,,,,19344
2392,Jaguar,I-PACE,2021,,,,,,"$83,504.87",,,,,,17002
2393,Cadillac,Optiq (upcoming),2025,,,,,,"$122,729.19",,,,,,72
2394,Renault,5 E-Tech,2016,,,,,,"$52,469.57",,,,,,7432
2395,Volkswagen,ID.3,2017,,,,,,"$114,241.95",,,,,,12475
2396,Cadillac,Optiq (upcoming),2022,,,,,,"$107,679.76",,,,,,15587
2397,Mahindra,XUV400,2018,,,,,,"$147,570.67",,,,,,19648
2398,Changan,Deepal S07,2025,,,,,,"$103,056.52",,,,,,19687
2399,Maserati,Grecale Folgore,2021,,,,,,"$41,964.60",,,,,,145
2400,Canoo,Lifestyle Vehicle,2024,,,,,,"$134,948.72",,,,,,13943
2401,Tesla,Cybertruck,2021,,,,,,"$77,135.50",,,,,,9534
2402,NIO,ET9,2025,,,,,,"$93,167.64",,,,,,11437
2403,Acura,ZDX (with GM Ultium),2020,,,,,,"$106,909.17",,,,,,13675
2404,BYD,Seal,2022,,,,,,"$119,938.14",,,,,,5588
2405,Canoo,MPDV,2023,,,,,,"$89,012.86",,,,,,8970
2406,Skoda,Enyaq Coupe,2020,,,,,,"$111,437.23",,,,,,11122
2407,Chevrolet,Silverado EV,2015,,,,,,"$115,739.84",,,,,,7254
2408,Maserati,GranTurismo Folgore,2016,,,,,,"$59,718.93",,,,,,5491
2409,Toyota,bZ4X,2023,,,,,,"$136,217.28",,,,,,17081
2410,Genesis,G80 Electric,2020,,,,,,"$34,928.02",,,,,,1581
2411,Lucid Motors,Lucid DreamDrive,2025,,,,,,"$40,420.46",,,,,,5922
2412,Nissan,Leaf,2016,,,,,,"$112,098.42",,,,,,16340
2413,VinFast,VF 9,2022,,,,,,"$72,849.66",,,,,,3631
2414,Pininfarina,Battista,2018,,,,,,"$36,062.63",,,,,,17608
2415,Renault,5 E-Tech,2018,,,,,,"$111,445.80",,,,,,15221
2416,Ford,Explorer EV (Europe),2019,,,,,,"$82,801.97",,,,,,15647
2417,Mercedes-Benz,EQS,2021,,,,,,"$84,379.91",,,,,,18572
2418,Canoo,Pickup,2017,,,,,,"$125,712.83",,,,,,17897
2419,Maserati,GranTurismo Folgore,2023,,,,,,"$136,840.62",,,,,,12585
2420,Renault,Scenic E-Tech,2024,,,,,,"$127,979.96",,,,,,19142
2421,Nissan,Ariya,2016,,,,,,"$135,462.86",,,,,,2265
2422,Jeep,Recon (upcoming),2022,,,,,,"$112,182.68",,,,,,13877
2423,Ford,E-Transit,2015,,,,,,"$112,943.08",,,,,,8842
2424,Zeekr,Zeekr 001,2025,,,,,,"$31,509.22",,,,,,11470
2425,Rimac,Nevera,2022,,,,,,"$121,233.69",,,,,,11634
2426,BMW,i7,2021,,,,,,"$86,171.52",,,,,,13807
2427,Lamborghini,Lanzador (upcoming EV),2015,,,,,,"$78,879.86",,,,,,2351
2428,Rivian,EDV (Electric Delivery Van),2020,,,,,,"$74,574.02",,,,,,4215
2429,Ford,Explorer EV (Europe),2024,,,,,,"$121,177.35",,,,,,19874
2430,Peugeot,e-2008,2016,,,,,,"$89,359.27",,,,,,5912
2431,Canoo,MPDV,2016,,,,,,"$46,097.17",,,,,,6678
2432,Citroen,Ami,2016,,,,,,"$149,543.43",,,,,,145
2433,VinFast,VF 7,2017,,,,,,"$54,730.21",,,,,,19922
2434,Subaru,Solterra,2015,,,,,,"$119,339.11",,,,,,5705
2435,Geely,Geometry C,2021,,,,,,"$57,512.19",,,,,,421
2436,Maserati,Grecale Folgore,2025,,,,,,"$148,196.18",,,,,,3374
2437,Genesis,GV70 Electric,2023,,,,,,"$55,091.74",,,,,,9952
2438,Porsche,Taycan,2025,,,,,,"$63,585.73",,,,,,5669
2439,Mini,Mini Aceman,2019,,,,,,"$105,953.02",,,,,,14687
2440,Pininfarina,Battista,2022,,,,,,"$126,748.58",,,,,,14944
2441,Volkswagen,ID.Buzz,2021,,,,,,"$102,435.89",,,,,,16475
2442,Tesla,Roadster (upcoming),2016,,,,,,"$79,638.71",,,,,,13563
2443,Volkswagen,ID.7,2017,,,,,,"$98,099.62",,,,,,4293
2444,Subaru,Solterra,2024,,,,,,"$68,380.78",,,,,,17565
2445,Pininfarina,Battista,2015,,,,,,"$99,914.47",,,,,,4641
2446,Ferrari,Ferrari EV (2025+),2025,,,,,,"$31,831.80",,,,,,12545
2447,Lamborghini,Lanzador (upcoming EV),2025,,,,,,"$149,429.51",,,,,,7034
2448,Lamborghini,Revuelto (PHEV),2016,,,,,,"$87,208.29",,,,,,8199
2449,Volvo,EX90,2020,,,,,,"$113,582.33",,,,,,19298
2450,Mahindra,Born Electric (upcoming range),2015,,,,,,"$59,278.65",,,,,,8865
2451,Lamborghini,Lanzador (upcoming EV),2018,,,,,,"$90,313.64",,,,,,4476
2452,Faraday Future,FF 91,2021,,,,,,"$89,440.54",,,,,,462
2453,Opel,Mokka-e,2021,,,,,,"$31,559.53",,,,,,14770
2454,Lotus,Evija,2020,,,,,,"$117,415.69",,,,,,18168
2455,Toyota,bZ4X,2018,,,,,,"$92,841.10",,,,,,17745
2456,Honda,Honda e (discontinued),2017,,,,,,"$99,950.95",,,,,,9627
2457,Mini,Mini Aceman,2019,,,,,,"$118,599.68",,,,,,17768
2458,Geely,Emgrand EV,2021,,,,,,"$76,469.10",,,,,,10149
2459,Genesis,GV70 Electric,2024,,,,,,"$64,412.41",,,,,,5278
2460,Citroen,Ami,2025,,,,,,"$51,643.26",,,,,,10122
2461,Hyundai,Ioniq 6,2016,,,,,,"$86,388.48",,,,,,19428
2462,Dacia,Jogger Hybrid,2015,,,,,,"$147,907.91",,,,,,7806
2463,Tesla,Model 3,2021,,,,,,"$134,629.64",,,,,,11193
2464,Audi,e-tron GT,2021,,,,,,"$113,761.62",,,,,,9845
2465,Skoda,Elroq (upcoming),2023,,,,,,"$108,563.42",,,,,,3375
2466,Rimac,Nevera,2022,,,,,,"$85,193.64",,,,,,13556
2467,Tesla,Cybertruck,2023,,,,,,"$56,800.73",,,,,,1691
2468,Acura,ZDX (with GM Ultium),2020,,,,,,"$99,370.06",,,,,,1756
2469,Audi,Q4 e-tron,2020,,,,,,"$94,249.74",,,,,,15203
2470,NIO,ET7,2025,,,,,,"$112,562.40",,,,,,5893
2471,Acura,ZDX (with GM Ultium),2015,,,,,,"$120,890.93",,,,,,5079
2472,Renault,Scenic E-Tech,2016,,,,,,"$114,203.73",,,,,,6076
2473,Polestar,Polestar 4,2016,,,,,,"$37,730.90",,,,,,2802
2474,Opel,Corsa-e,2015,,,,,,"$138,549.47",,,,,,297
2475,Geely,Emgrand EV,2023,,,,,,"$90,449.46",,,,,,1955
2476,Li Auto,L8,2023,,,,,,"$105,012.82",,,,,,5729
2477,Nissan,Leaf,2020,,,,,,"$141,949.03",,,,,,9617
2478,Chevrolet,Bolt EV,2022,,,,,,"$31,713.78",,,,,,16371
2479,Ferrari,SF90 Stradale (PHEV),2025,,,,,,"$114,883.73",,,,,,12720
2480,Polestar,Polestar 5 (upcoming),2021,,,,,,"$73,539.98",,,,,,14867
2481,NIO,ET9,2017,,,,,,"$91,374.01",,,,,,1433
2482,Mini,Mini Electric,2017,,,,,,"$32,110.50",,,,,,3471
2483,NIO,ET9,2019,,,,,,"$88,992.78",,,,,,2495
2484,Fisker,Ocean,2017,,,,,,"$98,668.26",,,,,,501
2485,Changan,SL03,2024,,,,,,"$33,064.13",,,,,,7667
2486,Mini,Mini Electric,2016,,,,,,"$68,014.73",,,,,,5825
2487,Tesla,Model 3,2023,,,,,,"$51,719.71",,,,,,12860
2488,Tesla,Model S,2017,,,,,,"$132,124.50",,,,,,19665
2489,Volvo,EX30,2018,,,,,,"$119,024.29",,,,,,18387
2490,MG,MG5 EV,2019,,,,,,"$77,158.15",,,,,,11677
2491,Lotus,Eletre,2018,,,,,,"$128,535.73",,,,,,16886
2492,Faraday Future,FF 91,2020,,,,,,"$70,149.59",,,,,,5583
2493,BMW,iX1,2015,,,,,,"$57,780.54",,,,,,968
2494,Dacia,Bigster EV (upcoming),2020,,,,,,"$93,594.87",,,,,,13266
2495,Tesla,Model Y,2017,,,,,,"$132,144.16",,,,,,6322
2496,Lotus,Evija,2018,,,,,,"$111,405.69",,,,,,3832
2497,Nissan,Leaf,2021,,,,,,"$74,816.10",,,,,,3232
2498,Lucid Motors,Lucid Gravity,2022,,,,,,"$107,703.04",,,,,,16880
2499,Citroen,Ami,2018,,,,,,"$74,003.39",,,,,,5925
2500,Faraday Future,FF 91,2018,,,,,,"$104,328.15",,,,,,16038
2501,Skoda,Elroq (upcoming),2022,,,,,,"$80,041.32",,,,,,18840
2502,Geely,Geometry A,2024,,,,,,"$122,797.80",,,,,,19023
2503,BMW,iX1,2015,,,,,,"$67,652.57",,,,,,3410
2504,MG,MG ES5,2025,,,,,,"$99,140.81",,,,,,2298
2505,Chevrolet,Volt (PHEV),2023,,,,,,"$139,549.21",,,,,,18128
2506,Opel,Grandland Electric,2016,,,,,,"$49,752.59",,,,,,17361
2507,Kia,EV6,2025,,,,,,"$115,591.46",,,,,,18529
2508,Mahindra,XUV400,2022,,,,,,"$115,198.36",,,,,,8904
2509,VinFast,VF 9,2020,,,,,,"$80,737.05",,,,,,5286
2510,Renault,Scenic E-Tech,2019,,,,,,"$100,642.84",,,,,,19548
2511,Seat,Avenger,2021,,,,,,"$83,442.65",,,,,,7975
2512,Great Wall Motors,ORA Good Cat,2015,,,,,,"$115,673.64",,,,,,13149
2513,Opel,Grandland Electric,2016,,,,,,"$145,561.53",,,,,,13402
2514,XPeng,P5,2022,,,,,,"$148,873.52",,,,,,6979
2515,Rimac,Nevera,2021,,,,,,"$85,022.30",,,,,,3299
2516,Renault,Kangoo E-Tech,2022,,,,,,"$82,608.38",,,,,,18826
2517,Rimac,Nevera,2021,,,,,,"$129,139.34",,,,,,6690
2518,GMC,Hummer EV Pickup,2021,,,,,,"$127,576.95",,,,,,7419
2519,Volkswagen,ID.4,2025,,,,,,"$82,251.22",,,,,,5137
2520,Genesis,GV60,2021,,,,,,"$143,405.71",,,,,,18154
2521,Polestar,Polestar 2,2020,,,,,,"$126,774.65",,,,,,12199
2522,Li Auto,L7,2020,,,,,,"$147,813.28",,,,,,13057
2523,Mahindra,Born Electric (upcoming range),2019,,,,,,"$100,401.48",,,,,,13013
2524,Ford,Explorer EV (Europe),2018,,,,,,"$70,167.14",,,,,,11902
2525,Jeep,Grand Cherokee 4xe (PHEV),2022,,,,,,"$130,213.31",,,,,,17365
2526,Nissan,Leaf,2024,,,,,,"$62,261.33",,,,,,14140
2527,Polestar,Polestar 3,2017,,,,,,"$122,853.66",,,,,,3543
2528,Jeep,Recon (upcoming),2016,,,,,,"$96,666.78",,,,,,3912
2529,XPeng,X9,2016,,,,,,"$31,704.60",,,,,,10803
2530,MG,MG ZS EV,2023,,,,,,"$130,722.40",,,,,,11111
2531,Dacia,Jogger Hybrid,2020,,,,,,"$100,957.07",,,,,,13593
2532,Subaru,Solterra,2015,,,,,,"$144,721.18",,,,,,4883
2533,Skoda,Elroq (upcoming),2020,,,,,,"$36,188.94",,,,,,10519
2534,Audi,e-tron GT,2021,,,,,,"$39,484.19",,,,,,3931
2535,XPeng,G9,2022,,,,,,"$64,249.14",,,,,,12979
2536,Genesis,GV60,2021,,,,,,"$116,893.20",,,,,,15458
2537,Toyota,Lexus UX 300e,2023,,,,,,"$79,586.51",,,,,,3885
2538,Peugeot,e-208,2020,,,,,,"$145,723.63",,,,,,15526
2539,Lotus,Emeya,2024,,,,,,"$103,429.51",,,,,,4655
2540,Zeekr,Zeekr X,2017,,,,,,"$86,401.31",,,,,,11284
2541,Acura,ZDX (with GM Ultium),2023,,,,,,"$145,428.02",,,,,,876
2542,Volkswagen,ID.7,2019,,,,,,"$109,264.82",,,,,,3128
2543,Mazda,MX-30,2024,,,,,,"$118,314.72",,,,,,1636
2544,Zeekr,Zeekr 007,2019,,,,,,"$115,491.65",,,,,,8202
2545,Peugeot,e-5008,2023,,,,,,"$83,635.85",,,,,,9257
2546,Volkswagen,ID.5,2018,,,,,,"$45,377.85",,,,,,11110
2547,Mercedes-Benz,EQS,2025,,,,,,"$41,976.90",,,,,,7546
2548,Canoo,Pickup,2023,,,,,,"$124,052.49",,,,,,8080
2549,Mini,Mini Aceman,2024,,,,,,"$99,147.39",,,,,,1788
2550,Rimac,Nevera,2021,,,,,,"$64,777.34",,,,,,18661
2551,VinFast,VF 9,2018,,,,,,"$134,367.39",,,,,,2118
2552,Dacia,Bigster EV (upcoming),2022,,,,,,"$36,199.09",,,,,,6445
2553,VinFast,VFe34 (discontinued),2021,,,,,,"$98,423.08",,,,,,666
2554,Lamborghini,Revuelto (PHEV),2015,,,,,,"$128,039.67",,,,,,16005
2555,Jeep,Wagoneer S,2016,,,,,,"$77,704.62",,,,,,16870
2556,Great Wall Motors,ORA Good Cat,2019,,,,,,"$116,483.56",,,,,,6500
2557,Fisker,Ocean,2022,,,,,,"$108,304.18",,,,,,12227
2558,Geely,Emgrand EV,2022,,,,,,"$129,957.22",,,,,,9815
2559,Genesis,G80 Electric,2024,,,,,,"$137,452.66",,,,,,18888
2560,Chevrolet,Silverado EV,2019,,,,,,"$89,704.33",,,,,,9497
2561,BYD,Dolphin,2021,,,,,,"$71,791.78",,,,,,10679
2562,Geely,Emgrand EV,2021,,,,,,"$97,228.32",,,,,,9749
2563,NIO,ES7,2021,,,,,,"$75,465.30",,,,,,3516
2564,XPeng,G6,2022,,,,,,"$134,098.62",,,,,,7133
2565,BMW,iX3,2021,,,,,,"$36,458.03",,,,,,1817
2566,MG,MG ZS EV,2016,,,,,,"$112,539.19",,,,,,5347
2567,Rimac,Nevera,2022,,,,,,"$92,019.48",,,,,,19955
2568,Kia,EV6,2019,,,,,,"$108,822.94",,,,,,12815
2569,Ferrari,SF90 Stradale (PHEV),2022,,,,,,"$82,147.06",,,,,,4437
2570,Cadillac,Lyriq,2023,,,,,,"$100,852.31",,,,,,11009
2571,Cadillac,Lyriq,2017,,,,,,"$68,779.62",,,,,,4844
2572,Opel,Grandland Electric,2017,,,,,,"$47,246.35",,,,,,11493
2573,Genesis,G80 Electric,2019,,,,,,"$89,860.42",,,,,,8040
2574,Citroen,ë-C4,2016,,,,,,"$35,894.12",,,,,,837
2575,Skoda,Enyaq Coupe,2023,,,,,,"$97,441.44",,,,,,8311
2576,Zeekr,Zeekr 001,2024,,,,,,"$129,609.13",,,,,,14555
2577,Toyota,Lexus UX 300e,2024,,,,,,"$133,274.31",,,,,,11302
2578,Porsche,Macan EV,2022,,,,,,"$148,433.17",,,,,,127
2579,Great Wall Motors,ORA Good Cat,2021,,,,,,"$39,124.22",,,,,,18747
2580,Citroen,Ami,2020,,,,,,"$65,764.67",,,,,,17273
2581,Lotus,Emeya,2019,,,,,,"$134,651.02",,,,,,8648
2582,Cadillac,Celestiq,2016,,,,,,"$87,467.04",,,,,,7283
2583,Toyota,Lexus UX 300e,2022,,,,,,"$140,094.56",,,,,,17624
2584,Volkswagen,ID.Buzz,2017,,,,,,"$68,842.48",,,,,,18039
2585,Mazda,MX-30,2020,,,,,,"$141,067.00",,,,,,4414
2586,GMC,Hummer EV Pickup,2018,,,,,,"$54,261.40",,,,,,17750
2587,Ferrari,Roma PHEV,2017,,,,,,"$139,947.23",,,,,,18088
2588,Opel,Grandland Electric,2022,,,,,,"$100,558.76",,,,,,12609
2589,Nissan,Ariya,2025,,,,,,"$147,129.86",,,,,,14538
2590,Volkswagen,ID.7,2021,,,,,,"$32,066.13",,,,,,4840
2591,Lotus,Eletre,2020,,,,,,"$110,485.34",,,,,,19138
2592,Opel,Grandland Electric,2022,,,,,,"$116,001.34",,,,,,234
2593,Pininfarina,Battista,2018,,,,,,"$77,025.87",,,,,,1089
2594,Peugeot,e-208,2020,,,,,,"$79,848.94",,,,,,18113
2595,VinFast,VF 6,2017,,,,,,"$98,299.48",,,,,,5591
2596,Hyundai,Ioniq 5,2022,,,,,,"$97,963.02",,,,,,16444
2597,Zeekr,Zeekr 001,2021,,,,,,"$110,005.01",,,,,,14709
2598,Peugeot,e-3008,2019,,,,,,"$109,072.77",,,,,,17471
2599,GMC,Hummer EV Pickup,2015,,,,,,"$48,149.84",,,,,,17248
2600,Ford,E-Transit,2016,,,,,,"$86,029.81",,,,,,3895
2601,Opel,Grandland Electric,2016,,,,,,"$40,719.90",,,,,,1475
2602,Chevrolet,Volt (PHEV),2020,,,,,,"$87,306.92",,,,,,10084
2603,Polestar,Polestar 4,2021,,,,,,"$57,031.71",,,,,,9974
2604,Rimac,Nevera,2022,,,,,,"$123,881.73",,,,,,13335
2605,Seat,Avenger,2025,,,,,,"$55,406.26",,,,,,18026
2606,Faraday Future,FF 91,2022,,,,,,"$112,490.97",,,,,,6906
2607,Mahindra,XUV400,2024,,,,,,"$145,109.64",,,,,,12442
2608,Kia,Niro EV,2023,,,,,,"$61,333.09",,,,,,7177
2609,Kia,Niro EV,2022,,,,,,"$134,031.68",,,,,,16000
2610,BYD,Han EV,2023,,,,,,"$138,449.17",,,,,,1206
2611,Porsche,Cayenne Electric (upcoming),2016,,,,,,"$137,598.53",,,,,,8560
2612,Fisker,Ocean,2024,,,,,,"$74,293.26",,,,,,18274
2613,Honda,Honda e (discontinued),2023,,,,,,"$127,270.14",,,,,,10238
2614,Canoo,Pickup,2025,,,,,,"$111,104.82",,,,,,4062
2615,Fisker,Ocean,2019,,,,,,"$53,694.85",,,,,,11799
2616,Audi,e-tron,2024,,,,,,"$105,411.53",,,,,,16492
2617,BMW,iX1,2019,,,,,,"$82,632.21",,,,,,6040
2618,GMC,Hummer EV Pickup,2022,,,,,,"$86,383.47",,,,,,14075
2619,Mazda,Mazda EV (upcoming models),2024,,,,,,"$131,342.84",,,,,,19122
2620,Ford,E-Transit,2019,,,,,,"$88,678.05",,,,,,8540
2621,Canoo,MPDV,2015,,,,,,"$137,707.73",,,,,,4044
2622,Dacia,Jogger Hybrid,2016,,,,,,"$34,947.70",,,,,,3140
2623,Nissan,Leaf,2021,,,,,,"$80,804.96",,,,,,11972
2624,Audi,e-tron,2020,,,,,,"$95,301.30",,,,,,2767
2625,Skoda,Enyaq Coupe,2021,,,,,,"$75,606.71",,,,,,4703
2626,Mahindra,XUV400,2017,,,,,,"$96,031.48",,,,,,8018
2627,Chevrolet,Silverado EV,2017,,,,,,"$133,973.75",,,,,,4454
2628,GMC,Hummer EV Pickup,2015,,,,,,"$144,721.89",,,,,,18099
2629,Citroen,ë-Spacetourer,2023,,,,,,"$35,036.66",,,,,,9193
2630,Jeep,Wrangler 4xe (PHEV),2018,,,,,,"$36,245.89",,,,,,9323
2631,Mazda,Mazda EV (upcoming models),2025,,,,,,"$50,188.59",,,,,,6789
2632,Volkswagen,ID.7,2022,,,,,,"$43,456.03",,,,,,7691
2633,Hyundai,Ioniq 7 (upcoming),2019,,,,,,"$127,678.89",,,,,,19616
2634,Polestar,Polestar 5 (upcoming),2020,,,,,,"$63,617.13",,,,,,16377
2635,Changan,SL03,2024,,,,,,"$47,377.26",,,,,,9265
2636,Rivian,R1T,2016,,,,,,"$61,757.05",,,,,,6550
2637,Rimac,Nevera,2015,,,,,,"$75,986.03",,,,,,13061
2638,Volvo,XC40 Recharge,2021,,,,,,"$30,936.19",,,,,,15240
2639,Honda,e:Ny1,2020,,,,,,"$38,832.34",,,,,,14449
2640,Acura,ZDX (with GM Ultium),2017,,,,,,"$40,443.39",,,,,,4917
2641,Porsche,Cayenne Electric (upcoming),2022,,,,,,"$32,604.25",,,,,,9422
2642,Mini,Mini Cooper SE,2024,,,,,,"$48,139.06",,,,,,11399
2643,XPeng,P7,2020,,,,,,"$117,443.56",,,,,,2185
2644,Mercedes-Benz,EQA,2016,,,,,,"$136,420.35",,,,,,15399
2645,Honda,e:Ny1,2024,,,,,,"$68,541.17",,,,,,8328
2646,Jaguar,I-PACE,2022,,,,,,"$42,511.91",,,,,,7263
2647,Mini,Mini Aceman,2025,,,,,,"$59,326.88",,,,,,1004
2648,Ferrari,SF90 Stradale (PHEV),2025,,,,,,"$45,585.63",,,,,,2461
2649,Li Auto,L9,2018,,,,,,"$114,883.67",,,,,,12968
2650,Ford,E-Transit,2023,,,,,,"$137,346.69",,,,,,1796
2651,Lotus,Evija,2020,,,,,,"$140,321.99",,,,,,8425
2652,Lucid Motors,Lucid Air,2016,,,,,,"$34,047.93",,,,,,3415
2653,Genesis,GV80 Electric,2025,,,,,,"$120,829.71",,,,,,18894
2654,Peugeot,e-3008,2022,,,,,,"$62,914.74",,,,,,7878
2655,Toyota,Lexus UX 300e,2018,,,,,,"$121,086.77",,,,,,11888
2656,Audi,Q8 e-tron,2020,,,,,,"$39,912.77",,,,,,8803
2657,Nissan,Ariya,2017,,,,,,"$72,012.08",,,,,,13048
2658,BMW,i7,2018,,,,,,"$81,122.49",,,,,,12492
2659,Peugeot,e-5008,2023,,,,,,"$93,928.91",,,,,,3858
2660,Jeep,Wagoneer S,2024,,,,,,"$144,668.51",,,,,,7018
2661,Fisker,Pear (upcoming),2016,,,,,,"$61,344.68",,,,,,6604
2662,Genesis,G80 Electric,2018,,,,,,"$42,147.78",,,,,,19461
2663,Great Wall Motors,ORA Lightning Cat,2016,,,,,,"$103,973.21",,,,,,4454
2664,VinFast,VF 8,2018,,,,,,"$98,961.34",,,,,,12955
2665,Mini,Mini Electric,2022,,,,,,"$92,468.58",,,,,,19103
2666,Hyundai,Ioniq 5,2020,,,,,,"$54,897.26",,,,,,5836
2667,XPeng,X9,2019,,,,,,"$135,222.82",,,,,,1093
2668,Great Wall Motors,ORA Good Cat,2023,,,,,,"$122,176.30",,,,,,391
2669,Fisker,Pear (upcoming),2023,,,,,,"$148,492.54",,,,,,19531
2670,Geely,Geometry A,2020,,,,,,"$66,191.53",,,,,,9119
2671,Geely,Emgrand EV,2018,,,,,,"$110,537.20",,,,,,14405
2672,Tesla,Model S,2020,,,,,,"$90,924.66",,,,,,898
2673,Lamborghini,Revuelto (PHEV),2024,,,,,,"$141,657.62",,,,,,11161
2674,Mahindra,Born Electric (upcoming range),2018,,,,,,"$42,037.78",,,,,,13466
2675,Skoda,Enyaq Coupe,2015,,,,,,"$138,650.57",,,,,,19342
2676,Pininfarina,Battista,2015,,,,,,"$60,676.04",,,,,,15913
2677,Acura,ZDX (with GM Ultium),2015,,,,,,"$137,538.74",,,,,,5980
2678,Geely,Emgrand EV,2019,,,,,,"$59,260.13",,,,,,18859
2679,Cadillac,Lyriq,2020,,,,,,"$44,357.65",,,,,,17980
2680,Cadillac,Lyriq,2018,,,,,,"$147,420.89",,,,,,8619
2681,Rimac,Nevera,2020,,,,,,"$83,671.52",,,,,,11847
2682,BYD,Seagull,2025,,,,,,"$124,447.66",,,,,,19554
2683,Polestar,Polestar 2,2015,,,,,,"$33,992.30",,,,,,2364
2684,VinFast,VF 8,2021,,,,,,"$31,626.18",,,,,,8254
2685,Changan,Deepal S07,2023,,,,,,"$73,353.79",,,,,,12986
2686,Volkswagen,ID.5,2022,,,,,,"$113,601.64",,,,,,3498
2687,Fisker,Ocean,2025,,,,,,"$69,588.13",,,,,,16294
2688,Audi,Q8 e-tron,2025,,,,,,"$146,476.36",,,,,,5121
2689,Polestar,Polestar 2,2024,,,,,,"$145,609.07",,,,,,11975
2690,MG,MG4 Electric,2019,,,,,,"$137,367.83",,,,,,9143
2691,Dacia,Jogger Hybrid,2024,,,,,,"$61,938.57",,,,,,162
2692,Mini,Mini Cooper SE,2021,,,,,,"$58,155.30",,,,,,16198
2693,Nissan,Ariya,2018,,,,,,"$60,557.20",,,,,,4850
2694,Jaguar,I-PACE,2023,,,,,,"$82,226.05",,,,,,19278
2695,Cadillac,Lyriq,2020,,,,,,"$108,938.53",,,,,,17398
2696,Li Auto,MEGA,2020,,,,,,"$82,328.55",,,,,,15890
2697,Mini,Mini Cooper SE,2019,,,,,,"$149,322.93",,,,,,4416
2698,Peugeot,e-208,2016,,,,,,"$34,293.73",,,,,,12130
2699,Acura,ZDX (with GM Ultium),2022,,,,,,"$117,907.54",,,,,,8896
2700,Tesla,Roadster (upcoming),2020,,,,,,"$123,641.63",,,,,,4682
2701,NIO,ES8,2025,,,,,,"$96,638.70",,,,,,7692
2702,Zeekr,Zeekr 001,2025,,,,,,"$50,697.52",,,,,,15792
2703,XPeng,P7,2021,,,,,,"$60,725.82",,,,,,19215
2704,NIO,ES6,2025,,,,,,"$71,172.88",,,,,,13994
2705,Great Wall Motors,ORA Ballet Cat,2015,,,,,,"$110,386.88",,,,,,18989
2706,Ford,F-150 Lightning,2022,,,,,,"$115,933.09",,,,,,12430
2707,Ferrari,Ferrari EV (2025+),2020,,,,,,"$50,945.32",,,,,,3505
2708,Ford,Explorer EV (Europe),2024,,,,,,"$41,506.59",,,,,,1951
2709,Cadillac,Celestiq,2021,,,,,,"$98,874.99",,,,,,9404
2710,Lotus,Evija,2019,,,,,,"$105,337.00",,,,,,5875
2711,Great Wall Motors,ORA Good Cat,2025,,,,,,"$78,123.74",,,,,,19868
2712,Toyota,Lexus UX 300e,2025,,,,,,"$47,229.96",,,,,,17252
2713,Toyota,Lexus UX 300e,2016,,,,,,"$90,771.06",,,,,,9652
2714,Geely,Geometry C,2017,,,,,,"$130,182.07",,,,,,4611
2715,Mazda,MX-30,2019,,,,,,"$98,013.46",,,,,,1842
2716,Zeekr,Zeekr 009,2022,,,,,,"$72,912.54",,,,,,2603
2717,Jaguar,I-PACE,2023,,,,,,"$40,995.43",,,,,,15111
2718,Ferrari,SF90 Stradale (PHEV),2016,,,,,,"$126,229.16",,,,,,6983
2719,Rivian,R1T,2024,,,,,,"$136,277.20",,,,,,18074
2720,Mercedes-Benz,EQE,2025,,,,,,"$92,906.18",,,,,,10259
2721,Toyota,bZ4X,2020,,,,,,"$40,015.25",,,,,,9923
2722,BMW,i3,2020,,,,,,"$69,357.36",,,,,,6243
2723,Toyota,Lexus RZ,2022,,,,,,"$90,291.01",,,,,,8957
2724,Porsche,Panamera EV,2021,,,,,,"$61,614.23",,,,,,8449
2725,Peugeot,e-2008,2022,,,,,,"$96,969.01",,,,,,2478
2726,Mahindra,Born Electric (upcoming range),2020,,,,,,"$118,562.03",,,,,,9142
2727,Volkswagen,ID.7,2019,,,,,,"$32,253.88",,,,,,14360
2728,MG,MG ES5,2017,,,,,,"$47,157.55",,,,,,14591
2729,Mini,Mini Aceman,2016,,,,,,"$138,200.86",,,,,,15319
2730,Li Auto,L7,2025,,,,,,"$68,693.52",,,,,,3633
2731,Peugeot,e-208,2015,,,,,,"$64,073.81",,,,,,15801
2732,Zeekr,Zeekr 007,2022,,,,,,"$51,225.19",,,,,,19394
2733,Jaguar,I-PACE,2017,,,,,,"$94,168.34",,,,,,1782
2734,Skoda,Elroq (upcoming),2016,,,,,,"$127,009.04",,,,,,17478
2735,Nissan,Leaf,2017,,,,,,"$37,299.38",,,,,,4873
2736,Mahindra,XUV400,2016,,,,,,"$118,226.92",,,,,,11525
2737,Kia,EV6,2016,,,,,,"$79,602.02",,,,,,6319
2738,BMW,iX,2020,,,,,,"$47,315.21",,,,,,18008
2739,NIO,ES7,2015,,,,,,"$128,682.82",,,,,,9421
2740,Citroen,ë-C4,2015,,,,,,"$91,832.90",,,,,,7377
2741,Faraday Future,FF 91,2025,,,,,,"$76,057.57",,,,,,1669
2742,Rimac,Nevera,2015,,,,,,"$99,233.98",,,,,,1565
2743,Acura,ZDX (with GM Ultium),2016,,,,,,"$69,408.39",,,,,,15883
2744,Nissan,Ariya,2017,,,,,,"$71,336.92",,,,,,2390
2745,BYD,Han EV,2016,,,,,,"$126,117.03",,,,,,3944
2746,Acura,ZDX (with GM Ultium),2016,,,,,,"$42,219.42",,,,,,12244
2747,Pininfarina,Battista,2024,,,,,,"$48,482.98",,,,,,8691
2748,Volvo,EX90,2024,,,,,,"$51,380.09",,,,,,13482
2749,Geely,Geometry A,2017,,,,,,"$54,621.98",,,,,,18595
2750,Zeekr,Zeekr 007,2024,,,,,,"$81,302.62",,,,,,19535
2751,BYD,Dolphin,2023,,,,,,"$139,937.62",,,,,,15693
2752,Opel,Corsa-e,2018,,,,,,"$48,678.54",,,,,,3396
2753,Ferrari,Roma PHEV,2015,,,,,,"$61,020.68",,,,,,16878
2754,Changan,SL03,2022,,,,,,"$87,195.83",,,,,,6722
2755,Lucid Motors,Lucid DreamDrive,2015,,,,,,"$135,951.34",,,,,,5561
2756,Changan,Deepal S07,2015,,,,,,"$140,663.03",,,,,,13566
2757,XPeng,P5,2023,,,,,,"$95,333.16",,,,,,16521
2758,Lotus,Eletre,2017,,,,,,"$95,315.80",,,,,,14732
2759,Volkswagen,ID.4,2025,,,,,,"$83,143.89",,,,,,143
2760,Maserati,GranTurismo Folgore,2019,,,,,,"$125,800.40",,,,,,12358
2761,Changan,Q05,2025,,,,,,"$110,395.96",,,,,,10491
2762,Cadillac,Optiq (upcoming),2022,,,,,,"$116,975.88",,,,,,7903
2763,Kia,Niro EV,2021,,,,,,"$149,154.47",,,,,,7698
2764,Renault,Kangoo E-Tech,2018,,,,,,"$44,333.01",,,,,,8258
2765,Lucid Motors,Lucid Air,2022,,,,,,"$133,682.57",,,,,,17067
2766,Dacia,Bigster EV (upcoming),2019,,,,,,"$65,316.30",,,,,,10374
2767,Pininfarina,Battista,2020,,,,,,"$70,092.04",,,,,,15178
2768,Volkswagen,ID.Buzz,2021,,,,,,"$41,867.18",,,,,,18254
2769,Mini,Mini Aceman,2023,,,,,,"$130,117.93",,,,,,13867
2770,MG,MG ES5,2017,,,,,,"$73,248.28",,,,,,16076
2771,Hyundai,Ioniq 6,2024,,,,,,"$30,488.05",,,,,,9350
2772,Acura,ZDX (with GM Ultium),2024,,,,,,"$132,857.50",,,,,,10586
2773,Pininfarina,Battista,2018,,,,,,"$45,635.17",,,,,,10315
2774,Canoo,MPDV,2017,,,,,,"$128,943.61",,,,,,12239
2775,Ferrari,SF90 Stradale (PHEV),2015,,,,,,"$37,887.02",,,,,,4811
2776,Chevrolet,Bolt EV,2021,,,,,,"$60,868.22",,,,,,11669
2777,Rimac,Nevera,2019,,,,,,"$149,516.21",,,,,,18003
2778,Renault,Kangoo E-Tech,2020,,,,,,"$97,653.60",,,,,,5362
2779,Peugeot,e-2008,2018,,,,,,"$62,853.57",,,,,,16220
2780,Dacia,Bigster EV (upcoming),2019,,,,,,"$147,031.83",,,,,,9252
2781,BMW,i4,2022,,,,,,"$139,621.32",,,,,,3367
2782,VinFast,VF 6,2021,,,,,,"$101,572.39",,,,,,8114
2783,NIO,ES7,2017,,,,,,"$71,838.43",,,,,,9312
2784,Jeep,Wrangler 4xe (PHEV),2015,,,,,,"$131,834.29",,,,,,3833
2785,Ford,F-150 Lightning,2019,,,,,,"$86,087.78",,,,,,7842
2786,Pininfarina,Battista,2018,,,,,,"$104,325.30",,,,,,5358
2787,Acura,ZDX (with GM Ultium),2016,,,,,,"$109,200.84",,,,,,15217
2788,Changan,SL03,2022,,,,,,"$74,523.22",,,,,,13260
2789,Honda,Honda e (discontinued),2025,,,,,,"$84,360.48",,,,,,16823
2790,VinFast,VF 7,2022,,,,,,"$49,569.86",,,,,,18537
2791,Faraday Future,FF 91,2020,,,,,,"$139,737.66",,,,,,585
2792,Li Auto,L9,2016,,,,,,"$141,422.21",,,,,,7336
2793,Rivian,R1T,2025,,,,,,"$109,817.05",,,,,,13861
2794,Kia,EV9,2021,,,,,,"$126,212.54",,,,,,11690
2795,Mini,Mini Cooper SE,2015,,,,,,"$57,276.58",,,,,,10843
2796,Mahindra,Born Electric (upcoming range),2024,,,,,,"$138,823.63",,,,,,6137
2797,XPeng,X9,2025,,,,,,"$135,812.56",,,,,,861
2798,Rimac,Nevera,2024,,,,,,"$103,044.90",,,,,,18831
2799,NIO,ET9,2025,,,,,,"$98,963.93",,,,,,11624
2800,Volvo,EX90,2023,,,,,,"$43,176.97",,,,,,2937
2801,Maserati,GranTurismo Folgore,2022,,,,,,"$62,866.65",,,,,,15044
2802,NIO,ET5,2016,,,,,,"$149,376.71",,,,,,14863
2803,Seat,Avenger,2022,,,,,,"$84,957.78",,,,,,11061
2804,Zeekr,Zeekr 009,2024,,,,,,"$36,541.85",,,,,,15900
2805,Nissan,Ariya,2016,,,,,,"$130,494.30",,,,,,5403
2806,Cadillac,Lyriq,2022,,,,,,"$54,287.14",,,,,,14150
2807,Jaguar,I-PACE,2024,,,,,,"$99,141.60",,,,,,15377
2808,Cadillac,Celestiq,2025,,,,,,"$33,873.54",,,,,,4873
2809,Cadillac,Optiq (upcoming),2018,,,,,,"$67,316.45",,,,,,7103
2810,Fisker,Pear (upcoming),2023,,,,,,"$83,638.99",,,,,,18673
2811,Geely,Geometry A,2020,,,,,,"$127,489.51",,,,,,10732
2812,Geely,Emgrand EV,2023,,,,,,"$51,901.30",,,,,,7863
2813,Hyundai,Ioniq 7 (upcoming),2020,,,,,,"$123,914.34",,,,,,2811
2814,Jaguar,I-PACE,2020,,,,,,"$99,625.77",,,,,,10003
2815,Cadillac,Celestiq,2015,,,,,,"$102,581.77",,,,,,2380
2816,Skoda,Enyaq,2021,,,,,,"$90,063.94",,,,,,10102
2817,Zeekr,Zeekr 007,2021,,,,,,"$130,231.16",,,,,,976
2818,Peugeot,e-3008,2023,,,,,,"$107,703.99",,,,,,1097
2819,BMW,iX,2016,,,,,,"$71,705.89",,,,,,15343
2820,Honda,Honda e (discontinued),2016,,,,,,"$141,864.44",,,,,,4465
2821,Volvo,C40 Recharge,2019,,,,,,"$120,229.77",,,,,,5420
2822,MG,MG4 Electric,2018,,,,,,"$113,294.97",,,,,,3955
2823,Genesis,GV80 Electric,2022,,,,,,"$74,478.92",,,,,,5147
2824,Great Wall Motors,ORA Lightning Cat,2015,,,,,,"$85,541.46",,,,,,7691
2825,Seat,Avenger,2016,,,,,,"$136,301.76",,,,,,622
2826,Li Auto,L9,2020,,,,,,"$66,578.37",,,,,,5217
2827,NIO,ET9,2020,,,,,,"$134,074.90",,,,,,11835
2828,Changan,Q05,2018,,,,,,"$45,957.47",,,,,,15079
2829,Nissan,Leaf,2016,,,,,,"$148,584.62",,,,,,12442
2830,Maserati,GranTurismo Folgore,2018,,,,,,"$100,542.09",,,,,,6039
2831,Jeep,Wrangler 4xe (PHEV),2017,,,,,,"$134,265.96",,,,,,15948
2832,Toyota,Lexus RZ,2020,,,,,,"$50,283.87",,,,,,8401
2833,Toyota,bZ4X,2024,,,,,,"$36,825.73",,,,,,19419
2834,Lucid Motors,Lucid DreamDrive,2024,,,,,,"$93,513.69",,,,,,12376
2835,Subaru,Solterra,2022,,,,,,"$59,455.97",,,,,,13604
2836,Rimac,Nevera,2025,,,,,,"$68,292.46",,,,,,17970
2837,Citroen,Ami,2021,,,,,,"$30,435.06",,,,,,841
2838,Opel,Mokka-e,2023,,,,,,"$122,384.74",,,,,,16198
2839,Li Auto,L8,2023,,,,,,"$39,110.76",,,,,,1528
2840,Great Wall Motors,ORA Ballet Cat,2022,,,,,,"$96,638.88",,,,,,15160
2841,Cadillac,Lyriq,2018,,,,,,"$113,010.36",,,,,,4355
2842,Mahindra,XUV400,2022,,,,,,"$134,239.53",,,,,,10402
2843,Faraday Future,FF 91,2015,,,,,,"$71,288.36",,,,,,18834
2844,Volvo,XC40 Recharge,2015,,,,,,"$109,057.37",,,,,,6388
2845,Genesis,GV60,2016,,,,,,"$132,068.60",,,,,,9084
2846,GMC,Hummer EV SUV,2016,,,,,,"$85,850.93",,,,,,18723
2847,Tesla,Model Y,2018,,,,,,"$145,270.93",,,,,,10664
2848,Chevrolet,Volt (PHEV),2024,,,,,,"$135,418.32",,,,,,960
2849,XPeng,P5,2018,,,,,,"$30,014.46",,,,,,13594
2850,Polestar,Polestar 3,2024,,,,,,"$92,097.37",,,,,,636
2851,Tesla,Model S,2023,,,,,,"$35,255.94",,,,,,178
2852,Volvo,EX30,2025,,,,,,"$111,062.28",,,,,,16449
2853,Citroen,Ami,2024,,,,,,"$147,304.53",,,,,,3673
2854,Opel,Mokka-e,2015,,,,,,"$138,432.79",,,,,,5226
2855,Ford,E-Transit,2018,,,,,,"$135,571.30",,,,,,4659
2856,Honda,Honda e (discontinued),2022,,,,,,"$110,835.13",,,,,,15368
2857,Skoda,Elroq (upcoming),2022,,,,,,"$74,184.35",,,,,,13976
2858,Jeep,Wagoneer S,2019,,,,,,"$60,513.20",,,,,,1245
2859,Nissan,Leaf,2019,,,,,,"$81,672.75",,,,,,9686
2860,Mahindra,XUV400,2021,,,,,,"$138,967.96",,,,,,17890
2861,Ferrari,Roma PHEV,2019,,,,,,"$41,545.76",,,,,,18143
2862,Geely,Geometry A,2024,,,,,,"$138,456.63",,,,,,14223
2863,Volkswagen,ID.2all,2015,,,,,,"$116,502.32",,,,,,10842
2864,Lamborghini,Lanzador (upcoming EV),2020,,,,,,"$148,103.98",,,,,,19009
2865,Mercedes-Benz,EQS SUV,2016,,,,,,"$42,848.21",,,,,,8064
2866,Skoda,Elroq (upcoming),2023,,,,,,"$145,742.67",,,,,,6722
2867,Opel,Corsa-e,2020,,,,,,"$31,796.38",,,,,,608
2868,Peugeot,e-5008,2025,,,,,,"$134,518.70",,,,,,18960
2869,Chevrolet,Equinox EV,2020,,,,,,"$114,799.75",,,,,,14220
2870,Rivian,EDV (Electric Delivery Van),2025,,,,,,"$74,719.02",,,,,,12357
2871,Peugeot,e-5008,2018,,,,,,"$143,732.41",,,,,,10697
2872,XPeng,G9,2025,,,,,,"$58,028.82",,,,,,18916
2873,Geely,Geometry C,2023,,,,,,"$72,506.70",,,,,,6097
2874,Zeekr,Zeekr X,2022,,,,,,"$35,431.10",,,,,,11287
2875,Great Wall Motors,ORA Ballet Cat,2016,,,,,,"$37,845.54",,,,,,17651
2876,VinFast,VF 7,2020,,,,,,"$125,220.18",,,,,,12990
2877,Maserati,GranTurismo Folgore,2024,,,,,,"$32,260.06",,,,,,9771
2878,Mini,Mini Cooper SE,2022,,,,,,"$138,236.83",,,,,,2245
2879,Skoda,Elroq (upcoming),2015,,,,,,"$78,257.61",,,,,,12371
2880,Faraday Future,FF 91,2018,,,,,,"$97,676.93",,,,,,19315
2881,Lucid Motors,Lucid DreamDrive,2015,,,,,,"$137,771.94",,,,,,13514
2882,Jeep,Grand Cherokee 4xe (PHEV),2022,,,,,,"$41,491.15",,,,,,18297
2883,Lamborghini,Revuelto (PHEV),2020,,,,,,"$90,462.37",,,,,,1682
2884,Polestar,Polestar 3,2023,,,,,,"$84,609.20",,,,,,5238
2885,Seat,Avenger,2023,,,,,,"$40,569.14",,,,,,19974
2886,Volvo,EX30,2025,,,,,,"$137,131.24",,,,,,13949
2887,Fisker,Ocean,2024,,,,,,"$117,494.54",,,,,,13576
2888,Skoda,Enyaq,2020,,,,,,"$36,238.30",,,,,,16096
2889,Hyundai,Ioniq 6,2016,,,,,,"$82,502.79",,,,,,14628
2890,MG,MG5 EV,2021,,,,,,"$87,557.67",,,,,,13631
2891,GMC,Hummer EV SUV,2025,,,,,,"$122,712.57",,,,,,13260
2892,Polestar,Polestar 3,2022,,,,,,"$138,743.20",,,,,,17189
2893,Ferrari,SF90 Stradale (PHEV),2024,,,,,,"$94,286.77",,,,,,5445
2894,Citroen,Ami,2021,,,,,,"$51,889.81",,,,,,5670
2895,Pininfarina,Battista,2021,,,,,,"$79,324.18",,,,,,1014
2896,Rivian,R1S,2019,,,,,,"$75,038.73",,,,,,19450
2897,Tesla,Model Y,2023,,,,,,"$104,697.82",,,,,,2161
2898,BYD,Dolphin,2020,,,,,,"$47,815.37",,,,,,11169
2899,BMW,i4,2020,,,,,,"$98,669.32",,,,,,2190
2900,Pininfarina,Battista,2016,,,,,,"$113,234.30",,,,,,6977
2901,Citroen,Ami,2021,,,,,,"$131,634.85",,,,,,13694
2902,BYD,Tang EV,2018,,,,,,"$100,658.50",,,,,,3778
2903,Changan,Deepal S07,2023,,,,,,"$53,155.57",,,,,,12790
2904,Ferrari,SF90 Stradale (PHEV),2022,,,,,,"$137,261.53",,,,,,5351
2905,VinFast,VF 7,2019,,,,,,"$101,588.05",,,,,,15896
2906,Polestar,Polestar 2,2021,,,,,,"$93,225.72",,,,,,9332
2907,Polestar,Polestar 5 (upcoming),2022,,,,,,"$126,545.10",,,,,,12551
2908,Rivian,R1S,2016,,,,,,"$99,914.52",,,,,,783
2909,Maserati,GranTurismo Folgore,2019,,,,,,"$100,560.66",,,,,,8832
2910,Lotus,Emeya,2023,,,,,,"$87,471.51",,,,,,7843
2911,Jeep,Wrangler 4xe (PHEV),2024,,,,,,"$61,249.44",,,,,,4933
2912,Lamborghini,Lanzador (upcoming EV),2016,,,,,,"$49,573.14",,,,,,8050
2913,Jaguar,I-PACE,2021,,,,,,"$142,875.36",,,,,,609
2914,Genesis,GV80 Electric,2023,,,,,,"$42,757.43",,,,,,14806
2915,Great Wall Motors,ORA Ballet Cat,2019,,,,,,"$147,890.83",,,,,,14406
2916,Citroen,Ami,2021,,,,,,"$77,079.42",,,,,,13437
2917,Subaru,Solterra,2019,,,,,,"$129,006.91",,,,,,8411
2918,Genesis,GV80 Electric,2019,,,,,,"$35,807.60",,,,,,8344
2919,Mercedes-Benz,EQC,2015,,,,,,"$133,019.06",,,,,,19617
2920,Chevrolet,Bolt EV,2024,,,,,,"$67,936.44",,,,,,14947
2921,MG,MG5 EV,2017,,,,,,"$50,946.50",,,,,,14283
2922,Subaru,Solterra,2015,,,,,,"$145,578.70",,,,,,11927
2923,Renault,Kangoo E-Tech,2019,,,,,,"$108,072.44",,,,,,8376
2924,Zeekr,Zeekr 009,2020,,,,,,"$126,025.02",,,,,,9919
2925,BMW,i3,2024,,,,,,"$91,216.23",,,,,,11129
2926,Honda,e:Ny1,2020,,,,,,"$148,253.34",,,,,,2774
2927,VinFast,VFe34 (discontinued),2019,,,,,,"$121,763.76",,,,,,10397
2928,BYD,Seagull,2023,,,,,,"$71,492.10",,,,,,756
2929,Acura,ZDX (with GM Ultium),2016,,,,,,"$84,519.99",,,,,,17535
2930,NIO,ES7,2018,,,,,,"$121,013.96",,,,,,5403
2931,Citroen,ë-C4,2016,,,,,,"$97,224.11",,,,,,7860
2932,Acura,ZDX (with GM Ultium),2017,,,,,,"$137,232.76",,,,,,12536
2933,MG,MG5 EV,2024,,,,,,"$83,108.65",,,,,,6800
2934,Nissan,Ariya,2016,,,,,,"$93,690.58",,,,,,5901
2935,MG,MG4 Electric,2024,,,,,,"$97,494.53",,,,,,13245
2936,Seat,Avenger,2022,,,,,,"$68,325.81",,,,,,3257
2937,Faraday Future,FF 91,2020,,,,,,"$96,259.98",,,,,,1495
2938,XPeng,X9,2015,,,,,,"$105,934.50",,,,,,5496
2939,Ford,E-Transit,2025,,,,,,"$87,319.80",,,,,,13
2940,Audi,e-tron GT,2015,,,,,,"$103,250.88",,,,,,14206
2941,Acura,ZDX (with GM Ultium),2021,,,,,,"$88,645.67",,,,,,817
2942,Polestar,Polestar 2,2025,,,,,,"$30,619.88",,,,,,10830
2943,Ferrari,SF90 Stradale (PHEV),2015,,,,,,"$75,982.18",,,,,,9724
2944,Lamborghini,Revuelto (PHEV),2016,,,,,,"$66,083.68",,,,,,2008
2945,Changan,Q05,2018,,,,,,"$44,669.85",,,,,,8428
2946,GMC,Hummer EV Pickup,2016,,,,,,"$62,570.85",,,,,,14741
2947,Nissan,Leaf,2018,,,,,,"$120,042.82",,,,,,19107
2948,Dacia,Jogger Hybrid,2022,,,,,,"$56,065.48",,,,,,6947
2949,Honda,Honda e (discontinued),2023,,,,,,"$48,469.77",,,,,,14226
2950,VinFast,VF 6,2021,,,,,,"$132,452.82",,,,,,2940
2951,Faraday Future,FF 91,2021,,,,,,"$138,825.89",,,,,,16892
2952,Zeekr,Zeekr 001,2016,,,,,,"$114,250.52",,,,,,4157
2953,Kia,Niro EV,2022,,,,,,"$93,696.17",,,,,,2793
2954,Ford,Explorer EV (Europe),2022,,,,,,"$84,240.01",,,,,,10064
2955,Mazda,Mazda EV (upcoming models),2018,,,,,,"$98,312.60",,,,,,12446
2956,Jeep,Recon (upcoming),2022,,,,,,"$105,178.61",,,,,,15742
2957,Nissan,Leaf,2019,,,,,,"$145,949.76",,,,,,19985
2958,Renault,5 E-Tech,2017,,,,,,"$48,113.67",,,,,,19943
2959,Fisker,Ocean,2018,,,,,,"$45,084.58",,,,,,2853
2960,Renault,Kangoo E-Tech,2021,,,,,,"$141,614.73",,,,,,8982
2961,Rivian,R1S,2018,,,,,,"$105,479.50",,,,,,13906
2962,NIO,ET9,2016,,,,,,"$104,068.10",,,,,,7741
2963,Subaru,Solterra,2015,,,,,,"$70,271.91",,,,,,17242
2964,NIO,ET9,2022,,,,,,"$52,469.48",,,,,,12889
2965,Volvo,EX30,2015,,,,,,"$119,074.24",,,,,,13137
2966,XPeng,X9,2020,,,,,,"$74,484.80",,,,,,10738
2967,Genesis,G80 Electric,2015,,,,,,"$72,533.65",,,,,,13631
2968,Subaru,Solterra,2023,,,,,,"$84,736.45",,,,,,5782
2969,VinFast,VF 7,2019,,,,,,"$31,855.91",,,,,,10204
2970,Kia,EV6,2016,,,,,,"$41,978.04",,,,,,5551
2971,MG,MG4 Electric,2020,,,,,,"$46,160.23",,,,,,10541
2972,Genesis,GV80 Electric,2018,,,,,,"$63,814.09",,,,,,6301
2973,VinFast,VFe34 (discontinued),2024,,,,,,"$61,370.97",,,,,,5064
2974,Ferrari,SF90 Stradale (PHEV),2022,,,,,,"$96,611.68",,,,,,10493
2975,Porsche,Cayenne Electric (upcoming),2015,,,,,,"$44,414.92",,,,,,10884
2976,Changan,Q05,2017,,,,,,"$124,317.19",,,,,,2310
2977,Maserati,Grecale Folgore,2021,,,,,,"$114,912.49",,,,,,11416
2978,Audi,A6 e-tron (upcoming),2023,,,,,,"$46,090.92",,,,,,18304
2979,Rivian,R1S,2023,,,,,,"$76,853.14",,,,,,8825
2980,Rimac,Nevera,2024,,,,,,"$73,134.79",,,,,,7243
2981,XPeng,G6,2025,,,,,,"$101,984.41",,,,,,4901
2982,Li Auto,L7,2019,,,,,,"$135,029.60",,,,,,5138
2983,Chevrolet,Bolt EUV,2022,,,,,,"$132,097.15",,,,,,5299
2984,Toyota,Lexus RZ,2023,,,,,,"$35,151.20",,,,,,13036
2985,Peugeot,e-208,2022,,,,,,"$109,440.37",,,,,,10544
2986,Rimac,Nevera,2025,,,,,,"$138,556.89",,,,,,8799
2987,Canoo,MPDV,2015,,,,,,"$55,327.67",,,,,,9353
2988,Skoda,Enyaq,2015,,,,,,"$34,774.36",,,,,,11781
2989,Seat,Avenger,2017,,,,,,"$76,360.66",,,,,,3096
2990,BMW,i3,2021,,,,,,"$110,981.46",,,,,,504
2991,Opel,Grandland Electric,2022,,,,,,"$129,135.71",,,,,,11705
2992,Volkswagen,ID.5,2023,,,,,,"$73,210.77",,,,,,5498
2993,XPeng,G9,2023,,,,,,"$71,208.54",,,,,,16702
2994,Volkswagen,ID.7,2019,,,,,,"$30,726.36",,,,,,12636
2995,Citroen,ë-C4,2022,,,,,,"$132,330.01",,,,,,11926
2996,GMC,Hummer EV SUV,2020,,,,,,"$59,538.11",,,,,,2854
2997,Lotus,Eletre,2016,,,,,,"$128,150.81",,,,,,19435
2998,Pininfarina,Battista,2022,,,,,,"$62,556.49",,,,,,16933
2999,Jeep,Grand Cherokee 4xe (PHEV),2023,,,,,,"$93,173.32",,,,,,9598
3000,Hyundai,Ioniq 7 (upcoming),2025,,,,,,"$118,326.64",,,,,,650
3001,Rimac,Nevera,2019,,,,,,"$104,540.55",,,,,,5589
3002,Lotus,Eletre,2018,,,,,,"$43,103.48",,,,,,8574
3003,Jeep,Grand Cherokee 4xe (PHEV),2018,,,,,,"$51,734.97",,,,,,15244
3004,Opel,Corsa-e,2020,,,,,,"$79,398.55",,,,,,1091
3005,Lotus,Evija,2016,,,,,,"$129,649.85",,,,,,12299
3006,Polestar,Polestar 4,2021,,,,,,"$95,673.93",,,,,,2888
3007,Skoda,Elroq (upcoming),2018,,,,,,"$53,758.94",,,,,,17563
3008,Mercedes-Benz,EQS SUV,2015,,,,,,"$108,616.56",,,,,,1489
3009,Audi,e-tron,2018,,,,,,"$139,528.87",,,,,,16115
3010,Citroen,ë-Spacetourer,2021,,,,,,"$73,917.98",,,,,,5041
3011,Honda,e:Ny1,2024,,,,,,"$35,081.17",,,,,,108
3012,GMC,Hummer EV Pickup,2021,,,,,,"$60,224.23",,,,,,13512
3013,XPeng,G9,2020,,,,,,"$68,768.97",,,,,,5545
3014,Porsche,Taycan,2019,,,,,,"$98,898.46",,,,,,12510
3015,Pininfarina,Battista,2025,,,,,,"$47,638.19",,,,,,18146
3016,Skoda,Enyaq,2019,,,,,,"$65,753.59",,,,,,7583
3017,Volkswagen,ID.2all,2015,,,,,,"$142,589.43",,,,,,19203
3018,Ferrari,SF90 Stradale (PHEV),2018,,,,,,"$43,988.90",,,,,,13366
3019,Mahindra,Born Electric (upcoming range),2019,,,,,,"$142,072.84",,,,,,15235
3020,Cadillac,Lyriq,2021,,,,,,"$88,218.53",,,,,,13808
3021,Mahindra,XUV400,2021,,,,,,"$110,221.30",,,,,,9854
3022,MG,MG4 Electric,2016,,,,,,"$148,993.26",,,,,,5786